station,year,month,tmax,tmin,af,rain,sun
Armagh,1853,1,,,,57.3,
Armagh,1853,2,,,,32.3,
Armagh,1853,3,,,,65.5,
Armagh,1853,4,,,,46.2,
Armagh,1853,5,,,,13.2,
Armagh,1853,6,,,,53.3,
Armagh,1853,7,,,,78.0,
Armagh,1853,8,,,,56.6,
Armagh,1853,9,,,,24.5,
Armagh,1853,10,,,,94.8,
Armagh,1853,11,,,,75.5,
Armagh,1853,12,,,,39.1,
Armagh,1854,1,,,,78.9,
Armagh,1854,2,,,,38.8,
Armagh,1854,3,,,,41.2,
Armagh,1854,4,,,,4.5,
Armagh,1854,5,,,,73.5,
Armagh,1854,6,,,,115.4,
Armagh,1854,7,,,,133.1,
Armagh,1854,8,,,,65.6,
Armagh,1854,9,,,,42.4,
Armagh,1854,10,,,,73.6,
Armagh,1854,11,,,,63.0,
Armagh,1854,12,,,,107.2,
Armagh,1855,1,,,,7.3,
Armagh,1855,2,,,,38.7,
Armagh,1855,3,,,,54.2,
Armagh,1855,4,,,,34.2,
Armagh,1855,5,,,,62.2,
Armagh,1855,6,,,,60.2,
Armagh,1855,7,,,,71.5,
Armagh,1855,8,,,,83.3,
Armagh,1855,9,,,,37.4,
Armagh,1855,10,,,,81.9,
Armagh,1855,11,,,,17.4,
Armagh,1855,12,,,,54.3,
Armagh,1856,1,,,,58.7,
Armagh,1856,2,,,,38.8,
Armagh,1856,3,,,,21.1,
Armagh,1856,4,,,,26.3,
Armagh,1856,5,,,,107.4,
Armagh,1856,6,,,,58.1,
Armagh,1856,7,,,,39.4,
Armagh,1856,8,,,,66.9,
Armagh,1856,9,,,,80.1,
Armagh,1856,10,,,,36.5,
Armagh,1856,11,,,,36.1,
Armagh,1856,12,,,,90.5,
Armagh,1857,1,,,,82.7,
Armagh,1857,2,,,,41.6,
Armagh,1857,3,,,,99.3,
Armagh,1857,4,,,,112.2,
Armagh,1857,5,,,,31.6,
Armagh,1857,6,,,,47.5,
Armagh,1857,7,,,,70.5,
Armagh,1857,8,,,,76.0,
Armagh,1857,9,,,,45.7,
Armagh,1857,10,,,,40.2,
Armagh,1857,11,,,,84.6,
Armagh,1857,12,,,,42.7,
Armagh,1858,1,,,,37.0,
Armagh,1858,2,,,,32.8,
Armagh,1858,3,,,,27.4,
Armagh,1858,4,,,,133.8,
Armagh,1858,5,,,,83.9,
Armagh,1858,6,,,,26.3,
Armagh,1858,7,,,,78.5,
Armagh,1858,8,,,,84.6,
Armagh,1858,9,,,,47.1,
Armagh,1858,10,,,,61.8,
Armagh,1858,11,,,,30.1,
Armagh,1858,12,,,,93.2,
Armagh,1859,1,,,,72.1,
Armagh,1859,2,,,,36.4,
Armagh,1859,3,,,,64.9,
Armagh,1859,4,,,,62.1,
Armagh,1859,5,,,,10.3,
Armagh,1859,6,,,,33.7,
Armagh,1859,7,,,,47.0,
Armagh,1859,8,,,,81.8,
Armagh,1859,9,,,,102.2,
Armagh,1859,10,,,,38.7,
Armagh,1859,11,,,,84.9,
Armagh,1859,12,,,,63.2,
Armagh,1860,1,,,,89.3,
Armagh,1860,2,,,,28.4,
Armagh,1860,3,,,,52.5,
Armagh,1860,4,,,,37.4,
Armagh,1860,5,,,,78.3,
Armagh,1860,6,,,,94.6,
Armagh,1860,7,,,,34.9,
Armagh,1860,8,,,,126.0,
Armagh,1860,9,,,,23.1,
Armagh,1860,10,,,,56.1,
Armagh,1860,11,,,,47.4,
Armagh,1860,12,,,,54.2,
Armagh,1861,1,,,,86.4,
Armagh,1861,2,,,,68.0,
Armagh,1861,3,,,,126.4,
Armagh,1861,4,,,,28.7,
Armagh,1861,5,,,,23.9,
Armagh,1861,6,,,,158.9,
Armagh,1861,7,,,,115.8,
Armagh,1861,8,,,,138.5,
Armagh,1861,9,,,,103.4,
Armagh,1861,10,,,,69.0,
Armagh,1861,11,,,,81.8,
Armagh,1861,12,,,,54.5,
Armagh,1862,1,,,,118.8,
Armagh,1862,2,,,,25.1,
Armagh,1862,3,,,,77.1,
Armagh,1862,4,,,,69.8,
Armagh,1862,5,,,,109.3,
Armagh,1862,6,,,,87.0,
Armagh,1862,7,,,,103.6,
Armagh,1862,8,,,,60.5,
Armagh,1862,9,,,,43.9,
Armagh,1862,10,,,,121.0,
Armagh,1862,11,,,,46.0,
Armagh,1862,12,,,,84.4,
Armagh,1863,1,,,,72.1,
Armagh,1863,2,,,,20.5,
Armagh,1863,3,,,,42.9,
Armagh,1863,4,,,,44.1,
Armagh,1863,5,,,,41.9,
Armagh,1863,6,,,,106.4,
Armagh,1863,7,,,,6.7,
Armagh,1863,8,,,,88.9,
Armagh,1863,9,,,,99.3,
Armagh,1863,10,,,,144.5,
Armagh,1863,11,,,,78.0,
Armagh,1863,12,,,,52.0,
Armagh,1864,1,,,,46.3,
Armagh,1864,2,,,,35.6,
Armagh,1864,3,,,,58.6,
Armagh,1864,4,,,,50.2,
Armagh,1864,5,,,,47.2,
Armagh,1864,6,,,,57.8,
Armagh,1864,7,,,,43.5,
Armagh,1864,8,,,,56.4,
Armagh,1864,9,,,,71.6,
Armagh,1864,10,,,,63.2,
Armagh,1864,11,,,,144.1,
Armagh,1864,12,,,,53.9,
Armagh,1865,1,,,,73.9,
Armagh,1865,2,,,,114.3,
Armagh,1865,3,,,,59.0,
Armagh,1865,4,14.8,5.5,0.0,25.7,
Armagh,1865,5,15.7,8.0,0.0,108.9,
Armagh,1865,6,21.0,11.6,0.0,16.0,
Armagh,1865,7,20.5,12.5,0.0,51.8,
Armagh,1865,8,19.0,11.4,0.0,88.0,
Armagh,1865,9,20.4,11.6,0.0,12.4,
Armagh,1865,10,13.7,6.8,0.0,139.8,
Armagh,1865,11,9.6,3.1,2.0,52.3,
Armagh,1865,12,9.7,4.9,0.0,90.8,
Armagh,1866,1,8.2,2.5,4.0,110.4,
Armagh,1866,2,7.7,0.9,8.0,64.0,
Armagh,1866,3,8.3,1.7,12.0,66.6,
Armagh,1866,4,12.2,4.6,1.0,52.9,
Armagh,1866,5,15.0,5.7,0.0,40.2,
Armagh,1866,6,18.5,10.5,0.0,48.0,
Armagh,1866,7,19.9,12.0,0.0,62.4,
Armagh,1866,8,17.9,10.6,0.0,92.5,
Armagh,1866,9,15.1,7.6,0.0,99.3,
Armagh,1866,10,13.5,7.2,0.0,56.0,
Armagh,1866,11,10.2,4.4,0.0,85.0,
Armagh,1866,12,9.5,3.4,3.0,,
Armagh,1867,1,4.2,-2.2,18.0,121.0,
Armagh,1867,2,9.8,4.1,0.0,93.6,
Armagh,1867,3,7.0,0.5,13.0,56.1,
Armagh,1867,4,12.8,5.9,0.0,134.2,
Armagh,1867,5,15.4,7.5,0.0,107.6,
Armagh,1867,6,18.9,10.8,0.0,23.2,
Armagh,1867,7,19.6,11.0,0.0,108.4,
Armagh,1867,8,19.9,12.2,0.0,68.1,
Armagh,1867,9,17.1,9.7,0.0,35.4,
Armagh,1867,10,12.8,6.6,0.0,125.2,
Armagh,1867,11,9.0,3.3,4.0,25.0,
Armagh,1867,12,7.8,2.4,9.0,55.6,
Armagh,1868,1,7.3,1.9,7.0,138.2,
Armagh,1868,2,9.9,3.5,3.0,96.8,
Armagh,1868,3,11.2,4.1,1.0,128.1,
Armagh,1868,4,14.1,5.6,0.0,76.7,
Armagh,1868,5,16.9,8.1,0.0,47.8,
Armagh,1868,6,19.9,10.7,0.0,28.8,
Armagh,1868,7,22.9,13.0,0.0,29.3,
Armagh,1868,8,19.7,11.5,0.0,91.1,
Armagh,1868,9,17.1,9.7,0.0,53.8,
Armagh,1868,10,12.0,4.6,1.0,73.1,
Armagh,1868,11,7.9,2.2,6.0,111.7,
Armagh,1868,12,9.5,3.6,2.0,162.9,
Armagh,1869,1,8.5,4.1,2.0,91.6,
Armagh,1869,2,10.4,4.8,0.0,183.1,
Armagh,1869,3,8.1,1.1,10.0,66.0,
Armagh,1869,4,14.5,5.6,0.0,86.8,
Armagh,1869,5,12.6,5.0,0.0,71.3,
Armagh,1869,6,17.9,8.8,0.0,31.4,
Armagh,1869,7,22.5,12.6,0.0,46.0,
Armagh,1869,8,19.7,11.0,0.0,43.8,
Armagh,1869,9,17.0,10.0,0.0,125.7,
Armagh,1869,10,14.2,7.6,0.0,51.0,
Armagh,1869,11,10.4,3.1,9.0,123.7,
Armagh,1869,12,6.2,-0.5,12.0,162.8,
Armagh,1870,1,6.9,1.0,11.0,92.1,
Armagh,1870,2,6.7,0.2,12.0,68.6,
Armagh,1870,3,10.2,2.4,7.0,36.2,
Armagh,1870,4,14.5,5.1,0.0,33.5,
Armagh,1870,5,16.0,7.4,0.0,60.1,
Armagh,1870,6,19.8,10.5,0.0,23.7,
Armagh,1870,7,21.6,12.7,0.0,41.3,
Armagh,1870,8,21.6,11.1,0.0,51.9,
Armagh,1870,9,18.2,10.3,0.0,75.0,
Armagh,1870,10,13.1,5.7,1.0,226.4,
Armagh,1870,11,8.5,2.1,7.0,45.3,
Armagh,1870,12,4.7,-1.5,17.0,91.1,
Armagh,1871,1,5.1,-0.1,14.0,104.8,
Armagh,1871,2,10.2,4.8,0.0,88.5,
Armagh,1871,3,11.6,3.2,4.0,52.7,
Armagh,1871,4,13.2,5.3,1.0,86.0,
Armagh,1871,5,17.4,7.1,0.0,10.1,
Armagh,1871,6,18.5,10.0,0.0,44.3,
Armagh,1871,7,19.8,11.2,0.0,118.1,
Armagh,1871,8,20.8,12.0,0.0,65.6,
Armagh,1871,9,16.0,8.3,0.0,102.1,
Armagh,1871,10,13.8,6.7,0.0,74.4,
Armagh,1871,11,8.4,2.5,5.0,50.3,
Armagh,1871,12,7.6,1.1,9.0,64.7,
Armagh,1872,1,7.9,1.5,8.0,150.4,
Armagh,1872,2,9.9,4.2,0.0,86.5,
Armagh,1872,3,10.6,3.6,4.0,67.5,
Armagh,1872,4,13.1,4.5,0.0,106.7,
Armagh,1872,5,14.4,6.2,0.0,55.5,
Armagh,1872,6,18.2,9.5,0.0,93.8,
Armagh,1872,7,21.3,12.7,0.0,64.2,
Armagh,1872,8,19.8,11.9,0.0,65.1,
Armagh,1872,9,16.4,9.7,0.0,131.9,
Armagh,1872,10,11.8,4.5,1.0,133.5,
Armagh,1872,11,9.2,2.8,3.0,135.0,
Armagh,1872,12,7.4,2.0,11.0,158.9,
Armagh,1873,1,7.8,1.9,6.0,152.7,
Armagh,1873,2,6.2,-0.4,14.0,12.5,
Armagh,1873,3,9.2,2.1,6.0,53.8,
Armagh,1873,4,13.1,4.6,2.0,13.7,
Armagh,1873,5,15.3,6.1,0.0,49.0,
Armagh,1873,6,19.8,10.7,0.0,34.9,
Armagh,1873,7,20.5,12.5,0.0,134.1,
Armagh,1873,8,18.6,11.6,0.0,123.6,
Armagh,1873,9,16.2,7.8,0.0,70.6,
Armagh,1873,10,11.9,4.5,5.0,79.8,
Armagh,1873,11,9.3,2.9,0.0,79.8,
Armagh,1873,12,9.9,4.1,3.0,36.4,
Armagh,1874,1,8.9,2.6,3.0,74.8,
Armagh,1874,2,9.0,2.4,3.0,55.0,
Armagh,1874,3,11.4,4.1,4.0,60.7,
Armagh,1874,4,14.8,5.5,0.0,55.3,
Armagh,1874,5,15.2,6.6,0.0,29.0,
Armagh,1874,6,20.0,9.5,0.0,28.9,
Armagh,1874,7,21.6,12.4,0.0,76.7,
Armagh,1874,8,19.7,11.1,0.0,105.7,
Armagh,1874,9,16.2,9.5,0.0,79.0,
Armagh,1874,10,12.7,4.9,0.0,97.2,
Armagh,1874,11,10.4,4.4,1.0,81.7,
Armagh,1874,12,4.8,-1.6,21.0,77.3,
Armagh,1875,1,9.7,3.9,3.0,98.9,
Armagh,1875,2,7.3,1.1,6.0,43.7,
Armagh,1875,3,9.5,2.9,3.0,30.8,
Armagh,1875,4,14.7,4.5,0.0,8.4,
Armagh,1875,5,17.7,8.2,0.0,42.7,
Armagh,1875,6,18.6,9.5,0.0,83.4,
Armagh,1875,7,19.5,10.0,0.0,96.3,
Armagh,1875,8,20.7,12.8,0.0,95.0,
Armagh,1875,9,18.3,11.1,0.0,128.1,
Armagh,1875,10,12.8,6.5,0.0,120.9,
Armagh,1875,11,8.6,2.6,8.0,100.8,
Armagh,1875,12,7.3,0.8,12.0,51.6,
Armagh,1876,1,8.3,2.3,8.0,33.4,
Armagh,1876,2,8.5,1.0,9.0,99.8,
Armagh,1876,3,8.3,0.2,14.0,90.3,
Armagh,1876,4,12.5,3.7,4.0,46.1,
Armagh,1876,5,15.7,6.2,0.0,12.0,
Armagh,1876,6,19.1,9.3,0.0,38.6,
Armagh,1876,7,21.8,11.5,0.0,52.3,
Armagh,1876,8,20.5,11.1,0.0,66.1,
Armagh,1876,9,16.4,9.0,0.0,70.6,
Armagh,1876,10,14.2,8.7,0.0,98.6,
Armagh,1876,11,9.8,4.3,5.0,71.5,
Armagh,1876,12,9.1,3.3,6.0,178.3,
Armagh,1877,1,8.5,2.0,5.0,133.5,
Armagh,1877,2,9.4,2.8,3.0,76.8,
Armagh,1877,3,9.8,1.5,9.0,73.2,
Armagh,1877,4,10.7,3.8,0.0,81.4,
Armagh,1877,5,14.3,5.3,1.0,69.1,
Armagh,1877,6,19.7,10.3,0.0,78.0,
Armagh,1877,7,19.0,10.8,0.0,80.7,
Armagh,1877,8,18.9,11.0,0.0,77.8,
Armagh,1877,9,16.0,7.6,0.0,47.8,
Armagh,1877,10,13.9,6.7,0.0,87.1,
Armagh,1877,11,10.0,3.3,2.0,95.9,
Armagh,1877,12,8.4,1.9,6.0,88.6,
Armagh,1878,1,8.5,2.3,6.0,90.6,
Armagh,1878,2,9.6,3.5,2.0,42.8,
Armagh,1878,3,10.2,2.9,8.0,38.3,
Armagh,1878,4,13.8,5.2,2.0,34.3,
Armagh,1878,5,16.3,7.9,0.0,105.8,
Armagh,1878,6,19.4,10.6,0.0,91.4,
Armagh,1878,7,21.5,12.2,0.0,4.3,
Armagh,1878,8,20.6,12.5,0.0,72.5,
Armagh,1878,9,17.8,9.9,0.0,109.5,
Armagh,1878,10,13.9,7.4,0.0,75.5,
Armagh,1878,11,6.9,-0.3,16.0,42.8,
Armagh,1878,12,3.3,-4.2,27.0,47.1,
Armagh,1879,1,4.2,-2.0,21.0,45.0,
Armagh,1879,2,6.7,0.7,9.0,43.6,
Armagh,1879,3,8.6,1.0,10.0,52.2,
Armagh,1879,4,10.9,2.6,4.0,61.4,
Armagh,1879,5,14.4,4.8,0.0,87.6,
Armagh,1879,6,17.8,9.8,0.0,136.2,
Armagh,1879,7,17.7,10.6,0.0,133.2,
Armagh,1879,8,18.7,10.5,0.0,81.1,
Armagh,1879,9,15.7,8.2,0.0,96.0,
Armagh,1879,10,12.4,5.5,1.0,38.5,
Armagh,1879,11,9.0,2.9,5.0,35.4,
Armagh,1879,12,5.4,-1.4,16.0,49.0,
Armagh,1880,1,6.8,1.3,9.0,35.0,
Armagh,1880,2,9.7,3.0,3.0,67.2,
Armagh,1880,3,11.3,3.2,2.0,48.9,
Armagh,1880,4,12.7,3.9,0.0,108.6,
Armagh,1880,5,16.1,6.5,0.0,27.2,
Armagh,1880,6,17.0,9.7,0.0,111.9,
Armagh,1880,7,17.1,10.9,0.0,149.1,
Armagh,1880,8,19.6,13.1,0.0,27.7,
Armagh,1880,9,17.1,10.6,0.0,105.7,
Armagh,1880,10,9.4,3.4,4.0,28.4,
Armagh,1880,11,8.1,2.8,6.0,88.4,
Armagh,1880,12,6.9,2.2,12.0,64.2,
Armagh,1881,1,2.0,-3.3,20.0,10.3,
Armagh,1881,2,6.2,1.6,7.0,70.5,
Armagh,1881,3,8.3,2.2,12.0,81.6,
Armagh,1881,4,10.4,3.8,5.0,52.0,
Armagh,1881,5,15.6,7.4,0.0,52.3,
Armagh,1881,6,15.9,9.2,0.0,103.6,
Armagh,1881,7,17.9,11.0,0.0,64.4,
Armagh,1881,8,16.0,9.8,0.0,106.8,
Armagh,1881,9,14.9,8.5,0.0,57.1,
Armagh,1881,10,10.8,5.1,3.0,56.7,
Armagh,1881,11,11.5,5.9,0.0,87.8,
Armagh,1881,12,6.2,1.2,9.0,74.6,
Armagh,1882,1,8.3,3.9,0.0,47.6,
Armagh,1882,2,9.5,4.7,0.0,47.4,
Armagh,1882,3,10.4,4.2,1.0,76.2,
Armagh,1882,4,11.1,4.0,1.0,93.8,
Armagh,1882,5,15.3,6.3,0.0,86.1,
Armagh,1882,6,16.2,8.9,0.0,77.3,
Armagh,1882,7,17.4,11.0,0.0,124.7,
Armagh,1882,8,17.7,11.2,0.0,78.8,
Armagh,1882,9,14.0,7.6,0.0,78.3,
Armagh,1882,10,12.3,6.6,1.0,66.0,
Armagh,1882,11,7.9,1.9,6.0,114.0,
Armagh,1882,12,4.7,-0.1,11.0,87.2,
Armagh,1883,1,7.5,2.8,1.0,99.5,
Armagh,1883,2,7.9,2.9,2.0,102.2,
Armagh,1883,3,6.5,-0.2,17.0,32.4,
Armagh,1883,4,11.9,3.6,1.0,50.3,
Armagh,1883,5,14.0,6.0,0.0,53.2,
Armagh,1883,6,16.3,9.0,0.0,72.1,
Armagh,1883,7,16.6,9.8,0.0,51.5,
Armagh,1883,8,17.5,11.1,0.0,58.7,
Armagh,1883,9,15.2,9.2,0.0,125.0,
Armagh,1883,10,12.3,6.2,0.0,78.7,
Armagh,1883,11,8.2,2.7,3.0,107.4,
Armagh,1883,12,7.7,2.6,4.0,54.5,
Armagh,1884,1,8.1,3.7,3.0,113.9,
Armagh,1884,2,7.4,2.4,2.0,88.0,
Armagh,1884,3,9.0,3.6,2.0,85.6,
Armagh,1884,4,11.2,3.2,2.0,42.6,
Armagh,1884,5,14.6,5.9,0.0,75.8,
Armagh,1884,6,17.4,8.9,0.0,21.3,
Armagh,1884,7,18.4,11.5,0.0,95.2,
Armagh,1884,8,18.8,11.8,0.0,62.5,
Armagh,1884,9,16.8,9.5,0.0,71.5,
Armagh,1884,10,12.2,5.9,0.0,93.6,
Armagh,1884,11,8.2,4.6,0.0,51.1,
Armagh,1884,12,6.2,1.6,6.0,86.1,
Armagh,1885,1,6.5,1.5,6.0,54.9,
Armagh,1885,2,8.9,1.7,7.0,77.3,
Armagh,1885,3,8.5,0.2,16.0,43.5,
Armagh,1885,4,11.1,3.4,2.0,62.1,
Armagh,1885,5,12.6,3.9,1.0,38.0,
Armagh,1885,6,17.0,7.2,0.0,14.1,
Armagh,1885,7,19.8,10.2,0.0,48.5,
Armagh,1885,8,18.5,9.0,0.0,49.5,
Armagh,1885,9,15.3,7.2,0.0,110.6,
Armagh,1885,10,10.1,3.5,3.0,74.2,
Armagh,1885,11,8.8,3.2,5.0,46.2,
Armagh,1885,12,6.9,1.8,11.0,36.0,
Armagh,1886,1,4.7,-0.8,18.0,107.9,
Armagh,1886,2,5.9,0.7,11.0,50.4,
Armagh,1886,3,7.5,1.3,16.0,61.6,
Armagh,1886,4,11.4,2.5,6.0,33.1,
Armagh,1886,5,13.6,5.1,0.0,90.0,
Armagh,1886,6,17.0,8.6,0.0,41.8,
Armagh,1886,7,18.4,10.3,0.0,76.3,
Armagh,1886,8,18.5,10.4,0.0,63.0,
Armagh,1886,9,15.8,7.7,0.0,83.6,
Armagh,1886,10,13.1,7.0,0.0,120.5,
Armagh,1886,11,9.7,3.7,0.0,75.0,
Armagh,1886,12,4.6,1.1,10.0,106.1,
Armagh,1887,1,6.6,1.2,12.0,54.4,
Armagh,1887,2,8.5,1.6,8.0,34.1,
Armagh,1887,3,8.1,0.7,12.0,25.6,
Armagh,1887,4,10.8,1.1,12.0,37.1,
Armagh,1887,5,14.5,5.7,1.0,34.0,
Armagh,1887,6,21.5,10.3,0.0,16.9,
Armagh,1887,7,20.2,11.7,0.0,81.9,
Armagh,1887,8,18.7,9.9,0.0,111.0,
Armagh,1887,9,15.2,6.8,0.0,43.8,
Armagh,1887,10,10.6,4.4,2.0,45.6,
Armagh,1887,11,7.4,1.5,7.0,57.3,
Armagh,1887,12,6.2,0.6,11.0,64.8,
Armagh,1888,1,8.0,2.2,8.0,38.2,
Armagh,1888,2,5.9,-0.1,17.0,7.4,
Armagh,1888,3,6.4,-0.5,18.0,77.0,
Armagh,1888,4,10.8,2.7,5.0,42.1,
Armagh,1888,5,15.1,5.2,0.0,55.3,
Armagh,1888,6,16.8,8.2,0.0,123.6,
Armagh,1888,7,16.8,9.4,0.0,110.7,
Armagh,1888,8,17.5,9.1,0.0,64.8,
Armagh,1888,9,15.1,6.8,0.0,23.9,
Armagh,1888,10,12.4,5.0,2.0,30.5,
Armagh,1888,11,10.0,4.9,1.0,112.8,
Armagh,1888,12,8.3,2.6,7.0,59.6,
Armagh,1889,1,7.5,2.0,6.0,56.5,
Armagh,1889,2,7.0,0.4,11.0,37.5,
Armagh,1889,3,9.3,2.2,11.0,43.5,
Armagh,1889,4,10.0,3.6,0.0,80.9,
Armagh,1889,5,15.7,7.8,0.0,80.1,
Armagh,1889,6,19.1,8.7,0.0,6.2,
Armagh,1889,7,18.6,9.1,0.0,73.9,
Armagh,1889,8,17.0,10.2,0.0,169.0,
Armagh,1889,9,16.0,9.0,0.0,53.6,
Armagh,1889,10,11.6,4.5,1.0,84.0,
Armagh,1889,11,9.9,4.5,5.0,35.1,
Armagh,1889,12,8.3,2.7,4.0,57.6,
Armagh,1890,1,8.8,2.6,5.0,77.4,
Armagh,1890,2,6.9,1.5,6.0,21.0,
Armagh,1890,3,9.9,2.7,8.0,65.8,
Armagh,1890,4,12.0,2.6,4.0,33.3,
Armagh,1890,5,15.2,6.9,0.0,35.1,
Armagh,1890,6,17.1,9.2,0.0,64.3,
Armagh,1890,7,17.6,9.3,0.0,58.2,
Armagh,1890,8,17.1,8.4,0.0,86.9,
Armagh,1890,9,17.8,10.3,0.0,72.5,
Armagh,1890,10,13.5,6.6,0.0,60.7,
Armagh,1890,11,9.7,2.8,6.0,154.4,
Armagh,1890,12,5.1,0.2,13.0,39.8,
Armagh,1891,1,5.9,0.1,10.0,31.8,
Armagh,1891,2,10.1,2.2,6.0,5.5,
Armagh,1891,3,8.4,0.2,14.0,44.1,
Armagh,1891,4,9.8,1.7,6.0,55.3,
Armagh,1891,5,13.5,4.3,1.0,53.0,
Armagh,1891,6,18.9,9.7,0.0,67.8,
Armagh,1891,7,18.4,10.5,0.0,39.4,
Armagh,1891,8,17.2,10.4,0.0,122.6,
Armagh,1891,9,17.2,9.4,0.0,41.5,
Armagh,1891,10,12.7,4.4,4.0,86.5,
Armagh,1891,11,8.2,2.3,4.0,67.0,
Armagh,1891,12,7.8,2.0,6.0,109.1,
Armagh,1892,1,5.4,-0.5,14.0,52.6,
Armagh,1892,2,6.7,1.4,10.0,27.5,
Armagh,1892,3,7.4,-1.0,21.0,18.4,
Armagh,1892,4,13.1,1.4,9.0,17.9,
Armagh,1892,5,15.3,6.4,1.0,129.7,
Armagh,1892,6,17.2,7.5,0.0,65.6,
Armagh,1892,7,17.3,9.3,0.0,67.9,
Armagh,1892,8,17.7,10.2,0.0,196.1,
Armagh,1892,9,14.9,7.3,0.0,57.5,
Armagh,1892,10,10.3,2.4,6.0,59.3,
Armagh,1892,11,9.8,3.8,3.0,94.5,
Armagh,1892,12,5.6,0.4,15.0,38.7,
Armagh,1893,1,5.9,1.4,9.0,52.3,
Armagh,1893,2,7.6,1.8,7.0,59.9,
Armagh,1893,3,11.6,3.1,1.0,25.4,
Armagh,1893,4,14.8,4.4,2.0,26.0,
Armagh,1893,5,16.1,8.3,0.0,25.7,
Armagh,1893,6,19.6,9.8,0.0,40.6,
Armagh,1893,7,19.4,10.8,0.0,59.6,
Armagh,1893,8,19.8,11.6,0.0,111.5,
Armagh,1893,9,16.1,7.8,0.0,36.0,
Armagh,1893,10,12.7,5.1,2.0,72.4,
Armagh,1893,11,8.2,1.8,10.0,36.8,
Armagh,1893,12,7.7,2.5,5.0,71.0,
Armagh,1894,1,6.2,0.7,11.0,119.3,
Armagh,1894,2,9.0,2.5,3.0,89.9,
Armagh,1894,3,11.1,1.9,5.0,44.8,
Armagh,1894,4,12.7,5.7,0.0,65.6,
Armagh,1894,5,12.6,3.8,4.0,65.8,
Armagh,1894,6,16.7,7.9,0.0,77.3,
Armagh,1894,7,18.7,10.5,0.0,86.5,
Armagh,1894,8,16.7,10.0,0.0,59.2,
Armagh,1894,9,15.4,5.6,0.0,2.0,
Armagh,1894,10,12.4,5.0,5.0,112.3,
Armagh,1894,11,10.2,4.0,3.0,51.2,
Armagh,1894,12,8.1,2.6,6.0,69.0,
Armagh,1895,1,2.9,-2.5,21.0,53.2,
Armagh,1895,2,3.1,-4.2,22.0,9.7,
Armagh,1895,3,8.9,2.8,6.0,85.5,
Armagh,1895,4,11.8,3.6,4.0,29.1,
Armagh,1895,5,16.9,6.1,0.0,6.7,
Armagh,1895,6,20.0,8.0,0.0,56.9,
Armagh,1895,7,17.8,9.6,0.0,134.0,
Armagh,1895,8,18.1,10.3,0.0,115.3,
Armagh,1895,9,19.0,9.8,0.0,30.6,
Armagh,1895,10,10.7,2.7,9.0,81.0,
Armagh,1895,11,9.5,3.4,5.0,76.6,
Armagh,1895,12,5.9,1.3,7.0,93.8,
Armagh,1896,1,8.0,3.1,5.0,41.6,
Armagh,1896,2,9.2,4.0,0.0,32.2,
Armagh,1896,3,9.8,2.6,1.0,73.2,
Armagh,1896,4,13.4,5.2,0.0,32.3,
Armagh,1896,5,17.6,6.7,1.0,15.8,
Armagh,1896,6,19.4,10.1,0.0,84.2,
Armagh,1896,7,18.3,10.0,0.0,172.7,
Armagh,1896,8,17.4,8.6,0.0,41.4,
Armagh,1896,9,15.3,8.2,0.0,124.4,
Armagh,1896,10,9.8,2.3,7.0,55.9,
Armagh,1896,11,8.3,2.1,7.0,22.4,
Armagh,1896,12,6.6,0.7,8.0,86.8,
Armagh,1897,1,5.4,-1.3,18.0,38.0,
Armagh,1897,2,8.9,3.5,2.0,46.9,
Armagh,1897,3,9.3,2.6,6.0,103.3,
Armagh,1897,4,10.2,1.9,5.0,77.3,
Armagh,1897,5,14.2,4.4,0.0,50.6,
Armagh,1897,6,17.4,9.6,0.0,127.1,
Armagh,1897,7,20.0,10.5,0.0,48.8,
Armagh,1897,8,18.5,10.4,0.0,144.7,
Armagh,1897,9,15.7,6.7,0.0,31.2,
Armagh,1897,10,13.5,6.5,0.0,57.6,
Armagh,1897,11,10.7,4.6,2.0,64.3,
Armagh,1897,12,8.4,2.2,7.0,108.7,
Armagh,1898,1,9.5,4.9,1.0,41.5,
Armagh,1898,2,7.7,1.2,8.0,81.2,
Armagh,1898,3,8.8,0.8,13.0,21.5,
Armagh,1898,4,12.9,4.3,1.0,74.6,
Armagh,1898,5,13.9,4.8,0.0,91.9,
Armagh,1898,6,17.3,8.3,0.0,67.7,
Armagh,1898,7,19.0,8.8,0.0,14.3,
Armagh,1898,8,19.1,10.5,1.0,88.7,
Armagh,1898,9,18.2,10.5,0.0,111.6,
Armagh,1898,10,13.4,7.4,0.0,81.3,
Armagh,1898,11,9.5,3.8,4.0,64.6,
Armagh,1898,12,9.8,4.6,2.0,64.6,
Armagh,1899,1,6.9,0.8,11.0,67.1,
Armagh,1899,2,8.3,1.9,6.0,68.0,
Armagh,1899,3,10.3,1.8,11.0,44.5,
Armagh,1899,4,11.4,3.7,3.0,90.5,
Armagh,1899,5,14.1,5.0,0.0,96.1,
Armagh,1899,6,20.1,9.6,0.0,71.2,
Armagh,1899,7,19.1,11.9,0.0,40.3,
Armagh,1899,8,21.5,11.7,0.0,54.3,
Armagh,1899,9,16.1,8.3,0.0,92.6,
Armagh,1899,10,13.9,5.0,1.0,43.0,
Armagh,1899,11,11.4,6.6,0.0,70.3,
Armagh,1899,12,6.4,1.5,8.0,92.6,
Armagh,1900,1,7.4,2.1,3.0,68.3,
Armagh,1900,2,5.4,-1.2,16.0,61.8,
Armagh,1900,3,7.2,0.8,11.0,17.6,
Armagh,1900,4,13.0,4.3,1.0,51.1,
Armagh,1900,5,14.4,5.9,0.0,67.6,
Armagh,1900,6,18.4,9.7,0.0,75.0,
Armagh,1900,7,19.9,11.9,0.0,81.0,
Armagh,1900,8,18.0,10.0,0.0,115.6,
Armagh,1900,9,17.4,8.4,0.0,53.3,
Armagh,1900,10,12.5,5.0,0.0,93.0,
Armagh,1900,11,9.1,3.1,5.0,143.6,
Armagh,1900,12,9.4,4.4,0.0,94.9,
Armagh,1901,1,6.8,2.3,4.0,85.4,
Armagh,1901,2,6.3,0.1,11.0,32.2,
Armagh,1901,3,7.7,1.0,8.0,55.4,
Armagh,1901,4,12.8,3.5,0.0,72.8,
Armagh,1901,5,16.9,5.4,0.0,56.2,
Armagh,1901,6,17.0,8.6,0.0,48.2,
Armagh,1901,7,20.8,12.2,0.0,22.1,
Armagh,1901,8,18.7,10.4,0.0,107.4,
Armagh,1901,9,16.3,9.6,0.0,83.0,
Armagh,1901,10,12.5,5.4,1.0,80.2,
Armagh,1901,11,9.2,3.7,5.0,98.6,
Armagh,1901,12,6.0,0.7,13.0,83.1,
Armagh,1902,1,6.9,2.1,11.0,49.9,
Armagh,1902,2,5.0,-0.5,11.0,67.9,
Armagh,1902,3,10.2,4.0,3.0,42.7,
Armagh,1902,4,11.9,3.1,5.0,59.5,
Armagh,1902,5,12.9,4.5,0.0,119.5,
Armagh,1902,6,16.1,8.9,0.0,41.6,
Armagh,1902,7,17.5,10.0,0.0,116.2,
Armagh,1902,8,17.7,9.5,0.0,50.9,
Armagh,1902,9,16.8,9.0,0.0,75.9,
Armagh,1902,10,12.6,6.0,0.0,40.1,
Armagh,1902,11,10.0,4.5,1.0,72.4,
Armagh,1902,12,7.4,2.9,6.0,72.3,
Armagh,1903,1,6.5,1.2,8.0,119.2,
Armagh,1903,2,10.2,4.2,2.0,75.0,
Armagh,1903,3,9.6,2.4,1.0,104.7,
Armagh,1903,4,10.5,2.9,7.0,40.5,
Armagh,1903,5,14.6,6.3,0.0,67.7,
Armagh,1903,6,16.8,8.1,0.0,27.6,
Armagh,1903,7,18.3,10.4,0.0,84.3,
Armagh,1903,8,17.3,9.4,0.0,104.8,
Armagh,1903,9,16.1,8.8,0.0,84.8,
Armagh,1903,10,12.4,6.7,0.0,95.7,
Armagh,1903,11,9.3,3.2,5.0,46.3,
Armagh,1903,12,6.0,1.5,6.0,60.0,
Armagh,1904,1,6.9,2.1,3.0,76.2,
Armagh,1904,2,6.0,0.9,9.0,78.6,
Armagh,1904,3,8.3,1.6,8.0,59.2,
Armagh,1904,4,12.3,4.3,0.0,54.5,
Armagh,1904,5,14.3,6.0,0.0,59.3,
Armagh,1904,6,17.6,8.9,0.0,36.9,
Armagh,1904,7,19.2,11.2,0.0,95.8,
Armagh,1904,8,17.9,9.9,0.0,120.3,
Armagh,1904,9,16.0,8.1,0.0,72.2,
Armagh,1904,10,13.3,5.9,0.0,24.8,
Armagh,1904,11,9.1,3.6,7.0,58.1,
Armagh,1904,12,7.3,2.0,6.0,48.9,
Armagh,1905,1,7.6,3.2,1.0,59.8,
Armagh,1905,2,8.0,2.1,6.0,44.0,
Armagh,1905,3,10.1,2.3,2.0,90.6,
Armagh,1905,4,10.8,3.1,3.0,54.7,
Armagh,1905,5,16.0,6.0,0.0,41.7,
Armagh,1905,6,19.1,9.8,0.0,72.2,
Armagh,1905,7,20.2,11.6,0.0,44.3,
Armagh,1905,8,17.5,9.9,0.0,167.5,
Armagh,1905,9,15.4,7.8,0.0,41.2,
Armagh,1905,10,11.3,3.8,6.0,40.3,
Armagh,1905,11,8.0,1.4,8.0,59.5,
Armagh,1905,12,8.9,4.8,1.0,48.4,
Armagh,1906,1,7.6,2.7,4.0,84.4,
Armagh,1906,2,6.6,-0.2,17.0,62.7,
Armagh,1906,3,9.1,1.7,8.0,42.5,
Armagh,1906,4,12.0,1.9,5.0,51.5,
Armagh,1906,5,13.3,5.8,0.0,95.5,
Armagh,1906,6,18.5,9.3,0.0,26.1,
Armagh,1906,7,19.0,9.9,0.0,50.1,
Armagh,1906,8,19.8,12.0,0.0,89.7,
Armagh,1906,9,18.0,8.1,0.0,33.1,
Armagh,1906,10,13.0,5.6,2.0,108.8,
Armagh,1906,11,9.9,4.5,1.0,50.0,
Armagh,1906,12,6.4,1.8,7.0,71.8,
Armagh,1907,1,7.1,2.4,8.0,19.1,
Armagh,1907,2,6.6,0.5,14.0,49.3,
Armagh,1907,3,11.0,3.4,1.0,70.0,
Armagh,1907,4,11.2,3.2,3.0,64.1,
Armagh,1907,5,13.7,5.6,1.0,95.1,
Armagh,1907,6,15.2,7.8,0.0,111.4,
Armagh,1907,7,19.2,10.3,0.0,55.8,
Armagh,1907,8,17.3,9.2,0.0,75.8,
Armagh,1907,9,17.6,9.3,0.0,20.7,
Armagh,1907,10,12.0,6.0,1.0,104.1,
Armagh,1907,11,8.9,2.7,5.0,63.1,
Armagh,1907,12,7.2,2.1,8.0,61.4,
Armagh,1908,1,6.9,1.3,9.0,61.6,
Armagh,1908,2,8.7,3.3,2.0,52.0,
Armagh,1908,3,8.5,1.3,8.0,102.2,
Armagh,1908,4,10.5,1.7,7.0,62.4,
Armagh,1908,5,16.2,7.6,0.0,59.7,
Armagh,1908,6,18.1,8.8,0.0,45.2,
Armagh,1908,7,19.2,11.1,0.0,96.1,
Armagh,1908,8,18.1,9.8,0.0,60.4,
Armagh,1908,9,16.1,8.9,0.0,107.3,
Armagh,1908,10,15.3,8.5,1.0,46.2,
Armagh,1908,11,11.1,4.4,2.0,76.4,
Armagh,1908,12,8.2,2.7,5.0,69.9,
Armagh,1909,1,7.3,2.7,3.0,61.6,
Armagh,1909,2,7.7,2.3,5.0,35.5,
Armagh,1909,3,7.2,0.5,14.0,64.8,
Armagh,1909,4,12.6,4.0,0.0,78.1,
Armagh,1909,5,15.5,5.7,2.0,45.1,
Armagh,1909,6,16.4,7.5,0.0,53.9,
Armagh,1909,7,17.6,10.0,0.0,71.0,
Armagh,1909,8,19.3,10.4,0.0,51.6,
Armagh,1909,9,15.7,7.2,0.0,47.0,
Armagh,1909,10,12.6,5.6,4.0,125.8,
Armagh,1909,11,8.4,0.4,13.0,23.3,
Armagh,1909,12,5.9,0.8,11.0,76.3,
Armagh,1910,1,6.4,1.1,11.0,65.1,
Armagh,1910,2,8.0,1.4,8.0,126.5,
Armagh,1910,3,9.9,2.8,2.0,28.6,
Armagh,1910,4,10.9,2.8,1.0,61.1,
Armagh,1910,5,15.1,6.1,0.0,51.8,
Armagh,1910,6,18.0,9.7,0.0,112.2,
Armagh,1910,7,18.7,9.8,0.0,79.8,
Armagh,1910,8,18.3,10.9,0.0,106.1,
Armagh,1910,9,16.5,8.2,0.0,27.8,
Armagh,1910,10,13.4,6.9,0.0,34.1,
Armagh,1910,11,7.5,0.6,13.0,42.8,
Armagh,1910,12,8.2,3.5,3.0,92.0,
Armagh,1911,1,7.3,2.1,6.0,27.3,
Armagh,1911,2,8.1,1.4,5.0,75.8,
Armagh,1911,3,8.9,1.5,7.0,24.8,
Armagh,1911,4,11.6,3.4,3.0,62.3,
Armagh,1911,5,16.8,7.0,0.0,44.2,
Armagh,1911,6,18.0,8.1,0.0,39.2,
Armagh,1911,7,20.9,11.4,0.0,75.0,
Armagh,1911,8,20.9,11.3,0.0,36.5,
Armagh,1911,9,17.1,8.1,0.0,38.7,
Armagh,1911,10,12.6,5.2,2.0,73.6,
Armagh,1911,11,8.3,2.4,4.0,72.9,
Armagh,1911,12,7.8,2.9,2.0,132.0,
Armagh,1912,1,6.6,1.5,11.0,93.4,
Armagh,1912,2,8.0,1.9,7.0,74.2,
Armagh,1912,3,10.4,3.6,0.0,84.8,
Armagh,1912,4,13.4,4.6,1.0,49.5,
Armagh,1912,5,15.5,6.4,0.0,35.5,
Armagh,1912,6,16.8,9.2,0.0,121.6,
Armagh,1912,7,18.0,9.3,0.0,70.5,
Armagh,1912,8,15.5,7.6,0.0,152.9,
Armagh,1912,9,14.8,7.1,0.0,22.9,
Armagh,1912,10,12.1,4.3,5.0,28.8,
Armagh,1912,11,9.2,3.8,6.0,64.7,
Armagh,1912,12,9.1,3.0,3.0,111.7,
Armagh,1913,1,7.2,2.1,6.0,94.0,
Armagh,1913,2,8.2,2.5,1.0,25.8,
Armagh,1913,3,8.9,1.9,6.0,77.6,
Armagh,1913,4,11.7,3.6,0.0,84.9,
Armagh,1913,5,14.2,6.3,0.0,96.4,
Armagh,1913,6,16.8,8.5,0.0,101.4,
Armagh,1913,7,18.1,9.6,0.0,39.7,
Armagh,1913,8,19.4,9.6,0.0,24.5,
Armagh,1913,9,16.9,9.1,0.0,105.4,
Armagh,1913,10,13.8,7.3,2.0,94.8,
Armagh,1913,11,10.9,4.7,0.0,74.9,
Armagh,1913,12,7.3,2.4,4.0,73.3,
Armagh,1914,1,6.9,2.2,6.0,35.0,
Armagh,1914,2,9.9,3.3,1.0,74.4,
Armagh,1914,3,9.4,1.8,9.0,102.7,
Armagh,1914,4,14.0,4.6,0.0,33.1,
Armagh,1914,5,14.8,6.0,1.0,33.9,
Armagh,1914,6,18.6,8.8,0.0,54.4,
Armagh,1914,7,19.1,11.1,0.0,54.3,
Armagh,1914,8,19.9,10.8,0.0,77.5,
Armagh,1914,9,16.7,8.7,0.0,33.9,
Armagh,1914,10,13.7,6.8,1.0,39.0,
Armagh,1914,11,9.6,2.7,6.0,95.8,
Armagh,1914,12,5.3,0.2,12.0,181.5,
Armagh,1915,1,6.0,1.2,7.0,72.7,
Armagh,1915,2,7.0,0.1,11.0,90.3,
Armagh,1915,3,9.7,1.6,10.0,22.0,
Armagh,1915,4,12.5,4.4,0.0,54.2,
Armagh,1915,5,14.4,5.2,3.0,22.1,
Armagh,1915,6,18.4,8.5,0.0,43.9,
Armagh,1915,7,17.9,9.8,0.0,95.0,
Armagh,1915,8,18.3,10.2,0.0,71.9,
Armagh,1915,9,17.1,8.9,0.0,37.4,
Armagh,1915,10,12.5,5.1,2.0,57.3,
Armagh,1915,11,6.7,0.3,11.0,43.7,
Armagh,1915,12,6.6,1.7,9.0,131.4,
Armagh,1916,1,10.1,4.7,0.0,75.5,
Armagh,1916,2,7.0,0.2,11.0,86.4,
Armagh,1916,3,6.6,0.5,16.0,34.2,
Armagh,1916,4,12.4,3.6,1.0,92.0,
Armagh,1916,5,14.3,6.0,0.0,147.9,
Armagh,1916,6,16.2,6.9,0.0,56.0,
Armagh,1916,7,19.0,10.8,0.0,41.6,
Armagh,1916,8,20.4,11.6,0.0,84.5,
Armagh,1916,9,16.7,9.8,0.0,22.2,
Armagh,1916,10,13.0,7.2,0.0,138.3,
Armagh,1916,11,9.3,4.4,1.0,89.6,
Armagh,1916,12,5.4,0.4,15.0,61.1,
Armagh,1917,1,4.4,0.6,10.0,42.0,
Armagh,1917,2,6.5,-0.1,16.0,65.1,
Armagh,1917,3,8.0,1.4,9.0,69.1,
Armagh,1917,4,9.8,1.0,13.0,67.1,
Armagh,1917,5,15.7,7.0,0.0,76.1,
Armagh,1917,6,17.5,8.5,0.0,77.9,
Armagh,1917,7,20.1,10.7,0.0,63.4,
Armagh,1917,8,19.0,11.1,0.0,116.3,
Armagh,1917,9,17.1,9.6,0.0,48.3,
Armagh,1917,10,10.6,3.7,3.0,107.0,
Armagh,1917,11,10.9,5.6,2.0,97.8,
Armagh,1917,12,6.4,0.8,12.0,49.3,
Armagh,1918,1,6.6,1.4,14.0,72.1,
Armagh,1918,2,9.3,4.8,2.0,95.5,
Armagh,1918,3,10.2,2.4,6.0,33.1,
Armagh,1918,4,11.6,2.6,4.0,28.2,
Armagh,1918,5,16.4,7.2,0.0,58.7,
Armagh,1918,6,18.0,8.6,0.0,25.7,
Armagh,1918,7,19.0,9.9,0.0,82.8,
Armagh,1918,8,19.2,11.6,0.0,64.7,
Armagh,1918,9,13.8,6.6,0.0,138.4,
Armagh,1918,10,11.9,5.2,1.0,98.5,
Armagh,1918,11,9.4,2.6,5.0,105.5,
Armagh,1918,12,9.3,4.1,4.0,90.2,
Armagh,1919,1,5.9,1.4,7.0,104.6,
Armagh,1919,2,5.9,0.5,10.0,23.7,
Armagh,1919,3,7.5,-0.9,19.0,61.8,
Armagh,1919,4,12.3,3.5,5.0,30.9,
Armagh,1919,5,17.1,7.9,0.0,45.6,
Armagh,1919,6,17.2,8.4,0.0,52.0,
Armagh,1919,7,18.8,9.1,0.0,16.0,
Armagh,1919,8,19.7,10.4,0.0,82.3,
Armagh,1919,9,16.3,7.6,0.0,80.4,
Armagh,1919,10,12.5,5.1,1.0,37.9,
Armagh,1919,11,6.4,-0.4,15.0,48.9,
Armagh,1919,12,8.0,2.3,3.0,155.8,
Armagh,1920,1,7.9,1.9,7.0,104.5,
Armagh,1920,2,9.5,3.5,3.0,64.1,
Armagh,1920,3,10.1,2.8,3.0,82.9,
Armagh,1920,4,10.9,3.6,3.0,76.6,
Armagh,1920,5,14.8,6.8,0.0,74.5,
Armagh,1920,6,17.8,9.5,0.0,63.1,
Armagh,1920,7,17.4,9.4,0.0,80.8,
Armagh,1920,8,17.4,9.2,0.0,51.1,
Armagh,1920,9,16.6,8.9,0.0,60.0,
Armagh,1920,10,13.9,7.0,1.0,138.5,
Armagh,1920,11,11.1,5.4,2.0,70.3,
Armagh,1920,12,6.8,1.2,14.0,78.9,
Armagh,1921,1,9.9,4.4,2.0,110.6,
Armagh,1921,2,8.6,3.2,4.0,25.4,
Armagh,1921,3,10.0,3.0,4.0,62.7,
Armagh,1921,4,12.9,3.2,3.0,25.4,
Armagh,1921,5,14.7,5.5,1.0,53.8,
Armagh,1921,6,19.4,9.1,0.0,7.7,
Armagh,1921,7,22.0,12.2,0.0,92.4,
Armagh,1921,8,17.3,10.1,0.0,92.1,
Armagh,1921,9,17.0,9.3,0.0,33.0,
Armagh,1921,10,15.3,8.7,0.0,72.7,
Armagh,1921,11,9.8,4.2,3.0,72.3,
Armagh,1921,12,9.6,4.7,2.0,84.8,
Armagh,1922,1,7.2,1.9,6.0,84.2,
Armagh,1922,2,8.3,2.6,1.0,69.7,
Armagh,1922,3,9.0,1.3,9.0,35.7,
Armagh,1922,4,9.7,0.2,13.0,79.7,
Armagh,1922,5,16.1,7.3,0.0,46.4,
Armagh,1922,6,16.8,8.4,0.0,55.2,
Armagh,1922,7,16.6,8.8,0.0,87.8,
Armagh,1922,8,16.0,9.4,0.0,98.3,
Armagh,1922,9,15.0,7.9,0.0,70.1,
Armagh,1922,10,11.8,5.0,5.0,33.0,
Armagh,1922,11,9.6,4.5,4.0,31.1,
Armagh,1922,12,7.6,3.1,3.0,75.3,
Armagh,1923,1,8.9,3.6,2.0,65.3,
Armagh,1923,2,8.9,3.4,1.0,143.0,
Armagh,1923,3,10.3,3.4,1.0,37.8,
Armagh,1923,4,10.4,3.4,2.0,83.6,
Armagh,1923,5,12.5,4.2,0.0,36.2,
Armagh,1923,6,16.5,8.8,0.0,27.9,
Armagh,1923,7,19.6,11.9,0.0,50.7,
Armagh,1923,8,17.5,10.2,0.0,122.6,
Armagh,1923,9,15.1,7.9,0.0,89.7,
Armagh,1923,10,12.5,6.0,0.0,89.9,
Armagh,1923,11,6.4,0.4,14.0,96.6,
Armagh,1923,12,7.4,2.4,6.0,76.9,
Armagh,1924,1,7.9,3.0,4.0,83.9,
Armagh,1924,2,7.4,1.8,7.0,29.4,
Armagh,1924,3,8.2,0.9,10.0,29.4,
Armagh,1924,4,10.9,2.0,11.0,65.7,
Armagh,1924,5,14.5,6.3,0.0,104.1,
Armagh,1924,6,16.9,9.5,0.0,61.2,
Armagh,1924,7,17.5,10.6,0.0,120.3,
Armagh,1924,8,17.1,10.3,0.0,113.7,
Armagh,1924,9,15.1,8.3,0.0,132.1,
Armagh,1924,10,12.7,5.5,0.0,71.1,
Armagh,1924,11,10.3,4.8,3.0,67.1,
Armagh,1924,12,9.6,4.3,0.0,101.5,
Armagh,1925,1,8.2,3.3,1.0,57.3,
Armagh,1925,2,7.3,1.2,5.0,92.3,
Armagh,1925,3,9.1,2.0,8.0,31.2,
Armagh,1925,4,11.1,2.4,5.0,72.4,
Armagh,1925,5,13.4,6.2,0.0,117.3,
Armagh,1925,6,18.8,9.2,0.0,28.1,
Armagh,1925,7,19.2,11.6,0.0,96.9,
Armagh,1925,8,19.0,10.4,0.0,43.6,
Armagh,1925,9,15.0,7.7,0.0,67.0,
Armagh,1925,10,13.5,6.9,0.0,63.2,
Armagh,1925,11,7.6,1.2,12.0,41.3,
Armagh,1925,12,6.3,0.7,12.0,64.3,
Armagh,1926,1,8.2,2.6,6.0,125.0,
Armagh,1926,2,9.2,3.9,3.0,57.0,
Armagh,1926,3,9.4,2.9,6.0,37.4,
Armagh,1926,4,13.4,5.2,0.0,46.9,
Armagh,1926,5,13.8,5.2,1.0,71.8,
Armagh,1926,6,17.2,8.6,0.0,68.8,
Armagh,1926,7,20.4,11.7,0.0,81.2,
Armagh,1926,8,19.4,10.8,0.0,83.0,
Armagh,1926,9,17.2,9.3,0.0,47.3,
Armagh,1926,10,11.8,4.1,10.0,75.8,
Armagh,1926,11,8.6,2.4,4.0,79.8,
Armagh,1926,12,7.0,2.2,7.0,30.7,
Armagh,1927,1,7.6,2.1,6.0,87.3,
Armagh,1927,2,8.9,2.1,7.0,36.6,
Armagh,1927,3,10.2,3.4,4.0,60.2,
Armagh,1927,4,11.5,3.6,3.0,35.8,
Armagh,1927,5,15.4,5.6,0.0,41.0,
Armagh,1927,6,15.2,6.5,0.0,77.8,
Armagh,1927,7,18.9,11.2,0.0,67.5,
Armagh,1927,8,18.6,11.1,0.0,115.5,
Armagh,1927,9,15.0,7.8,0.0,136.1,
Armagh,1927,10,14.0,6.5,1.0,58.9,
Armagh,1927,11,9.3,3.0,7.0,88.6,
Armagh,1927,12,5.6,1.3,10.0,47.4,
Armagh,1928,1,8.5,1.9,4.0,125.5,
Armagh,1928,2,9.1,3.1,0.0,101.7,
Armagh,1928,3,8.3,2.8,5.0,82.8,
Armagh,1928,4,11.8,3.6,4.0,47.9,
Armagh,1928,5,15.4,6.4,0.0,21.8,
Armagh,1928,6,15.9,7.9,0.0,110.3,
Armagh,1928,7,18.2,10.7,0.0,43.1,
Armagh,1928,8,18.2,9.9,0.0,174.8,
Armagh,1928,9,15.9,7.6,0.0,55.7,
Armagh,1928,10,13.0,7.0,0.0,122.3,
Armagh,1928,11,10.2,3.6,5.0,109.8,
Armagh,1928,12,7.6,2.0,3.0,64.0,
Armagh,1929,1,5.5,0.5,13.0,33.2,27.4
Armagh,1929,2,5.7,1.7,10.0,57.8,37.1
Armagh,1929,3,12.6,0.9,14.0,32.5,170.4
Armagh,1929,4,10.9,2.4,3.0,23.6,144.4
Armagh,1929,5,15.4,5.8,0.0,71.5,192.5
Armagh,1929,6,17.2,7.9,0.0,47.9,183.8
Armagh,1929,7,19.3,10.4,0.0,65.5,130.0
Armagh,1929,8,17.5,10.6,0.0,141.8,84.8
Armagh,1929,9,17.9,9.9,0.0,38.1,134.6
Armagh,1929,10,12.2,5.5,2.0,140.9,115.9
Armagh,1929,11,9.6,3.2,5.0,90.6,49.8
Armagh,1929,12,7.8,2.1,4.0,153.9,56.0
Armagh,1930,1,7.3,1.3,8.0,104.5,44.0
Armagh,1930,2,4.8,-1.1,18.0,22.5,71.9
Armagh,1930,3,8.7,1.6,10.0,56.6,83.8
Armagh,1930,4,11.8,4.0,2.0,40.2,153.1
Armagh,1930,5,15.1,6.3,0.0,41.4,154.8
Armagh,1930,6,19.1,8.9,0.0,39.7,237.6
Armagh,1930,7,18.1,11.0,0.0,85.2,95.2
Armagh,1930,8,17.5,10.6,0.0,150.7,106.6
Armagh,1930,9,16.4,8.9,0.0,76.8,118.7
Armagh,1930,10,12.6,6.7,0.0,138.1,70.9
Armagh,1930,11,9.1,2.5,7.0,80.4,65.3
Armagh,1930,12,7.5,2.6,4.0,66.9,30.2
Armagh,1931,1,6.4,1.0,11.0,71.0,58.6
Armagh,1931,2,7.6,1.1,7.0,69.0,53.3
Armagh,1931,3,8.1,1.5,8.0,35.5,116.8
Armagh,1931,4,11.6,3.8,1.0,87.8,116.0
Armagh,1931,5,14.6,6.6,0.0,94.2,156.4
Armagh,1931,6,17.2,9.8,0.0,131.2,123.3
Armagh,1931,7,17.8,11.3,0.0,148.5,81.1
Armagh,1931,8,17.8,9.8,0.0,52.8,158.9
Armagh,1931,9,15.4,7.9,0.0,51.5,93.2
Armagh,1931,10,12.8,4.9,5.0,53.6,108.3
Armagh,1931,11,10.2,4.3,2.0,120.4,62.3
Armagh,1931,12,8.8,4.7,2.0,64.9,19.1
Armagh,1932,1,9.8,4.2,3.0,78.0,37.6
Armagh,1932,2,7.7,1.0,11.0,3.3,73.7
Armagh,1932,3,9.6,1.3,10.0,47.6,115.8
Armagh,1932,4,10.8,2.0,4.0,63.4,155.5
Armagh,1932,5,14.2,6.2,0.0,70.4,152.8
Armagh,1932,6,19.6,9.1,0.0,21.9,198.1
Armagh,1932,7,18.9,11.5,0.0,134.7,113.1
Armagh,1932,8,18.8,11.0,0.0,66.2,104.7
Armagh,1932,9,15.5,7.8,1.0,80.1,105.6
Armagh,1932,10,12.0,4.7,1.0,72.8,107.2
Armagh,1932,11,9.4,3.7,3.0,53.1,72.8
Armagh,1932,12,8.4,3.4,3.0,125.9,46.6
Armagh,1933,1,6.1,0.4,13.0,56.2,73.0
Armagh,1933,2,7.4,1.2,12.0,73.4,57.0
Armagh,1933,3,11.0,3.5,1.0,51.8,124.3
Armagh,1933,4,13.2,5.2,3.0,22.2,121.3
Armagh,1933,5,15.4,6.8,0.0,65.7,122.4
Armagh,1933,6,19.0,10.1,0.0,55.9,167.3
Armagh,1933,7,20.8,12.5,0.0,70.1,158.4
Armagh,1933,8,20.2,11.5,0.0,39.7,148.8
Armagh,1933,9,18.5,9.4,0.0,4.2,152.2
Armagh,1933,10,13.2,6.7,0.0,52.1,65.5
Armagh,1933,11,8.6,2.6,4.0,24.4,67.3
Armagh,1933,12,6.5,1.7,10.0,42.3,31.9
Armagh,1934,1,8.5,2.9,3.0,74.5,49.6
Armagh,1934,2,8.4,2.4,6.0,7.0,64.8
Armagh,1934,3,8.6,1.2,8.0,46.0,114.2
Armagh,1934,4,10.6,2.7,4.0,66.9,113.3
Armagh,1934,5,14.9,6.5,0.0,74.9,164.0
Armagh,1934,6,19.2,9.8,0.0,36.9,192.5
Armagh,1934,7,22.2,12.2,0.0,64.6,207.8
Armagh,1934,8,17.6,10.1,0.0,141.0,114.0
Armagh,1934,9,16.6,9.1,0.0,119.3,129.6
Armagh,1934,10,12.3,6.3,1.0,117.5,70.2
Armagh,1934,11,8.8,3.5,6.0,18.2,41.2
Armagh,1934,12,10.0,6.0,0.0,120.5,28.7
Armagh,1935,1,7.8,3.1,4.0,37.4,33.2
Armagh,1935,2,8.8,2.5,7.0,85.4,76.6
Armagh,1935,3,10.2,3.5,2.0,33.2,92.7
Armagh,1935,4,12.1,3.8,0.0,56.2,162.1
Armagh,1935,5,15.8,5.3,1.0,22.2,251.6
Armagh,1935,6,17.6,9.7,0.0,104.6,151.2
Armagh,1935,7,20.2,10.4,0.0,30.5,193.2
Armagh,1935,8,19.5,10.7,0.0,73.7,135.2
Armagh,1935,9,16.0,8.6,0.0,98.6,110.1
Armagh,1935,10,12.6,5.8,1.0,88.6,81.0
Armagh,1935,11,8.6,2.7,4.0,99.3,81.3
Armagh,1935,12,5.4,0.4,12.0,60.6,49.2
Armagh,1936,1,5.3,0.5,15.0,85.2,33.7
Armagh,1936,2,6.6,0.8,10.0,46.4,74.4
Armagh,1936,3,10.1,4.0,3.0,43.4,72.9
Armagh,1936,4,11.0,1.9,12.0,15.6,169.6
Armagh,1936,5,15.5,6.3,0.0,41.0,174.4
Armagh,1936,6,18.6,9.2,0.0,111.0,189.0
Armagh,1936,7,18.1,11.1,0.0,152.6,99.0
Armagh,1936,8,19.9,11.5,0.0,46.3,152.7
Armagh,1936,9,17.1,9.8,0.0,111.5,106.9
Armagh,1936,10,13.4,5.9,2.0,73.0,92.1
Armagh,1936,11,8.1,2.0,8.0,90.4,49.1
Armagh,1936,12,8.3,2.8,2.0,81.3,39.2
Armagh,1937,1,7.9,2.5,5.0,116.8,45.1
Armagh,1937,2,7.9,1.8,5.0,86.2,69.1
Armagh,1937,3,7.0,-0.1,17.0,58.2,107.0
Armagh,1937,4,12.5,5.8,0.0,57.5,49.1
Armagh,1937,5,16.6,7.1,0.0,27.6,197.7
Armagh,1937,6,17.5,9.2,0.0,54.4,111.8
Armagh,1937,7,19.0,10.9,0.0,83.1,93.2
Armagh,1937,8,20.3,11.4,0.0,74.8,139.0
Armagh,1937,9,16.4,8.5,0.0,60.0,106.6
Armagh,1937,10,12.4,5.0,3.0,68.8,71.7
Armagh,1937,11,9.3,3.7,4.0,32.7,49.5
Armagh,1937,12,5.7,0.6,11.0,56.6,35.2
Armagh,1938,1,8.3,2.5,3.0,98.2,25.9
Armagh,1938,2,8.5,2.5,4.0,31.0,58.8
Armagh,1938,3,12.7,6.2,1.0,25.6,87.6
Armagh,1938,4,13.6,2.4,5.0,2.3,195.9
Armagh,1938,5,14.3,5.8,1.0,97.8,140.6
Armagh,1938,6,17.1,8.9,0.0,91.5,129.3
Armagh,1938,7,17.9,10.4,0.0,121.8,96.4
Armagh,1938,8,19.2,10.2,0.0,65.6,144.2
Armagh,1938,9,17.2,9.8,0.0,55.5,91.1
Armagh,1938,10,13.3,6.8,0.0,139.3,88.3
Armagh,1938,11,11.0,6.1,0.0,103.2,54.9
Armagh,1938,12,7.2,1.2,9.0,84.8,43.1
Armagh,1939,1,6.0,0.4,14.0,76.7,58.3
Armagh,1939,2,9.2,3.7,1.0,51.9,41.0
Armagh,1939,3,10.1,3.0,2.0,77.4,99.2
Armagh,1939,4,12.6,4.1,3.0,61.0,148.5
Armagh,1939,5,16.1,6.5,0.0,30.6,170.1
Armagh,1939,6,19.3,8.2,0.0,49.7,233.0
Armagh,1939,7,18.5,10.8,0.0,113.2,95.8
Armagh,1939,8,19.8,10.9,0.0,41.3,146.5
Armagh,1939,9,16.9,9.0,0.0,45.8,86.1
Armagh,1939,10,12.3,4.4,6.0,92.6,116.3
Armagh,1939,11,11.1,5.3,0.0,125.9,51.5
Armagh,1939,12,6.2,1.4,9.0,60.4,30.0
Armagh,1940,1,4.3,-1.2,17.0,77.4,56.4
Armagh,1940,2,7.3,2.2,5.0,71.7,38.8
Armagh,1940,3,10.3,2.7,7.0,99.0,94.3
Armagh,1940,4,12.7,5.1,2.0,75.2,108.1
Armagh,1940,5,16.6,7.0,0.0,23.8,168.3
Armagh,1940,6,21.4,10.0,0.0,40.8,256.0
Armagh,1940,7,18.1,9.6,0.0,134.7,121.7
Armagh,1940,8,19.7,10.7,0.0,13.8,115.6
Armagh,1940,9,16.4,7.7,0.0,66.5,108.0
Armagh,1940,10,12.4,6.6,1.0,109.0,59.1
Armagh,1940,11,9.9,3.4,3.0,71.9,71.5
Armagh,1940,12,7.1,1.2,8.0,91.6,26.3
Armagh,1941,1,3.4,-1.5,17.0,41.8,42.8
Armagh,1941,2,7.3,-0.2,15.0,75.1,89.9
Armagh,1941,3,9.3,4.1,0.0,89.4,112.6
Armagh,1941,4,9.7,4.1,2.0,42.1,113.5
Armagh,1941,5,14.6,4.6,2.0,60.7,166.9
Armagh,1941,6,18.8,9.6,0.0,15.7,139.3
Armagh,1941,7,19.2,11.2,0.0,73.6,105.6
Armagh,1941,8,18.5,10.0,0.0,101.7,141.1
Armagh,1941,9,19.0,10.8,0.0,26.0,107.4
Armagh,1941,10,14.4,6.8,2.0,91.3,97.3
Armagh,1941,11,9.9,3.6,2.0,94.7,61.5
Armagh,1941,12,8.8,3.8,3.0,39.3,29.1
Armagh,1942,1,6.8,1.4,9.0,123.7,59.8
Armagh,1942,2,6.0,-0.2,13.0,30.2,65.6
Armagh,1942,3,9.7,2.8,7.0,75.0,80.2
Armagh,1942,4,13.3,4.5,0.0,57.6,203.5
Armagh,1942,5,15.5,6.1,0.0,81.0,212.0
Armagh,1942,6,18.9,9.0,0.0,4.6,174.0
Armagh,1942,7,18.9,10.5,0.0,113.4,141.0
Armagh,1942,8,18.6,11.4,0.0,108.0,83.8
Armagh,1942,9,16.0,9.2,1.0,105.8,114.2
Armagh,1942,10,12.6,6.0,1.0,56.4,80.5
Armagh,1942,11,9.3,2.0,7.0,13.4,68.5
Armagh,1942,12,9.9,4.4,2.0,98.0,28.4
Armagh,1943,1,8.1,3.2,4.0,99.4,62.8
Armagh,1943,2,10.0,3.9,0.0,46.4,78.8
Armagh,1943,3,10.6,3.8,1.0,29.7,114.7
Armagh,1943,4,14.0,6.1,0.0,35.3,119.7
Armagh,1943,5,15.7,5.8,1.0,85.6,217.3
Armagh,1943,6,18.6,9.4,0.0,76.5,188.0
Armagh,1943,7,20.4,10.7,0.0,66.2,196.5
Armagh,1943,8,18.0,10.7,0.0,100.9,109.7
Armagh,1943,9,16.0,8.7,0.0,52.0,97.2
Armagh,1943,10,13.9,7.2,0.0,70.5,92.9
Armagh,1943,11,9.7,3.4,4.0,57.3,54.4
Armagh,1943,12,7.4,2.6,3.0,56.3,22.9
Armagh,1944,1,9.2,4.3,1.0,54.7,30.9
Armagh,1944,2,8.1,1.2,6.0,24.0,83.8
Armagh,1944,3,10.8,1.6,10.0,20.3,114.3
Armagh,1944,4,14.6,6.1,1.0,50.4,123.6
Armagh,1944,5,15.8,6.6,0.0,41.6,148.4
Armagh,1944,6,17.2,8.5,0.0,99.0,99.7
Armagh,1944,7,19.1,12.1,0.0,66.3,84.5
Armagh,1944,8,20.3,11.2,0.0,102.0,151.0
Armagh,1944,9,15.9,7.9,0.0,105.4,111.7
Armagh,1944,10,12.3,5.5,0.0,111.0,84.8
Armagh,1944,11,9.1,3.0,5.0,120.2,46.3
Armagh,1944,12,7.4,2.1,3.0,103.6,28.6
Armagh,1945,1,4.2,-1.9,18.0,52.3,42.9
Armagh,1945,2,10.7,4.6,2.0,67.9,58.8
Armagh,1945,3,12.3,5.5,1.0,33.3,88.2
Armagh,1945,4,14.3,5.5,1.0,39.5,166.8
Armagh,1945,5,16.0,6.5,2.0,89.2,145.0
Armagh,1945,6,17.7,9.7,0.0,106.2,134.4
Armagh,1945,7,19.7,11.6,0.0,88.6,120.8
Armagh,1945,8,20.3,10.9,0.0,42.2,143.6
Armagh,1945,9,18.0,10.1,0.0,63.3,96.4
Armagh,1945,10,14.8,7.8,0.0,84.9,78.9
Armagh,1945,11,10.6,4.7,4.0,12.0,42.0
Armagh,1945,12,9.3,4.0,2.0,63.2,
Armagh,1946,1,7.0,1.3,6.0,107.8,
Armagh,1946,2,8.9,3.3,6.0,54.8,
Armagh,1946,3,10.4,2.3,5.0,27.5,
Armagh,1946,4,14.0,4.0,2.0,21.6,
Armagh,1946,5,15.3,4.8,1.0,22.6,
Armagh,1946,6,17.2,8.6,0.0,78.3,
Armagh,1946,7,18.8,10.6,0.0,79.7,
Armagh,1946,8,17.5,9.4,0.0,120.0,
Armagh,1946,9,16.3,9.8,0.0,149.3,
Armagh,1946,10,12.3,7.2,0.0,30.5,
Armagh,1946,11,10.2,4.4,3.0,113.8,
Armagh,1946,12,6.9,0.8,9.0,97.3,
Armagh,1947,1,6.2,0.9,8.0,56.3,40.9
Armagh,1947,2,2.1,-2.1,23.0,26.6,46.1
Armagh,1947,3,6.7,0.0,12.0,114.7,78.1
Armagh,1947,4,12.2,4.0,3.0,91.4,121.6
Armagh,1947,5,16.0,7.7,0.0,76.5,181.9
Armagh,1947,6,18.1,10.1,0.0,95.0,143.9
Armagh,1947,7,18.8,10.7,0.0,82.4,
Armagh,1947,8,23.2,11.7,0.0,14.2,
Armagh,1947,9,17.5,9.3,0.0,68.2,101.5
Armagh,1947,10,14.6,7.7,0.0,49.2,92.4
Armagh,1947,11,10.3,3.9,8.0,101.6,79.7
Armagh,1947,12,7.1,3.2,5.0,80.8,21.2
Armagh,1948,1,6.6,1.3,8.0,170.8,40.1
Armagh,1948,2,7.9,2.2,6.0,46.2,56.0
Armagh,1948,3,13.2,4.3,1.0,66.0,122.6
Armagh,1948,4,13.7,4.5,1.0,63.5,172.0
Armagh,1948,5,16.3,5.0,2.0,58.2,222.3
Armagh,1948,6,16.8,8.8,0.0,110.1,126.4
Armagh,1948,7,19.1,10.5,0.0,62.0,149.5
Armagh,1948,8,18.2,10.6,0.0,89.0,107.7
Armagh,1948,9,16.5,9.4,0.0,66.6,97.6
Armagh,1948,10,13.6,6.4,2.0,56.8,87.5
Armagh,1948,11,11.5,5.0,4.0,67.2,75.8
Armagh,1948,12,8.4,2.8,4.0,114.9,47.9
Armagh,1949,1,9.3,3.1,5.0,61.2,43.8
Armagh,1949,2,9.5,3.1,2.0,63.9,83.6
Armagh,1949,3,10.5,2.6,6.0,53.5,122.1
Armagh,1949,4,13.7,5.5,1.0,55.5,139.7
Armagh,1949,5,15.7,5.6,0.0,48.2,208.5
Armagh,1949,6,20.5,9.2,0.0,24.9,252.9
Armagh,1949,7,20.0,11.8,0.0,69.3,121.9
Armagh,1949,8,19.4,11.8,0.0,77.0,113.4
Armagh,1949,9,18.8,10.4,0.0,62.7,153.1
Armagh,1949,10,14.3,7.9,1.0,122.9,73.8
Armagh,1949,11,9.9,3.6,3.0,61.5,70.1
Armagh,1949,12,8.5,2.6,3.0,116.4,30.4
Armagh,1950,1,8.4,3.3,5.0,43.3,41.4
Armagh,1950,2,8.1,1.5,7.0,73.3,63.0
Armagh,1950,3,11.9,3.9,2.0,27.5,125.6
Armagh,1950,4,11.3,3.3,3.0,103.2,130.4
Armagh,1950,5,16.1,6.6,0.0,21.6,199.0
Armagh,1950,6,19.7,10.2,0.0,71.9,180.1
Armagh,1950,7,18.8,11.1,0.0,120.8,146.2
Armagh,1950,8,18.2,10.7,0.0,134.7,136.9
Armagh,1950,9,15.5,8.3,0.0,139.2,106.5
Armagh,1950,10,12.6,6.4,1.0,91.6,86.2
Armagh,1950,11,8.2,1.3,7.0,67.0,74.8
Armagh,1950,12,4.1,-0.8,16.0,67.8,34.8
Armagh,1951,1,6.6,1.5,9.0,67.2,55.3
Armagh,1951,2,6.5,-0.2,12.0,76.8,78.8
Armagh,1951,3,7.9,1.1,8.0,70.7,90.3
Armagh,1951,4,10.2,3.4,1.0,43.8,161.8
Armagh,1951,5,13.8,4.9,0.0,38.1,196.7
Armagh,1951,6,18.1,8.4,0.0,53.6,207.3
Armagh,1951,7,18.8,11.6,0.0,85.1,112.0
Armagh,1951,8,17.7,10.6,0.0,111.4,132.8
Armagh,1951,9,16.7,10.0,0.0,50.8,93.7
Armagh,1951,10,13.8,7.1,0.0,21.2,92.0
Armagh,1951,11,10.4,4.7,2.0,139.2,45.4
Armagh,1951,12,8.4,2.5,7.0,105.6,35.3
Armagh,1952,1,5.5,-0.6,18.0,116.5,50.8
Armagh,1952,2,7.5,1.0,15.0,25.6,57.3
Armagh,1952,3,10.2,3.6,5.0,33.9,113.5
Armagh,1952,4,13.5,5.1,1.0,38.7,145.3
Armagh,1952,5,16.7,7.6,0.0,25.7,171.5
Armagh,1952,6,17.2,9.0,0.0,56.4,145.1
Armagh,1952,7,19.7,11.7,0.0,40.7,105.8
Armagh,1952,8,18.6,10.7,0.0,42.1,108.4
Armagh,1952,9,14.4,6.1,0.0,27.0,105.6
Armagh,1952,10,12.6,5.5,2.0,44.4,121.3
Armagh,1952,11,7.7,1.5,10.0,46.1,52.7
Armagh,1952,12,6.4,0.8,12.0,85.4,
Armagh,1953,1,7.5,2.2,8.0,19.7,41.8
Armagh,1953,2,8.9,2.8,8.0,34.2,51.1
Armagh,1953,3,10.6,0.9,12.0,7.0,111.5
Armagh,1953,4,11.4,1.9,3.0,30.4,154.7
Armagh,1953,5,17.3,8.1,0.0,32.6,204.9
Armagh,1953,6,18.1,9.2,0.0,34.3,158.5
Armagh,1953,7,18.5,10.7,0.0,60.0,134.9
Armagh,1953,8,18.9,10.8,0.0,33.8,130.1
Armagh,1953,9,17.4,10.5,0.0,36.2,92.3
Armagh,1953,10,13.5,6.7,0.0,33.4,83.7
Armagh,1953,11,10.7,5.3,0.0,38.7,53.1
Armagh,1953,12,9.7,4.5,3.0,50.9,31.8
Armagh,1954,1,7.1,1.9,10.0,46.4,39.1
Armagh,1954,2,6.9,1.5,6.0,54.2,41.4
Armagh,1954,3,9.4,3.0,6.0,33.1,100.6
Armagh,1954,4,12.8,3.0,3.0,14.0,170.7
Armagh,1954,5,15.1,6.4,1.0,50.9,161.7
Armagh,1954,6,16.5,8.8,0.0,32.4,114.2
Armagh,1954,7,17.0,10.0,0.0,49.3,85.6
Armagh,1954,8,17.5,9.7,0.0,37.9,116.5
Armagh,1954,9,15.3,7.8,0.0,65.4,135.2
Armagh,1954,10,14.2,7.5,1.0,60.2,60.5
Armagh,1954,11,9.5,3.0,3.0,46.8,51.9
Armagh,1954,12,9.2,4.5,1.0,48.8,23.9
Armagh,1955,1,5.7,0.4,12.0,55.6,53.3
Armagh,1955,2,5.1,-1.5,16.0,27.7,70.6
Armagh,1955,3,8.8,-0.3,18.0,18.3,140.4
Armagh,1955,4,14.6,4.7,1.0,70.3,173.8
Armagh,1955,5,13.8,5.5,0.0,73.5,203.7
Armagh,1955,6,16.4,9.1,0.0,107.5,103.3
Armagh,1955,7,22.2,11.0,0.0,50.3,217.8
Armagh,1955,8,21.7,12.5,0.0,27.4,132.9
Armagh,1955,9,18.0,9.9,0.0,83.5,144.6
Armagh,1955,10,13.0,5.1,2.0,37.7,101.7
Armagh,1955,11,10.3,5.4,2.0,51.4,40.4
Armagh,1955,12,8.8,3.0,4.0,102.9,30.1
Armagh,1956,1,6.6,0.9,13.0,50.1,46.2
Armagh,1956,2,5.7,-0.9,19.0,26.7,73.1
Armagh,1956,3,10.4,3.8,2.0,67.1,114.6
Armagh,1956,4,12.6,3.0,6.0,27.6,152.1
Armagh,1956,5,16.1,7.0,1.0,33.1,170.1
Armagh,1956,6,17.4,8.2,0.0,62.7,179.7
Armagh,1956,7,18.8,11.1,0.0,95.5,133.8
Armagh,1956,8,16.9,9.1,0.0,150.0,129.3
Armagh,1956,9,16.2,10.0,0.0,84.5,74.1
Armagh,1956,10,13.1,6.2,1.0,49.4,96.6
Armagh,1956,11,9.9,4.6,1.0,58.0,40.6
Armagh,1956,12,8.8,4.2,3.0,138.1,23.7
Armagh,1957,1,8.5,1.8,9.0,114.4,57.9
Armagh,1957,2,8.6,1.8,7.0,51.4,85.0
Armagh,1957,3,12.2,6.5,1.0,62.3,62.7
Armagh,1957,4,13.2,4.2,0.0,29.8,173.5
Armagh,1957,5,15.2,5.8,1.0,61.8,187.9
Armagh,1957,6,19.9,8.3,0.0,35.6,244.1
Armagh,1957,7,18.3,11.6,0.0,93.8,65.0
Armagh,1957,8,18.1,11.0,0.0,141.4,111.4
Armagh,1957,9,15.2,8.3,0.0,98.3,88.9
Armagh,1957,10,13.2,6.9,0.0,88.6,62.8
Armagh,1957,11,9.4,3.8,5.0,25.2,55.7
Armagh,1957,12,8.2,2.7,3.0,109.3,48.9
Armagh,1958,1,7.0,1.5,9.0,86.4,57.2
Armagh,1958,2,8.3,2.1,8.0,99.3,59.8
Armagh,1958,3,7.4,0.9,13.0,35.1,100.9
Armagh,1958,4,11.9,3.9,4.0,30.6,133.3
Armagh,1958,5,14.6,5.3,0.0,67.2,193.6
Armagh,1958,6,17.0,9.3,0.0,137.5,121.5
Armagh,1958,7,19.2,11.3,0.0,138.2,144.4
Armagh,1958,8,18.3,11.2,0.0,99.1,108.4
Armagh,1958,9,18.0,11.0,0.0,74.2,102.3
Armagh,1958,10,13.7,7.6,0.0,99.5,86.6
Armagh,1958,11,10.6,5.2,1.0,42.4,48.1
Armagh,1958,12,7.2,1.7,5.0,131.4,35.8
Armagh,1959,1,5.5,-1.0,19.0,55.9,82.7
Armagh,1959,2,9.2,2.2,8.0,25.9,56.9
Armagh,1959,3,11.4,4.3,0.0,59.5,119.3
Armagh,1959,4,13.2,4.4,0.0,73.8,157.2
Armagh,1959,5,17.9,6.7,1.0,33.6,229.1
Armagh,1959,6,19.5,9.5,0.0,50.5,223.4
Armagh,1959,7,20.4,11.7,0.0,84.2,143.1
Armagh,1959,8,20.4,11.8,0.0,26.1,141.7
Armagh,1959,9,19.2,8.7,0.0,40.4,140.5
Armagh,1959,10,15.8,8.8,0.0,99.8,104.1
Armagh,1959,11,10.0,3.5,2.0,81.9,73.3
Armagh,1959,12,8.5,2.5,2.0,116.0,41.0
Armagh,1960,1,7.6,1.0,15.0,79.4,42.8
Armagh,1960,2,7.4,0.1,17.0,78.1,105.4
Armagh,1960,3,9.4,4.0,0.0,51.6,66.0
Armagh,1960,4,14.1,4.9,0.0,64.1,159.7
Armagh,1960,5,17.7,7.9,0.0,85.0,196.2
Armagh,1960,6,19.7,10.2,0.0,72.6,225.3
Armagh,1960,7,18.4,10.6,0.0,98.5,143.9
Armagh,1960,8,18.4,10.0,0.0,97.9,144.8
Armagh,1960,9,16.5,8.5,0.0,83.8,119.7
Armagh,1960,10,13.0,6.7,0.0,129.3,62.2
Armagh,1960,11,9.9,3.6,3.0,84.6,60.4
Armagh,1960,12,5.9,-0.2,13.0,77.5,65.0
Armagh,1961,1,7.1,0.5,8.0,91.3,54.4
Armagh,1961,2,10.4,4.4,2.0,78.1,67.3
Armagh,1961,3,12.6,5.6,0.0,27.8,86.0
Armagh,1961,4,13.1,5.1,2.0,131.8,108.2
Armagh,1961,5,15.2,6.3,0.0,77.0,178.4
Armagh,1961,6,17.7,9.2,0.0,41.5,143.1
Armagh,1961,7,17.9,9.9,0.0,47.8,89.8
Armagh,1961,8,18.5,10.2,0.0,64.3,137.1
Armagh,1961,9,17.4,9.5,0.0,93.6,116.3
Armagh,1961,10,13.3,6.7,0.0,101.3,104.3
Armagh,1961,11,9.3,3.2,3.0,58.2,63.7
Armagh,1961,12,5.7,-0.4,19.0,63.6,34.2
Armagh,1962,1,7.8,1.0,7.0,77.1,52.2
Armagh,1962,2,8.4,2.2,5.0,36.0,63.9
Armagh,1962,3,7.9,-0.7,16.0,54.8,126.4
Armagh,1962,4,12.8,3.1,4.0,51.7,194.9
Armagh,1962,5,15.3,5.5,0.0,72.2,211.6
Armagh,1962,6,17.6,8.0,0.0,33.5,174.5
Armagh,1962,7,18.0,10.1,0.0,52.3,103.5
Armagh,1962,8,18.0,9.6,0.0,83.3,154.9
Armagh,1962,9,15.1,8.3,0.0,166.0,70.9
Armagh,1962,10,13.9,7.0,0.0,41.7,91.4
Armagh,1962,11,8.8,3.5,3.0,49.6,39.7
Armagh,1962,12,7.2,1.2,9.0,88.8,36.1
Armagh,1963,1,2.3,-2.8,27.0,39.1,59.7
Armagh,1963,2,4.3,-1.9,23.0,63.0,71.8
Armagh,1963,3,10.9,2.7,8.0,90.9,119.5
Armagh,1963,4,12.4,4.1,1.0,71.4,133.2
Armagh,1963,5,14.5,5.4,0.0,71.0,182.0
Armagh,1963,6,18.5,9.4,0.0,120.8,164.0
Armagh,1963,7,18.4,10.0,0.0,38.2,168.0
Armagh,1963,8,17.6,10.3,0.0,103.0,112.4
Armagh,1963,9,16.3,8.5,0.0,58.4,129.5
Armagh,1963,10,14.2,7.8,0.0,100.2,75.2
Armagh,1963,11,10.0,3.7,5.0,139.1,48.9
Armagh,1963,12,6.2,1.0,11.0,19.4,51.3
Armagh,1964,1,7.9,2.9,1.0,48.6,27.3
Armagh,1964,2,7.9,2.4,9.0,31.3,64.2
Armagh,1964,3,8.5,2.2,8.0,65.8,69.5
Armagh,1964,4,12.8,5.0,1.0,52.7,121.2
Armagh,1964,5,16.5,8.1,0.0,46.9,169.8
Armagh,1964,6,17.0,9.5,0.0,56.0,126.3
Armagh,1964,7,19.1,11.2,0.0,42.0,110.6
Armagh,1964,8,18.6,10.5,0.0,96.6,146.5
Armagh,1964,9,17.5,9.3,0.0,61.8,128.3
Armagh,1964,10,12.5,5.6,0.0,132.9,67.5
Armagh,1964,11,10.3,3.5,6.0,59.7,67.3
Armagh,1964,12,6.9,0.8,10.0,89.1,41.8
Armagh,1965,1,6.0,0.1,13.0,112.6,62.2
Armagh,1965,2,6.7,0.7,11.0,7.7,44.9
Armagh,1965,3,9.5,1.8,6.0,62.5,117.1
Armagh,1965,4,12.6,3.9,1.0,74.6,153.6
Armagh,1965,5,15.4,7.3,1.0,56.0,137.3
Armagh,1965,6,18.3,9.7,0.0,86.4,135.4
Armagh,1965,7,17.5,9.2,0.0,65.3,125.3
Armagh,1965,8,17.8,10.2,0.0,89.1,124.6
Armagh,1965,9,15.5,7.9,0.0,68.2,70.8
Armagh,1965,10,14.2,7.4,0.0,59.0,75.5
Armagh,1965,11,7.3,1.7,10.0,118.5,70.8
Armagh,1965,12,7.6,1.4,6.0,96.8,52.3
Armagh,1966,1,6.2,1.9,10.0,69.5,29.5
Armagh,1966,2,7.8,3.6,0.0,116.5,41.2
Armagh,1966,3,11.6,3.9,1.0,60.7,124.8
Armagh,1966,4,9.9,3.7,4.0,101.5,88.9
Armagh,1966,5,15.9,6.3,0.0,69.4,219.5
Armagh,1966,6,18.9,11.1,0.0,103.1,140.3
Armagh,1966,7,19.0,10.2,0.0,35.9,164.1
Armagh,1966,8,17.9,9.7,0.0,67.5,128.2
Armagh,1966,9,17.7,10.1,0.0,68.6,106.1
Armagh,1966,10,12.8,5.4,1.0,144.1,103.6
Armagh,1966,11,8.0,1.7,8.0,84.9,63.0
Armagh,1966,12,8.2,2.3,4.0,111.4,40.5
Armagh,1967,1,7.6,2.4,7.0,51.3,50.3
Armagh,1967,2,8.8,2.4,2.0,72.1,83.9
Armagh,1967,3,10.1,3.3,3.0,62.6,115.1
Armagh,1967,4,13.4,4.1,1.0,42.0,140.3
Armagh,1967,5,13.8,5.3,2.0,108.9,140.5
Armagh,1967,6,18.5,9.0,0.0,28.8,165.9
Armagh,1967,7,19.6,11.1,0.0,93.7,97.6
Armagh,1967,8,18.7,10.5,0.0,83.5,127.2
Armagh,1967,9,17.0,9.1,0.0,115.6,120.9
Armagh,1967,10,12.9,5.9,0.0,124.1,88.0
Armagh,1967,11,9.3,2.0,7.0,54.1,75.0
Armagh,1967,12,7.1,1.9,11.0,67.8,41.1
Armagh,1968,1,7.8,2.5,7.0,87.3,33.6
Armagh,1968,2,5.8,-1.4,22.0,34.0,92.6
Armagh,1968,3,10.4,2.3,3.0,57.2,100.7
Armagh,1968,4,12.4,3.4,9.0,56.8,151.7
Armagh,1968,5,14.0,4.8,3.0,52.8,156.8
Armagh,1968,6,19.5,9.1,0.0,66.3,215.5
Armagh,1968,7,19.1,9.9,0.0,23.9,127.6
Armagh,1968,8,20.4,10.1,0.0,53.8,177.9
Armagh,1968,9,17.0,9.1,0.0,87.2,108.3
Armagh,1968,10,15.0,9.3,0.0,94.4,59.0
Armagh,1968,11,9.5,4.1,4.0,94.0,46.9
Armagh,1968,12,6.7,1.3,14.0,69.1,32.7
Armagh,1969,1,7.1,2.2,8.0,110.5,29.4
Armagh,1969,2,4.2,-1.8,16.0,59.2,65.9
Armagh,1969,3,7.3,0.3,13.0,33.3,82.8
Armagh,1969,4,12.7,2.3,8.0,64.6,184.8
Armagh,1969,5,14.8,6.4,0.0,102.2,128.8
Armagh,1969,6,18.3,8.3,0.0,60.4,190.0
Armagh,1969,7,20.2,11.4,0.0,33.8,165.9
Armagh,1969,8,19.3,11.6,0.0,54.3,135.3
Armagh,1969,9,17.0,9.5,0.0,21.5,77.2
Armagh,1969,10,16.1,9.2,0.0,37.2,64.8
Armagh,1969,11,7.2,0.9,15.0,128.3,61.5
Armagh,1969,12,6.8,1.6,9.0,75.2,31.7
Armagh,1970,1,6.5,1.0,11.0,76.1,24.7
Armagh,1970,2,5.8,-0.3,16.0,103.7,81.3
Armagh,1970,3,8.6,1.0,13.0,57.2,105.8
Armagh,1970,4,11.2,2.7,9.0,67.1,126.7
Armagh,1970,5,16.9,8.4,0.0,37.9,109.2
Armagh,1970,6,20.5,11.1,0.0,56.7,184.0
Armagh,1970,7,18.3,10.0,0.0,94.8,90.0
Armagh,1970,8,20.0,10.5,0.0,102.2,132.9
Armagh,1970,9,17.0,9.4,0.0,76.4,79.6
Armagh,1970,10,13.3,7.4,0.0,80.0,59.0
Armagh,1970,11,9.4,3.9,3.0,98.0,62.7
Armagh,1970,12,7.1,1.9,8.0,33.0,50.3
Armagh,1971,1,7.5,2.4,6.0,47.8,54.2
Armagh,1971,2,8.4,2.6,5.0,54.3,55.2
Armagh,1971,3,9.8,1.9,7.0,28.8,76.2
Armagh,1971,4,12.1,3.9,2.0,82.9,116.6
Armagh,1971,5,15.6,6.3,0.0,49.9,162.6
Armagh,1971,6,16.3,7.7,0.0,99.6,125.8
Armagh,1971,7,20.6,11.0,0.0,54.4,166.4
Armagh,1971,8,18.2,10.8,0.0,108.3,100.1
Armagh,1971,9,18.9,8.9,0.0,31.9,141.1
Armagh,1971,10,14.7,8.2,2.0,37.7,87.6
Armagh,1971,11,9.7,3.4,8.0,81.4,49.5
Armagh,1971,12,9.1,4.2,6.0,17.0,26.4
Armagh,1972,1,6.4,0.6,10.0,109.6,38.2
Armagh,1972,2,7.5,1.1,7.0,54.6,69.8
Armagh,1972,3,10.0,1.6,9.0,82.4,110.3
Armagh,1972,4,13.0,3.8,2.0,58.2,129.7
Armagh,1972,5,14.2,5.8,0.0,85.1,130.0
Armagh,1972,6,15.6,6.6,0.0,63.5,139.8
Armagh,1972,7,19.7,10.2,0.0,56.4,147.1
Armagh,1972,8,17.8,9.3,0.0,37.6,96.0
Armagh,1972,9,16.4,6.4,0.0,9.8,121.9
Armagh,1972,10,13.5,6.6,0.0,42.5,84.8
Armagh,1972,11,8.3,2.3,10.0,82.6,58.0
Armagh,1972,12,8.8,2.6,9.0,69.8,48.3
Armagh,1973,1,7.6,2.8,6.0,93.8,24.5
Armagh,1973,2,7.1,1.5,11.0,63.1,64.6
Armagh,1973,3,10.3,2.1,8.0,27.6,94.3
Armagh,1973,4,11.5,3.0,5.0,52.8,123.8
Armagh,1973,5,15.0,6.3,0.0,59.8,133.5
Armagh,1973,6,19.1,9.7,0.0,26.1,157.9
Armagh,1973,7,19.2,11.3,0.0,72.3,108.6
Armagh,1973,8,19.7,10.8,0.0,78.7,124.9
Armagh,1973,9,17.1,9.1,0.0,52.1,106.4
Armagh,1973,10,12.1,5.5,4.0,57.3,79.1
Armagh,1973,11,8.9,2.9,8.0,75.0,44.5
Armagh,1973,12,7.8,2.1,6.0,67.8,41.5
Armagh,1974,1,8.7,3.4,3.0,117.1,36.7
Armagh,1974,2,7.9,2.4,6.0,60.2,59.6
Armagh,1974,3,9.2,2.1,5.0,31.8,92.7
Armagh,1974,4,13.8,3.0,2.0,38.0,198.1
Armagh,1974,5,14.1,6.5,0.0,86.7,130.4
Armagh,1974,6,17.1,8.2,0.0,49.8,154.4
Armagh,1974,7,17.5,10.3,0.0,97.8,116.7
Armagh,1974,8,18.7,10.2,0.0,57.6,155.7
Armagh,1974,9,14.5,7.4,1.0,99.3,104.1
Armagh,1974,10,10.7,4.3,1.0,43.7,81.6
Armagh,1974,11,8.2,2.2,5.0,71.6,78.2
Armagh,1974,12,9.6,4.4,2.0,90.1,30.5
Armagh,1975,1,8.5,3.4,4.0,110.3,50.5
Armagh,1975,2,8.1,2.1,6.0,19.9,74.0
Armagh,1975,3,8.7,1.4,10.0,41.5,121.2
Armagh,1975,4,12.9,4.5,5.0,38.9,139.1
Armagh,1975,5,15.5,4.7,1.0,15.4,239.3
Armagh,1975,6,19.7,8.4,0.0,15.0,213.1
Armagh,1975,7,20.8,11.8,0.0,34.3,126.8
Armagh,1975,8,21.6,12.0,0.0,47.6,148.1
Armagh,1975,9,15.8,8.4,0.0,143.5,111.4
Armagh,1975,10,13.4,7.6,2.0,60.4,79.3
Armagh,1975,11,9.4,3.3,4.0,41.1,56.3
Armagh,1975,12,7.9,3.0,6.0,18.0,25.9
Armagh,1976,1,7.7,3.4,6.0,79.1,32.7
Armagh,1976,2,7.6,2.1,8.0,40.3,44.0
Armagh,1976,3,8.7,2.4,5.0,55.6,67.9
Armagh,1976,4,13.0,4.4,2.0,17.4,149.1
Armagh,1976,5,14.8,6.6,0.0,102.1,110.4
Armagh,1976,6,20.2,11.1,0.0,53.2,174.4
Armagh,1976,7,20.5,12.4,0.0,53.2,122.3
Armagh,1976,8,22.4,10.3,0.0,13.8,237.6
Armagh,1976,9,15.9,8.6,0.0,85.2,86.7
Armagh,1976,10,11.9,5.7,0.0,135.6,74.7
Armagh,1976,11,8.2,2.8,6.0,30.7,71.5
Armagh,1976,12,3.9,-0.4,17.0,82.2,24.3
Armagh,1977,1,4.9,-0.2,17.0,89.4,50.3
Armagh,1977,2,6.7,1.4,6.0,116.3,40.0
Armagh,1977,3,9.9,3.8,2.0,64.6,77.0
Armagh,1977,4,11.0,3.5,5.0,50.5,137.8
Armagh,1977,5,15.2,4.6,2.0,20.0,226.2
Armagh,1977,6,17.5,7.5,0.0,54.0,170.3
Armagh,1977,7,20.4,11.6,0.0,21.8,174.8
Armagh,1977,8,19.2,9.7,0.0,97.9,173.7
Armagh,1977,9,15.8,8.7,0.0,47.2,93.2
Armagh,1977,10,14.2,8.7,0.0,66.0,79.0
Armagh,1977,11,7.0,1.2,10.0,91.5,58.1
Armagh,1977,12,8.2,3.8,3.0,69.4,20.0
Armagh,1978,1,5.7,0.8,11.0,77.4,64.7
Armagh,1978,2,5.9,0.4,12.0,47.2,61.7
Armagh,1978,3,9.5,2.8,6.0,85.4,100.6
Armagh,1978,4,10.6,2.9,4.0,26.3,109.1
Armagh,1978,5,16.7,6.5,0.0,28.6,163.8
Armagh,1978,6,16.9,8.8,0.0,42.4,123.5
Armagh,1978,7,18.1,10.5,0.0,55.8,121.9
Armagh,1978,8,17.8,11.0,0.0,50.9,73.0
Armagh,1978,9,16.6,10.2,0.0,72.2,88.6
Armagh,1978,10,14.2,9.2,0.0,44.3,88.4
Armagh,1978,11,10.8,5.3,4.0,77.2,54.4
Armagh,1978,12,6.4,2.0,9.0,166.0,42.8
Armagh,1979,1,3.7,-2.3,23.0,61.8,55.7
Armagh,1979,2,4.8,-0.3,16.0,19.2,58.5
Armagh,1979,3,7.6,0.7,14.0,72.3,103.5
Armagh,1979,4,10.8,3.4,2.0,73.7,121.7
Armagh,1979,5,13.1,4.5,4.0,99.4,153.9
Armagh,1979,6,17.7,9.2,0.0,52.7,134.4
Armagh,1979,7,19.1,11.3,0.0,34.7,107.2
Armagh,1979,8,18.0,9.7,0.0,107.9,123.0
Armagh,1979,9,15.9,8.5,0.0,40.8,101.2
Armagh,1979,10,13.5,7.7,1.0,112.4,89.4
Armagh,1979,11,9.7,3.3,7.0,98.7,62.4
Armagh,1979,12,6.6,2.0,10.0,91.7,45.0
Armagh,1980,1,5.2,-0.4,19.0,75.0,41.7
Armagh,1980,2,8.1,2.0,8.0,72.9,53.8
Armagh,1980,3,8.2,1.1,10.0,101.5,95.2
Armagh,1980,4,13.7,4.3,0.0,14.0,128.1
Armagh,1980,5,16.2,6.4,0.0,34.2,220.1
Armagh,1980,6,16.7,9.1,0.0,96.8,88.7
Armagh,1980,7,17.4,10.1,0.0,50.4,96.9
Armagh,1980,8,19.2,10.9,0.0,59.6,96.2
Armagh,1980,9,17.0,10.7,0.0,70.3,92.5
Armagh,1980,10,11.8,5.4,0.0,112.0,81.0
Armagh,1980,11,9.2,4.0,6.0,61.7,52.2
Armagh,1980,12,8.1,2.3,7.0,99.9,23.9
Armagh,1981,1,7.9,2.6,6.0,50.9,37.1
Armagh,1981,2,6.9,1.5,7.0,47.3,59.6
Armagh,1981,3,10.9,4.0,0.0,108.0,76.3
Armagh,1981,4,12.8,3.8,3.0,47.7,152.5
Armagh,1981,5,15.0,6.6,1.0,97.8,126.8
Armagh,1981,6,16.9,8.8,0.0,85.0,109.9
Armagh,1981,7,18.3,11.1,0.0,63.8,95.9
Armagh,1981,8,20.0,11.1,0.0,35.9,110.0
Armagh,1981,9,17.0,10.0,0.0,136.8,110.3
Armagh,1981,10,10.4,3.4,2.0,110.6,92.5
Armagh,1981,11,10.1,3.9,3.0,70.1,48.2
Armagh,1981,12,4.0,-1.1,16.0,69.2,17.8
Armagh,1982,1,6.3,0.9,14.0,79.9,42.3
Armagh,1982,2,8.1,2.0,9.0,65.7,61.2
Armagh,1982,3,10.1,2.1,5.0,101.6,134.5
Armagh,1982,4,14.1,4.5,2.0,9.0,141.5
Armagh,1982,5,15.7,6.0,3.0,30.7,170.1
Armagh,1982,6,18.6,10.2,0.0,80.0,132.6
Armagh,1982,7,20.7,11.1,0.0,15.1,155.9
Armagh,1982,8,18.9,10.5,0.0,64.1,122.9
Armagh,1982,9,16.6,9.3,0.0,69.3,108.8
Armagh,1982,10,12.8,5.9,0.0,101.4,77.0
Armagh,1982,11,8.7,3.3,2.0,131.0,41.3
Armagh,1982,12,6.9,1.2,13.0,114.3,41.5
Armagh,1983,1,8.4,2.8,4.0,76.5,40.5
Armagh,1983,2,5.5,0.0,13.0,34.4,67.5
Armagh,1983,3,10.1,3.9,2.0,79.6,54.5
Armagh,1983,4,10.7,1.7,11.0,60.1,147.6
Armagh,1983,5,13.8,6.0,0.0,67.0,117.1
Armagh,1983,6,17.4,9.6,0.0,40.2,114.0
Armagh,1983,7,23.3,12.6,0.0,15.1,177.1
Armagh,1983,8,21.4,12.5,0.0,32.5,117.1
Armagh,1983,9,16.2,9.5,0.0,67.6,67.1
Armagh,1983,10,13.0,6.7,2.0,92.4,79.7
Armagh,1983,11,10.1,4.1,6.0,28.4,27.5
Armagh,1983,12,8.8,4.0,6.0,111.3,29.8
Armagh,1984,1,5.2,-0.4,15.0,127.9,38.7
Armagh,1984,2,7.3,1.5,8.0,94.7,42.1
Armagh,1984,3,8.2,1.8,5.0,65.5,71.3
Armagh,1984,4,13.3,3.8,4.0,13.9,158.4
Armagh,1984,5,15.9,4.1,0.0,20.3,214.1
Armagh,1984,6,18.8,10.2,0.0,47.4,132.3
Armagh,1984,7,21.0,11.0,0.0,49.9,173.0
Armagh,1984,8,21.1,11.7,0.0,87.2,141.5
Armagh,1984,9,15.9,8.8,0.0,78.8,96.5
Armagh,1984,10,13.3,6.1,2.0,79.7,87.7
Armagh,1984,11,8.7,2.9,5.0,90.8,48.4
Armagh,1984,12,8.0,2.4,7.0,81.6,28.4
Armagh,1985,1,3.2,-2.2,25.0,46.8,52.5
Armagh,1985,2,6.5,1.0,14.0,23.5,69.6
Armagh,1985,3,8.4,1.4,8.0,57.6,85.1
Armagh,1985,4,12.7,4.8,2.0,50.5,126.5
Armagh,1985,5,14.6,6.0,0.0,63.2,145.4
Armagh,1985,6,17.1,7.7,0.0,55.1,154.3
Armagh,1985,7,18.8,11.2,0.0,99.4,89.6
Armagh,1985,8,16.9,10.0,0.0,136.8,98.3
Armagh,1985,9,17.6,10.2,0.0,88.3,79.7
Armagh,1985,10,13.8,7.3,0.0,42.7,71.2
Armagh,1985,11,7.9,-0.1,18.0,40.4,62.7
Armagh,1985,12,8.6,3.2,6.0,60.1,46.9
Armagh,1986,1,6.5,0.5,12.0,105.0,41.6
Armagh,1986,2,3.5,-1.7,19.0,4.4,68.1
Armagh,1986,3,9.4,1.8,8.0,71.3,113.8
Armagh,1986,4,10.0,1.5,7.0,99.6,138.0
Armagh,1986,5,14.0,6.5,0.0,98.4,159.6
Armagh,1986,6,18.6,9.8,0.0,44.5,141.1
Armagh,1986,7,18.0,11.2,0.0,51.6,76.2
Armagh,1986,8,16.2,8.1,0.0,109.3,110.3
Armagh,1986,9,16.2,6.7,0.0,4.2,142.8
Armagh,1986,10,13.6,6.8,0.0,90.6,105.4
Armagh,1986,11,10.3,3.5,3.0,83.2,74.9
Armagh,1986,12,8.2,2.6,5.0,100.5,40.6
Armagh,1987,1,5.6,0.1,15.0,31.0,41.1
Armagh,1987,2,8.0,-0.2,13.0,35.4,62.6
Armagh,1987,3,8.6,1.2,11.0,77.8,71.7
Armagh,1987,4,13.6,5.2,1.0,41.9,91.1
Armagh,1987,5,15.2,5.7,0.0,27.3,170.6
Armagh,1987,6,15.5,8.1,0.0,91.4,77.4
Armagh,1987,7,19.9,11.5,0.0,36.4,109.5
Armagh,1987,8,18.8,11.0,0.0,105.1,105.2
Armagh,1987,9,16.3,8.2,0.0,76.5,145.8
Armagh,1987,10,11.9,4.5,2.0,128.5,109.1
Armagh,1987,11,9.4,3.8,4.0,46.9,52.9
Armagh,1987,12,8.2,2.6,8.0,34.0,23.7
Armagh,1988,1,7.1,1.5,6.0,129.9,55.5
Armagh,1988,2,7.8,1.5,8.0,76.8,71.1
Armagh,1988,3,9.7,3.3,2.0,108.2,80.6
Armagh,1988,4,12.8,4.6,3.0,30.6,134.0
Armagh,1988,5,15.7,6.1,0.0,51.2,172.6
Armagh,1988,6,19.6,9.6,0.0,37.4,166.4
Armagh,1988,7,17.4,10.5,0.0,91.5,114.6
Armagh,1988,8,17.9,10.5,0.0,86.5,116.6
Armagh,1988,9,15.9,9.2,0.0,77.4,108.3
Armagh,1988,10,13.1,6.2,3.0,89.2,95.4
Armagh,1988,11,9.3,2.1,8.0,34.5,66.8
Armagh,1988,12,9.9,5.4,0.0,67.0,38.1
Armagh,1989,1,9.7,4.1,0.0,46.6,55.5
Armagh,1989,2,9.0,2.4,5.0,48.1,87.7
Armagh,1989,3,10.6,2.7,3.0,81.3,112.4
Armagh,1989,4,10.7,2.0,8.0,89.8,109.1
Armagh,1989,5,17.2,6.7,0.0,20.0,227.5
Armagh,1989,6,19.1,9.0,0.0,34.3,183.1
Armagh,1989,7,23.8,12.3,0.0,36.1,243.8
Armagh,1989,8,18.5,11.5,0.0,88.2,118.1
Armagh,1989,9,16.3,9.2,0.0,48.5,98.5
Armagh,1989,10,13.8,8.3,0.0,93.0,61.7
Armagh,1989,11,8.9,4.0,5.0,25.1,45.2
Armagh,1989,12,6.4,1.0,12.0,54.5,24.3
Armagh,1990,1,9.0,3.3,1.0,88.1,58.6
Armagh,1990,2,8.7,2.6,2.0,153.7,61.0
Armagh,1990,3,11.3,5.3,2.0,39.8,88.9
Armagh,1990,4,12.2,3.5,1.0,48.5,149.4
Armagh,1990,5,17.1,7.5,0.0,42.6,165.0
Armagh,1990,6,16.9,9.0,0.0,69.5,135.5
Armagh,1990,7,20.2,11.4,0.0,31.8,214.9
Armagh,1990,8,19.5,12.6,0.0,90.6,104.3
Armagh,1990,9,16.1,8.0,0.0,23.1,120.0
Armagh,1990,10,13.5,8.2,0.0,147.7,77.2
Armagh,1990,11,9.5,3.2,7.0,51.0,73.0
Armagh,1990,12,7.2,1.2,9.0,97.3,46.1
Armagh,1991,1,6.3,0.7,14.0,64.0,69.4
Armagh,1991,2,6.3,-0.3,14.0,33.3,48.4
Armagh,1991,3,10.7,3.9,4.0,85.8,87.2
Armagh,1991,4,11.3,4.5,0.0,90.0,147.0
Armagh,1991,5,15.4,7.1,1.0,6.6,143.6
Armagh,1991,6,15.7,8.0,0.0,57.0,114.3
Armagh,1991,7,20.1,12.7,0.0,20.1,132.5
Armagh,1991,8,20.1,12.0,0.0,26.0,153.0
Armagh,1991,9,18.4,9.1,0.0,39.4,163.2
Armagh,1991,10,12.3,6.5,0.0,82.1,70.8
Armagh,1991,11,9.4,3.4,4.0,84.2,63.8
Armagh,1991,12,8.8,3.5,3.0,91.2,31.2
Armagh,1992,1,7.2,2.4,7.0,59.0,26.8
Armagh,1992,2,9.1,2.5,6.0,40.2,55.5
Armagh,1992,3,10.4,4.5,0.0,95.7,71.9
Armagh,1992,4,11.3,4.8,0.0,70.7,79.5
Armagh,1992,5,16.6,7.9,0.0,36.8,179.2
Armagh,1992,6,19.5,10.5,0.0,52.2,158.6
Armagh,1992,7,18.9,11.3,0.0,59.4,112.9
Armagh,1992,8,17.3,10.3,0.0,146.4,143.3
Armagh,1992,9,15.3,8.0,0.0,64.2,85.9
Armagh,1992,10,11.0,4.0,2.0,47.6,85.5
Armagh,1992,11,10.0,4.1,2.0,101.3,57.8
Armagh,1992,12,7.0,0.9,9.0,63.2,40.4
Armagh,1993,1,8.4,3.0,2.0,90.3,40.4
Armagh,1993,2,8.9,4.1,4.0,17.5,24.8
Armagh,1993,3,9.8,3.2,7.0,39.0,77.4
Armagh,1993,4,12.7,5.5,0.0,82.3,112.1
Armagh,1993,5,14.5,6.5,0.0,129.8,121.2
Armagh,1993,6,17.6,10.6,0.0,64.9,88.3
Armagh,1993,7,17.4,11.2,0.0,78.8,92.6
Armagh,1993,8,17.5,10.1,0.0,57.8,140.4
Armagh,1993,9,15.7,8.6,0.0,97.7,96.4
Armagh,1993,10,11.0,4.1,5.0,40.1,87.0
Armagh,1993,11,8.5,2.4,8.0,45.1,56.8
Armagh,1993,12,7.3,2.3,5.0,141.9,34.0
Armagh,1994,1,7.7,1.9,9.0,90.7,53.1
Armagh,1994,2,6.1,0.1,13.0,107.8,48.6
Armagh,1994,3,9.9,3.8,0.0,86.8,106.4
Armagh,1994,4,11.7,3.5,1.0,66.7,174.4
Armagh,1994,5,13.8,5.9,0.0,39.7,142.2
Armagh,1994,6,16.4,9.3,0.0,37.6,102.9
Armagh,1994,7,19.5,11.8,0.0,59.2,127.5
Armagh,1994,8,17.9,10.3,0.0,62.4,113.4
Armagh,1994,9,15.8,8.3,0.0,63.2,110.5
Armagh,1994,10,13.5,6.7,0.0,38.4,112.9
Armagh,1994,11,12.5,6.3,0.0,56.0,60.6
Armagh,1994,12,8.9,3.2,4.0,109.5,49.9
Armagh,1995,1,7.6,1.4,11.0,103.0,32.2
Armagh,1995,2,8.8,3.0,1.0,89.3,58.3
Armagh,1995,3,8.8,1.9,7.0,60.4,102.2
Armagh,1995,4,13.0,4.7,5.0,32.9,149.1
Armagh,1995,5,14.9,6.6,0.0,25.9,164.3
Armagh,1995,6,19.0,9.2,0.0,28.9,227.0
Armagh,1995,7,21.2,12.7,0.0,41.5,150.9
Armagh,1995,8,23.8,12.5,0.0,10.4,242.7
Armagh,1995,9,17.1,9.1,0.0,60.3,124.4
Armagh,1995,10,15.4,9.1,0.0,134.6,105.1
Armagh,1995,11,11.0,5.2,3.0,152.0,60.5
Armagh,1995,12,5.6,1.0,11.0,39.9,31.5
Armagh,1996,1,7.9,4.3,5.0,77.0,24.1
Armagh,1996,2,7.2,-0.4,17.0,65.9,109.4
Armagh,1996,3,7.8,2.9,2.0,48.5,47.6
Armagh,1996,4,12.5,4.8,4.0,93.2,116.4
Armagh,1996,5,13.3,4.4,2.0,78.9,170.5
Armagh,1996,6,18.2,9.1,0.0,23.0,184.9
Armagh,1996,7,19.2,11.2,0.0,54.1,138.4
Armagh,1996,8,18.4,11.0,0.0,83.5,100.7
Armagh,1996,9,17.6,9.1,0.0,27.5,142.8
Armagh,1996,10,14.1,8.1,0.0,76.1,72.1
Armagh,1996,11,8.8,2.3,12.0,76.1,72.0
Armagh,1996,12,6.3,1.4,10.0,48.2,41.9
Armagh,1997,1,6.7,2.2,10.0,18.9,20.5
Armagh,1997,2,9.6,2.8,3.0,94.6,75.9
Armagh,1997,3,11.7,4.5,6.0,29.2,88.6
Armagh,1997,4,13.2,5.4,1.0,34.6,81.9
Armagh,1997,5,15.6,6.9,1.0,84.6,201.9
Armagh,1997,6,16.5,9.1,0.0,91.6,136.6
Armagh,1997,7,19.5,11.9,0.0,95.3,122.5
Armagh,1997,8,21.0,13.3,0.0,43.0,185.0
Armagh,1997,9,16.9,9.3,0.0,35.6,145.9
Armagh,1997,10,13.7,7.2,0.0,67.4,87.0
Armagh,1997,11,11.3,6.3,1.0,82.2,47.3
Armagh,1997,12,9.1,3.5,4.0,85.5,36.3
Armagh,1998,1,7.6,2.4,8.0,111.6,55.0
Armagh,1998,2,11.1,5.7,0.0,15.6,61.0
Armagh,1998,3,11.0,5.2,0.0,51.3,60.1
Armagh,1998,4,11.0,4.0,6.0,76.8,133.5
Armagh,1998,5,16.0,8.0,0.0,37.6,137.7
Armagh,1998,6,16.9,9.5,0.0,84.8,137.1
Armagh,1998,7,17.9,11.3,0.0,85.6,127.2
Armagh,1998,8,19.0,11.7,0.0,55.1,156.3
Armagh,1998,9,17.3,10.5,0.0,53.4,106.9
Armagh,1998,10,13.3,7.2,0.0,118.4,105.7
Armagh,1998,11,9.9,4.2,2.0,70.2,66.6
Armagh,1998,12,9.2,3.5,5.0,89.9,34.5
Armagh,1999,1,7.6,2.3,5.0,107.3,45.3
Armagh,1999,2,8.4,3.0,4.0,50.9,62.3
Armagh,1999,3,11.0,3.7,3.0,38.9,128.3
Armagh,1999,4,13.3,5.8,5.0,63.6,160.8
Armagh,1999,5,15.6,8.5,0.0,48.2,120.6
Armagh,1999,6,16.5,9.2,0.0,40.2,126.9
Armagh,1999,7,20.7,12.4,0.0,39.6,187.3
Armagh,1999,8,18.9,11.7,0.0,65.1,117.9
Armagh,1999,9,17.5,11.4,0.0,158.9,106.9
Armagh,1999,10,13.6,7.9,0.0,30.5,92.6
Armagh,1999,11,10.6,4.7,1.0,79.7,52.4
Armagh,1999,12,7.4,1.7,6.0,153.6,39.1
Armagh,2000,1,8.0,2.4,6.0,29.3,41.9
Armagh,2000,2,9.3,2.9,3.0,79.0,78.9
Armagh,2000,3,11.1,4.6,2.0,28.2,82.9
Armagh,2000,4,10.9,3.3,5.0,105.6,138.5
Armagh,2000,5,16.6,6.5,0.0,45.2,233.1
Armagh,2000,6,18.0,10.0,0.0,51.5,140.7
Armagh,2000,7,20.1,10.9,0.0,13.4,119.1
Armagh,2000,8,20.5,11.5,0.0,110.6,167.7
Armagh,2000,9,17.6,10.6,0.0,89.6,114.6
Armagh,2000,10,13.0,6.8,0.0,109.1,96.8
Armagh,2000,11,9.0,3.4,1.0,102.1,42.1
Armagh,2000,12,7.6,2.6,11.0,115.8,32.2
Armagh,2001,1,6.2,-0.1,13.0,35.6,63.6
Armagh,2001,2,8.4,0.9,13.0,43.0,87.5
Armagh,2001,3,8.4,1.7,9.0,55.4,117.2
Armagh,2001,4,11.7,3.8,2.0,63.3,124.8
Armagh,2001,5,17.4,7.5,0.0,51.7,196.7
Armagh,2001,6,17.0,9.4,0.0,51.5,125.8
Armagh,2001,7,19.4,11.5,0.0,41.1,121.2
Armagh,2001,8,19.5,11.7,0.0,88.1,152.2
Armagh,2001,9,17.2,9.8,0.0,52.2,117.8
Armagh,2001,10,15.3,9.8,0.0,80.2,90.7
Armagh,2001,11,11.0,5.6,0.0,41.6,35.6
Armagh,2001,12,7.8,0.5,15.0,43.1,77.0
Armagh,2002,1,9.8,3.8,4.0,78.9,52.1
Armagh,2002,2,9.6,3.2,2.0,110.5,84.4
Armagh,2002,3,11.6,3.8,5.0,56.5,122.7
Armagh,2002,4,13.0,5.1,2.0,113.2,170.6
Armagh,2002,5,15.5,7.2,0.0,107.8,167.7
Armagh,2002,6,16.9,10.2,0.0,76.7,128.4
Armagh,2002,7,17.9,11.2,0.0,102.8,102.0
Armagh,2002,8,19.7,11.9,0.0,41.4,119.4
Armagh,2002,9,17.8,9.8,0.0,39.9,119.9
Armagh,2002,10,12.7,5.9,1.0,158.0,79.4
Armagh,2002,11,11.4,6.0,0.0,133.9,62.0
Armagh,2002,12,7.5,3.1,6.0,50.8,36.9
Armagh,2003,1,7.6,1.7,11.0,70.4,61.1
Armagh,2003,2,8.2,1.2,11.0,53.4,88.1
Armagh,2003,3,12.4,2.0,8.0,32.1,146.1
Armagh,2003,4,14.3,5.1,3.0,31.5,169.4
Armagh,2003,5,14.7,7.4,0.0,108.6,144.4
Armagh,2003,6,18.3,10.3,0.0,89.3,170.5
Armagh,2003,7,19.8,13.1,0.0,78.7,108.9
Armagh,2003,8,21.1,11.7,0.0,17.4,183.6
Armagh,2003,9,17.7,9.6,0.0,52.2,114.3
Armagh,2003,10,12.8,5.2,3.0,31.6,96.8
Armagh,2003,11,11.0,4.8,0.0,64.6,89.0
Armagh,2003,12,8.4,2.2,8.0,53.8,51.7
Armagh,2004,1,8.1,2.6,7.0,79.1,51.1
Armagh,2004,2,8.9,1.3,14.0,27.1,100.0
Armagh,2004,3,10.9,3.1,5.0,58.5,131.0
Armagh,2004,4,12.9,5.5,0.0,53.3,150.8
Armagh,2004,5,16.5,7.0,0.0,51.9,181.3
Armagh,2004,6,19.0,11.1,0.0,67.5,144.2
Armagh,2004,7,18.5,11.1,0.0,49.7,140.6
Armagh,2004,8,20.2,12.5,0.0,100.7,166.2
Armagh,2004,9,17.3,10.7,0.0,77.5,118.0
Armagh,2004,10,12.6,5.7,1.0,143.3,99.1
Armagh,2004,11,10.9,6.2,2.0,36.6,43.4
Armagh,2004,12,9.4,3.5,4.0,54.2,50.7
Armagh,2005,1,9.2,3.6,3.0,86.7,44.4
Armagh,2005,2,8.3,2.0,6.0,39.4,71.1
Armagh,2005,3,11.4,4.2,5.0,47.2,82.8
Armagh,2005,4,12.5,4.4,1.0,53.1,139.6
Armagh,2005,5,15.1,6.1,0.0,76.7,178.4
Armagh,2005,6,18.7,10.9,0.0,37.8,114.0
Armagh,2005,7,19.6,12.2,0.0,66.9,118.5
Armagh,2005,8,19.3,11.7,0.0,56.8,140.2
Armagh,2005,9,18.0,11.0,0.0,68.0,106.4
Armagh,2005,10,14.8,8.8,0.0,91.5,72.1
Armagh,2005,11,10.0,2.8,9.0,47.1,78.8
Armagh,2005,12,8.6,3.0,7.0,67.9,32.2
Armagh,2006,1,8.1,2.0,7.0,29.8,39.5
Armagh,2006,2,8.5,1.0,12.0,29.8,86.6
Armagh,2006,3,9.5,2.1,8.0,90.5,87.0
Armagh,2006,4,12.7,4.0,3.0,45.2,164.2
Armagh,2006,5,15.6,6.9,0.0,95.7,179.2
Armagh,2006,6,20.3,10.4,0.0,14.6,186.0
Armagh,2006,7,23.4,12.7,0.0,57.9,228.3
Armagh,2006,8,19.3,11.7,0.0,62.1,103.3
Armagh,2006,9,18.8,11.3,0.0,112.4,116.5
Armagh,2006,10,15.7,8.5,0.0,113.7,98.5
Armagh,2006,11,10.9,4.0,2.0,82.4,85.1
Armagh,2006,12,9.1,3.6,4.0,93.8,51.4
Armagh,2007,1,9.6,3.4,6.0,78.2,56.3
Armagh,2007,2,9.5,2.1,7.0,44.7,76.0
Armagh,2007,3,10.9,2.8,5.0,66.8,112.8
Armagh,2007,4,16.4,6.1,0.0,16.1,203.6
Armagh,2007,5,16.4,6.9,0.0,49.8,237.9
Armagh,2007,6,18.7,10.3,0.0,135.3,126.1
Armagh,2007,7,18.8,10.9,0.0,131.0,150.0
Armagh,2007,8,18.9,11.6,0.0,109.8,118.2
Armagh,2007,9,17.2,10.1,0.0,25.8,120.7
Armagh,2007,10,15.6,7.9,1.0,25.8,100.1
Armagh,2007,11,11.5,6.1,4.0,58.5,36.8
Armagh,2007,12,9.6,3.0,4.0,80.6,45.2
Armagh,2008,1,8.8,3.1,4.0,133.5,41.3
Armagh,2008,2,10.2,1.7,9.0,33.4,90.4
Armagh,2008,3,10.1,2.4,5.0,90.2,124.8
Armagh,2008,4,12.8,3.9,4.0,19.8,187.1
Armagh,2008,5,18.3,8.1,0.0,20.4,239.2
Armagh,2008,6,18.1,9.4,0.0,43.8,160.4
Armagh,2008,7,19.6,12.0,0.0,94.9,114.6
Armagh,2008,8,18.6,12.4,0.0,151.2,69.0
Armagh,2008,9,16.3,9.0,0.0,98.2,88.0
Armagh,2008,10,12.5,5.5,2.0,79.0,117.5
Armagh,2008,11,9.5,4.2,3.0,36.6,51.1
Armagh,2008,12,7.3,0.6,16.0,56.2,52.5
Armagh,2009,1,6.9,1.0,12.0,64.4,64.2
Armagh,2009,2,8.1,2.6,9.0,19.2,59.2
Armagh,2009,3,11.1,2.9,6.0,32.8,108.5
Armagh,2009,4,13.5,5.4,0.0,90.9,158.9
Armagh,2009,5,15.4,7.0,0.0,77.7,202.5
Armagh,2009,6,19.7,9.3,0.0,56.6,223.9
Armagh,2009,7,19.5,12.0,0.0,97.6,151.9
Armagh,2009,8,18.9,12.0,0.0,124.7,123.0
Armagh,2009,9,17.4,9.8,0.0,23.6,122.2
Armagh,2009,10,14.7,8.5,0.0,84.6,69.4
Armagh,2009,11,10.5,4.2,5.0,171.8,71.6
Armagh,2009,12,5.8,-0.1,16.0,47.6,53.3
Armagh,2010,1,4.9,-1.0,17.0,44.0,47.3
Armagh,2010,2,6.2,-0.9,17.0,42.2,51.9
Armagh,2010,3,10.5,0.9,12.0,83.7,124.1
Armagh,2010,4,14.2,4.1,3.0,33.6,167.6
Armagh,2010,5,15.7,6.2,0.0,41.8,195.5
Armagh,2010,6,20.1,10.8,0.0,63.1,184.1
Armagh,2010,7,19.6,12.4,0.0,122.2,113.5
Armagh,2010,8,18.6,10.4,0.0,41.0,158.2
Armagh,2010,9,17.3,10.0,0.0,131.9,117.4
Armagh,2010,10,14.1,6.2,2.0,38.4,109.6
Armagh,2010,11,8.3,1.2,12.0,115.0,81.3
Armagh,2010,12,3.0,-3.8,24.0,37.7,48.7
Armagh,2011,1,6.4,0.5,11.0,31.8,71.8
Armagh,2011,2,10.3,3.4,1.0,100.8,74.6
Armagh,2011,3,11.1,2.5,7.0,50.7,119.5
Armagh,2011,4,16.6,6.9,0.0,19.5,194.0
Armagh,2011,5,15.1,8.2,0.0,68.8,182.3
Armagh,2011,6,17.0,8.7,0.0,74.0,138.5
Armagh,2011,7,19.0,10.8,0.0,32.9,121.3
Armagh,2011,8,18.5,10.5,0.0,46.1,118.6
Armagh,2011,9,17.2,11.1,0.0,90.8,91.7
Armagh,2011,10,14.2,8.8,0.0,182.5,59.2
Armagh,2011,11,12.5,6.3,1.0,91.0,74.7
Armagh,2011,12,8.2,2.9,4.0,83.0,28.7
Armagh,2012,1,8.8,3.7,2.0,67.8,45.3
Armagh,2012,2,9.4,4.3,5.0,31.3,31.0
Armagh,2012,3,13.0,4.9,2.0,16.6,120.6
Armagh,2012,4,11.4,2.6,4.0,51.2,140.8
Armagh,2012,5,15.9,6.4,0.0,50.5,203.6
Armagh,2012,6,16.5,9.3,0.0,146.6,85.6
Armagh,2012,7,18.2,10.6,0.0,113.7,107.5
Armagh,2012,8,20.0,12.4,0.0,85.4,146.7
Armagh,2012,9,16.5,8.9,0.0,86.3,123.8
Armagh,2012,10,12.5,4.7,1.0,86.9,90.6
Armagh,2012,11,9.3,3.0,6.0,46.7,67.6
Armagh,2012,12,8.0,1.7,9.0,70.1,56.7
Armagh,2013,1,7.6,2.5,7.0,85.9,33.1
Armagh,2013,2,7.9,0.8,12.0,68.0,75.0
Armagh,2013,3,6.4,0.3,13.0,90.2,52.0
Armagh,2013,4,11.5,3.2,6.0,50.1,164.2
Armagh,2013,5,14.9,6.3,0.0,75.7,179.8
Armagh,2013,6,18.8,9.4,0.0,52.1,174.0
Armagh,2013,7,23.1,13.3,0.0,54.6,226.7
Armagh,2013,8,19.7,12.5,0.0,57.3,115.8
Armagh,2013,9,17.4,10.1,0.0,49.7,95.0
Armagh,2013,10,15.0,8.3,0.0,129.3,105.8
Armagh,2013,11,9.7,3.3,3.0,38.2,78.7
Armagh,2013,12,9.5,3.8,0.0,102.3,44.3
Armagh,2014,1,7.8,2.6,3.0,107.0,41.3
Armagh,2014,2,8.5,2.3,2.0,107.0,87.3
Armagh,2014,3,10.6,3.2,4.0,66.8,86.9
Armagh,2014,4,14.8,6.1,0.0,45.8,168.8
Armagh,2014,5,16.2,8.1,0.0,63.0,110.7
Armagh,2014,6,19.1,10.2,0.0,44.6,175.0
Armagh,2014,7,21.4,11.6,0.0,56.2,155.3
Armagh,2014,8,18.2,10.0,0.0,118.6,160.8
Armagh,2014,9,19.0,8.6,0.0,3.3,101.8
Armagh,2014,10,14.8,6.6,0.0,102.8,90.8
Armagh,2014,11,10.7,3.4,3.0,149.0,58.9
Armagh,2014,12,7.9,1.1,12.0,98.5,53.2
Armagh,2015,1,7.5,0.1,15.0,85.3,67.5
Armagh,2015,2,7.9,0.3,11.0,53.7,61.7
Armagh,2015,3,10.5,1.4,12.0,49.8,137.7
Armagh,2015,4,14.1,2.4,4.0,61.6,204.3
Armagh,2015,5,14.0,5.6,1.0,99.6,167.0
Armagh,2015,6,18.0,8.6,0.0,29.3,183.0
Armagh,2015,7,18.3,10.4,0.0,78.8,117.7
Armagh,2015,8,18.7,10.4,0.0,117.5,147.2
Armagh,2015,9,16.9,8.6,0.0,30.3,125.0
Armagh,2015,10,14.5,6.5,0.0,42.3,92.9
Armagh,2015,11,11.9,5.4,1.0,120.8,44.4
Armagh,2015,12,10.8,4.6,2.0,186.1,38.6
Armagh,2016,1,8.4,3.0,5.0,131.9,44.5
Armagh,2016,2,8.2,1.1,10.0,62.6,71.3
Armagh,2016,3,10.7,3.0,4.0,43.8,117.3
Armagh,2016,4,11.3,2.8,5.0,54.0,139.7
Armagh,2016,5,17.1,7.0,0.0,41.4,209.6
Armagh,2016,6,19.3,11.0,0.0,75.1,113.6
Armagh,2016,7,19.5,11.8,0.0,80.6,113.1
Armagh,2016,8,19.6,12.1,0.0,52.5,134.6
Armagh,2016,9,18.2,11.3,0.0,65.4,91.1
Armagh,2016,10,14.2,7.1,0.0,37.1,89.8
Armagh,2016,11,8.8,2.3,8.0,40.8,75.5
Armagh,2016,12,10.0,4.1,1.0,51.4,50.5
Armagh,2017,1,8.4,2.7,10.0,27.3,52.0
Armagh,2017,2,9.2,2.8,7.0,47.9,43.2
Armagh,2017,3,12.2,4.2,3.0,71.0,116.0
Armagh,2017,4,12.9,5.4,1.0,8.7,96.3
Armagh,2017,5,18.5,7.9,0.0,35.6,250.2
Armagh,2017,6,18.7,11.0,0.0,77.5,97.5
Armagh,2017,7,19.8,11.2,0.0,82.5,153.0
Armagh,2017,8,19.1,11.0,0.0,77.7,130.5
Armagh,2017,9,16.7,9.4,0.0,91.8,115.7
Armagh,2017,10,14.8,8.5,0.0,66.5,58.8
Armagh,2017,11,9.6,3.7,1.0,63.0,65.3
Armagh,2017,12,7.8,2.7,9.0,78.4,31.8
Armagh,2018,1,7.2,1.8,6.0,127.1,51.1
Armagh,2018,2,7.1,0.2,11.0,61.6,96.6
Armagh,2018,3,8.2,1.4,9.0,66.3,79.4
Armagh,2018,4,12.8,5.0,2.0,75.6,129.2
Armagh,2018,5,17.9,7.9,0.0,32.8,202.5
Armagh,2018,6,21.9,10.4,0.0,49.5,189.5
Armagh,2018,7,21.6,12.2,0.0,58.4,178.9
Armagh,2018,8,19.1,11.7,0.0,80.4,118.8
Armagh,2018,9,16.5,8.7,0.0,31.5,105.7
Armagh,2018,10,13.0,6.5,3.0,32.8,94.5
Armagh,2018,11,10.2,5.0,3.0,109.5,66.8
Armagh,2018,12,9.0,4.8,2.0,85.7,23.5
Armagh,2019,1,7.9,3.0,7.0,22.2,39.4
Armagh,2019,2,11.2,3.6,3.0,48.8,80.1
Armagh,2019,3,10.9,4.2,1.0,111.7,77.4
Armagh,2019,4,13.5,5.2,1.0,54.2,108.5
Armagh,2019,5,15.5,6.3,0.0,41.8,126.8
Armagh,2019,6,18.0,9.5,0.0,104.8,136.3
Armagh,2019,7,20.9,12.8,0.0,55.8,132.6
Armagh,2019,8,20.1,12.1,0.0,125.2,166.3
Armagh,2019,9,17.9,9.9,0.0,79.6,117.8
Armagh,2019,10,13.0,5.7,2.0,69.4,113.3
Armagh,2019,11,9.1,3.1,6.0,84.8,53.4
Armagh,2019,12,8.4,3.5,2.0,74.4,47.6
Armagh,2020,1,8.8,3.2,3.0,42.2,47.0
Armagh,2020,2,8.5,2.5,1.0,144.2,83.7
Armagh,2020,3,10.4,2.5,4.0,45.0,128.8
Armagh,2020,4,15.6,4.9,1.0,17.4,213.7
Armagh,2020,5,17.6,7.0,2.0,18.2,224.9
Armagh,2020,6,18.7,10.5,0.0,69.8,90.4
Armagh,2020,7,18.1,11.1,0.0,81.2,81.5
Armagh,2020,8,19.7,12.2,0.0,144.2,122.2
Armagh,2020,9,17.8,9.7,0.0,51.6,120.0
Armagh,2020,10,13.5,6.7,0.0,89.0,115.6
Armagh,2020,11,11.2,5.2,2.0,74.4,48.5
Armagh,2020,12,7.5,2.2,6.0,78.8,42.4
Armagh,2021,1,6.1,0.2,17.0,102.8,51.2
Armagh,2021,2,8.9,3.2,5.0,74.6,69.2
Armagh,2021,3,11.2,4.2,3.0,44.2,72.6
Armagh,2021,4,12.8,2.1,5.0,14.8,210.5
Armagh,2021,5,15.0,5.2,1.0,108.2,208.7
Armagh,2021,6,19.4,10.1,0.0,22.4,152.3
Armagh,2021,7,22.6,13.0,0.0,26.4,160.0
Armagh,2021,8,19.8,12.2,0.0,92.2,100.7
Armagh,2021,9,18.8,11.9,0.0,77.0,75.7
Armagh,2021,10,14.8,8.7,0.0,82.2,105.7
Armagh,2021,11,10.6,5.4,1.0,35.6,49.7
Armagh,2021,12,8.7,4.2,0.0,107.2,27.8
Armagh,2022,1,8.3,3.6,2.0,42.2,51.7
Armagh,2022,2,9.2,3.4,3.0,117.6,65.2
Armagh,2022,3,12.4,2.8,5.0,42.0,188.4
Armagh,2022,4,13.2,4.4,5.0,49.2,164.7
Armagh,2022,5,16.6,8.9,0.0,70.0,155.0
Armagh,2022,6,18.2,10.5,0.0,58.0,132.1
Armagh,2022,7,20.7,12.8,0.0,24.0,96.9
Armagh,2022,8,21.8,11.9,0.0,25.8,213.1
Armagh,2022,9,18.0,10.2,0.0,111.2,128.6
Armagh,2022,10,14.9,8.7,0.0,152.0,91.0
Armagh,2022,11,11.8,6.0,0.0,96.2,89.8
Armagh,2022,12,6.4,0.6,13.0,71.0,55.7
Armagh,2023,1,8.2,2.7,8.0,69.0,52.4
Armagh,2023,2,10.2,4.4,4.0,19.2,47.9
Armagh,2023,3,10.7,3.3,7.0,143.0,87.8
Armagh,2023,4,13.4,5.2,2.0,64.6,134.4
Armagh,2023,5,17.8,8.3,0.0,28.0,170.0
Armagh,2023,6,22.4,11.9,0.0,42.8,220.1
Armagh,2023,7,18.7,11.8,0.0,139.6,123.9
Armagh,2023,8,19.6,12.0,0.0,107.2,149.0
Armagh,2023,9,18.9,11.0,0.0,95.8,123.3
Armagh,2023,10,14.9,8.1,0.0,192.4,98.4
Armagh,2023,11,10.6,4.2,3.0,58.2,82.6
Armagh,2023,12,9.6,5.0,4.0,96.6,30.2
Armagh,2024,1,7.8,1.5,10.0,39.4,68.6
Armagh,2024,2,10.2,4.1,1.0,56.2,69.4
Armagh,2024,3,10.5,4.1,2.0,97.0,92.9
Armagh,2024,4,13.2,5.0,2.0,82.6,127.5
Armagh,2024,5,17.9,9.5,0.0,26.6,136.8
Armagh,2024,6,17.4,9.2,0.0,36.6,125.5
Armagh,2024,7,19.1,11.0,0.0,44.4,116.5
Armagh,2024,8,19.0,11.7,0.0,57.6,160.7
Armagh,2024,9,17.0,8.9,0.0,50.0,137.8
Armagh,2024,10,14.5,7.8,0.0,40.6,99.6
Armagh,2024,11,10.7,5.0,5.0,51.2,37.7
Armagh,2024,12,9.5,4.5,4.0,40.4,25.3
Armagh,2025,1,7.4,1.7,12.0,38.8,69.0
Armagh,2025,2,9.0,3.9,2.0,40.2,56.0
Armagh,2025,3,12.5,3.9,5.0,17.8,119.7
Armagh,2025,4,15.8,5.5,1.0,56.6,200.8
Armagh,2025,5,18.8,7.3,0.0,36.2,280.1
Armagh,2025,6,19.1,11.3,0.0,79.8,124.2
Armagh,2025,7,20.9,13.1,0.0,64.6,129.9
Armagh,2025,8,20.9,12.8,0.0,28.2,138.0
Armagh,2025,9,16.9,9.4,0.0,87.6,109.3
Armagh,2025,10,13.6,8.7,0.0,94.9,36.9
Armagh,2025,11,10.7,5.1,3.0,89.6,59.3
Armagh,2025,12,9.2,4.0,4.0,72.6,54.7
Armagh,2026,1,7.2,2.1,9.0,140.0,45.7
Armagh,2026,2,8.7,3.6,6.0,80.0,31.4
Armagh,2026,3,11.7,3.6,2.0,76.2,123.3
Armagh,2026,4,14.3,5.0,0.0,42.0,177.0
Armagh,2026,5,17.1,8.1,0.0,44.2,178.4
Armagh,2026,6,20.0,11.4,0.0,97.4,131.6
Armagh,2026,7,22.5,13.0,0.0,5.4,204.4
Armagh,2026,8,20.4,12.0,0.0,89.0,97.7
Camborne,1978,9,17.5,11.3,0.0,26.7,
Camborne,1978,10,15.6,10.7,0.0,20.4,
Camborne,1978,11,12.6,7.6,0.0,56.3,
Camborne,1978,12,9.2,5.0,5.0,276.7,
Camborne,1979,1,6.5,0.9,13.0,134.8,
Camborne,1979,2,6.7,1.9,5.0,133.0,
Camborne,1979,3,8.8,3.6,2.0,143.8,105.0
Camborne,1979,4,10.6,5.5,0.0,65.9,161.1
Camborne,1979,5,12.4,5.8,0.0,82.3,227.0
Camborne,1979,6,16.0,10.4,0.0,43.2,192.5
Camborne,1979,7,18.2,12.1,0.0,27.9,198.9
Camborne,1979,8,17.3,11.8,0.0,78.6,186.6
Camborne,1979,9,16.3,10.9,0.0,40.0,145.3
Camborne,1979,10,14.8,9.6,0.0,141.6,106.4
Camborne,1979,11,11.3,7.1,0.0,83.1,65.4
Camborne,1979,12,9.9,5.6,2.0,215.2,43.5
Camborne,1980,1,7.3,2.0,9.0,120.3,69.4
Camborne,1980,2,10.0,5.8,0.0,160.2,79.3
Camborne,1980,3,8.8,4.2,2.0,114.5,106.4
Camborne,1980,4,11.3,6.5,0.0,18.4,198.1
Camborne,1980,5,14.0,7.4,0.0,40.2,246.7
Camborne,1980,6,16.0,10.5,0.0,82.8,191.3
Camborne,1980,7,16.7,11.5,0.0,41.7,185.0
Camborne,1980,8,18.0,12.8,0.0,46.6,143.9
Camborne,1980,9,17.1,11.7,0.0,81.7,147.2
Camborne,1980,10,12.9,8.2,0.0,143.8,91.2
Camborne,1980,11,9.5,5.7,3.0,131.4,65.9
Camborne,1980,12,9.9,5.6,3.0,92.8,46.8
Camborne,1981,1,9.2,5.1,0.0,64.6,68.0
Camborne,1981,2,7.8,2.8,7.0,90.6,98.8
Camborne,1981,3,10.7,7.0,0.0,161.7,81.7
Camborne,1981,4,11.1,5.7,0.0,36.2,135.9
Camborne,1981,5,12.9,8.1,0.0,114.2,121.8
Camborne,1981,6,15.2,10.1,0.0,49.0,197.1
Camborne,1981,7,17.3,12.4,0.0,49.8,120.8
Camborne,1981,8,19.5,12.7,0.0,4.4,236.4
Camborne,1981,9,18.2,11.7,0.0,182.3,
Camborne,1981,10,12.0,7.8,0.0,150.3,64.6
Camborne,1981,11,11.3,7.6,0.0,48.1,39.9
Camborne,1981,12,8.3,3.2,3.0,202.8,54.1
Camborne,1982,1,8.9,4.9,4.0,111.2,41.9
Camborne,1982,2,9.2,5.0,2.0,88.6,68.6
Camborne,1982,3,9.9,4.6,0.0,142.3,167.9
Camborne,1982,4,12.0,5.9,0.0,31.6,227.1
Camborne,1982,5,14.2,8.0,0.0,34.5,208.0
Camborne,1982,6,17.0,11.1,0.0,114.2,169.9
Camborne,1982,7,18.9,12.7,0.0,40.1,173.9
Camborne,1982,8,18.2,12.8,0.0,67.4,141.9
Camborne,1982,9,17.4,11.5,0.0,82.8,126.4
Camborne,1982,10,13.3,8.9,0.0,167.5,72.6
Camborne,1982,11,11.4,7.6,0.0,175.7,73.7
Camborne,1982,12,9.1,4.1,2.0,148.7,38.4
Camborne,1983,1,9.8,5.9,0.0,133.9,32.8
Camborne,1983,2,6.3,1.9,9.0,32.2,79.6
Camborne,1983,3,9.6,5.5,0.0,62.8,82.6
Camborne,1983,4,10.1,4.6,0.0,156.5,178.4
Camborne,1983,5,12.5,7.6,0.0,89.7,181.7
Camborne,1983,6,16.3,10.8,0.0,29.0,173.0
Camborne,1983,7,21.7,14.6,0.0,26.3,253.1
Camborne,1983,8,20.8,13.9,0.0,15.0,234.5
Camborne,1983,9,16.8,11.8,0.0,115.8,111.5
Camborne,1983,10,13.9,9.0,0.0,84.6,105.3
Camborne,1983,11,11.4,7.4,3.0,62.1,47.6
Camborne,1983,12,10.4,6.2,0.0,145.0,64.6
Camborne,1984,1,8.9,3.5,2.0,208.7,51.9
Camborne,1984,2,8.1,3.7,2.0,57.9,68.9
Camborne,1984,3,8.3,3.0,3.0,62.7,130.2
Camborne,1984,4,12.7,6.1,1.0,4.6,257.2
Camborne,1984,5,12.6,7.1,0.0,76.5,204.0
Camborne,1984,6,16.4,10.4,0.0,6.6,211.9
Camborne,1984,7,19.9,12.5,0.0,54.4,279.7
Camborne,1984,8,20.3,13.7,0.0,46.7,213.6
Camborne,1984,9,16.9,12.0,0.0,117.6,158.5
Camborne,1984,10,14.3,9.7,0.0,109.1,101.3
Camborne,1984,11,11.5,6.7,0.0,189.8,63.7
Camborne,1984,12,10.0,5.3,0.0,112.0,72.2
Camborne,1985,1,6.1,0.8,15.0,128.5,81.3
Camborne,1985,2,7.9,4.2,4.0,57.0,74.8
Camborne,1985,3,9.0,3.9,2.0,112.5,133.1
Camborne,1985,4,11.7,6.2,0.0,94.5,180.7
Camborne,1985,5,13.6,8.2,0.0,52.5,211.0
Camborne,1985,6,15.4,10.3,0.0,74.4,191.5
Camborne,1985,7,18.3,12.3,0.0,45.3,187.5
Camborne,1985,8,16.8,11.9,0.0,142.8,149.8
Camborne,1985,9,17.4,11.8,0.0,51.0,147.4
Camborne,1985,10,14.3,9.5,0.0,53.8,110.8
Camborne,1985,11,9.3,4.0,4.0,85.5,80.7
Camborne,1985,12,10.4,6.4,3.0,174.2,48.2
Camborne,1986,1,8.7,4.9,1.0,150.4,49.6
Camborne,1986,2,3.1,-0.8,19.0,48.3,50.5
Camborne,1986,3,9.4,4.1,3.0,106.3,120.3
Camborne,1986,4,8.7,3.3,0.0,62.3,189.6
Camborne,1986,5,12.7,7.7,0.0,84.2,210.1
Camborne,1986,6,16.3,10.2,0.0,87.4,195.7
Camborne,1986,7,17.6,12.3,0.0,57.5,147.4
Camborne,1986,8,15.8,11.0,0.0,110.3,140.1
Camborne,1986,9,14.9,8.4,0.0,25.1,167.3
Camborne,1986,10,14.4,9.6,0.0,107.6,100.6
Camborne,1986,11,11.6,6.5,0.0,175.0,82.9
Camborne,1986,12,10.4,6.0,0.0,189.8,53.0
Camborne,1987,1,5.5,1.4,7.0,35.6,53.1
Camborne,1987,2,8.0,3.4,7.0,88.5,70.8
Camborne,1987,3,8.6,4.1,2.0,78.6,122.7
Camborne,1987,4,13.1,7.2,0.0,87.8,180.3
Camborne,1987,5,12.8,7.7,0.0,32.3,231.1
Camborne,1987,6,15.0,10.1,0.0,89.8,122.8
Camborne,1987,7,18.5,12.7,0.0,37.8,230.2
Camborne,1987,8,18.7,12.9,0.0,34.0,213.9
Camborne,1987,9,17.2,11.8,0.0,56.0,125.4
Camborne,1987,10,13.3,8.4,0.0,238.5,122.0
Camborne,1987,11,10.9,6.9,0.0,133.5,75.3
Camborne,1987,12,9.6,6.2,2.0,94.3,41.7
Camborne,1988,1,10.0,5.5,0.0,232.2,64.0
Camborne,1988,2,8.8,3.9,0.0,94.4,103.6
Camborne,1988,3,9.7,6.0,1.0,135.5,96.2
Camborne,1988,4,11.5,5.9,0.0,54.2,142.1
Camborne,1988,5,14.0,8.4,0.0,94.9,222.9
Camborne,1988,6,16.8,11.4,0.0,34.1,195.5
Camborne,1988,7,16.5,11.6,0.0,132.2,161.6
Camborne,1988,8,17.7,12.1,0.0,116.0,173.3
Camborne,1988,9,16.0,11.7,0.0,39.2,142.9
Camborne,1988,10,14.2,9.6,0.0,146.5,91.9
Camborne,1988,11,11.2,6.5,1.0,59.7,105.1
Camborne,1988,12,11.0,7.9,0.0,54.4,20.1
Camborne,1989,1,10.2,6.0,0.0,58.9,59.5
Camborne,1989,2,10.0,5.3,0.0,106.9,94.8
Camborne,1989,3,10.9,5.9,0.0,119.8,90.0
Camborne,1989,4,10.4,4.4,0.0,79.6,192.1
Camborne,1989,5,16.8,10.1,0.0,9.3,282.2
Camborne,1989,6,17.7,10.6,0.0,31.9,281.7
Camborne,1989,7,20.9,14.4,0.0,14.3,295.8
Camborne,1989,8,20.2,13.6,0.0,47.3,251.2
Camborne,1989,9,17.9,12.2,0.0,68.2,142.0
Camborne,1989,10,15.0,10.9,0.0,130.9,84.7
Camborne,1989,11,11.3,7.2,0.0,108.4,98.0
Camborne,1989,12,10.0,5.7,1.0,179.8,52.0
Camborne,1990,1,10.4,6.3,0.0,196.0,48.3
Camborne,1990,2,11.1,6.2,0.0,185.1,65.2
Camborne,1990,3,11.3,6.6,0.0,22.0,139.9
Camborne,1990,4,11.5,5.1,2.0,46.1,213.7
Camborne,1990,5,16.5,10.0,0.0,19.2,278.5
Camborne,1990,6,16.3,10.5,0.0,95.1,177.2
Camborne,1990,7,19.7,13.3,0.0,68.8,308.4
Camborne,1990,8,20.3,14.4,0.0,53.4,200.3
Camborne,1990,9,17.6,11.8,0.0,58.0,184.6
Camborne,1990,10,15.0,10.9,0.0,99.7,90.0
Camborne,1990,11,10.8,6.8,0.0,105.1,107.3
Camborne,1990,12,8.6,3.9,0.0,113.2,62.6
Camborne,1991,1,7.8,3.1,0.0,137.8,67.2
Camborne,1991,2,6.7,1.6,7.0,89.8,90.0
Camborne,1991,3,10.6,6.1,0.0,155.0,114.4
Camborne,1991,4,11.0,5.8,0.0,117.0,165.6
Camborne,1991,5,13.2,8.3,0.0,5.8,206.6
Camborne,1991,6,14.7,10.2,0.0,112.6,157.8
Camborne,1991,7,17.8,13.1,0.0,83.1,124.7
Camborne,1991,8,19.2,13.4,0.0,36.7,204.1
Camborne,1991,9,18.3,12.8,0.0,62.0,173.9
Camborne,1991,10,13.3,9.0,0.0,123.2,83.5
Camborne,1991,11,10.8,6.5,0.0,79.3,61.5
Camborne,1991,12,9.4,6.0,0.0,33.1,55.4
Camborne,1992,1,7.8,3.2,5.0,29.6,73.9
Camborne,1992,2,9.2,4.6,1.0,65.0,71.6
Camborne,1992,3,10.3,6.3,0.0,58.2,83.8
Camborne,1992,4,11.2,6.3,0.0,103.9,135.0
Camborne,1992,5,15.6,9.5,0.0,14.7,245.6
Camborne,1992,6,17.8,11.2,0.0,9.9,237.4
Camborne,1992,7,19.0,13.5,0.0,57.7,178.2
Camborne,1992,8,17.9,12.4,0.0,154.4,146.1
Camborne,1992,9,15.7,11.0,0.0,93.1,101.2
Camborne,1992,10,12.1,7.1,0.0,95.7,113.6
Camborne,1992,11,12.1,7.4,0.0,175.1,44.7
Camborne,1992,12,8.7,4.4,0.0,124.3,48.1
Camborne,1993,1,10.5,6.0,0.0,160.8,42.0
Camborne,1993,2,8.6,5.5,1.0,26.8,60.7
Camborne,1993,3,10.2,5.3,4.0,28.7,109.6
Camborne,1993,4,12.4,7.6,0.0,116.4,152.2
Camborne,1993,5,14.1,8.0,0.0,162.9,184.6
Camborne,1993,6,16.8,11.3,0.0,110.9,200.1
Camborne,1993,7,17.3,12.8,0.0,107.1,176.1
Camborne,1993,8,18.0,11.8,0.0,43.1,218.3
Camborne,1993,9,16.1,11.0,0.0,214.0,168.8
Camborne,1993,10,12.0,6.7,1.0,78.9,143.7
Camborne,1993,11,10.2,5.4,1.0,104.5,81.2
Camborne,1993,12,10.3,5.8,0.0,222.7,45.6
Camborne,1994,1,9.5,5.5,0.0,161.2,58.7
Camborne,1994,2,9.1,4.0,3.0,172.1,71.8
Camborne,1994,3,10.6,6.8,0.0,82.9,76.9
Camborne,1994,4,10.9,5.6,0.0,66.3,182.3
Camborne,1994,5,13.6,8.3,0.0,91.5,168.8
Camborne,1994,6,16.2,10.7,0.0,21.6,238.7
Camborne,1994,7,19.2,12.9,0.0,46.0,194.5
Camborne,1994,8,18.5,12.5,0.0,90.1,174.1
Camborne,1994,9,16.1,10.1,0.0,83.4,123.3
Camborne,1994,10,14.8,9.0,0.0,103.6,150.0
Camborne,1994,11,13.4,9.0,0.0,95.5,39.6
Camborne,1994,12,11.4,6.4,0.0,140.6,63.1
Camborne,1995,1,9.9,5.0,0.0,169.6,34.8
Camborne,1995,2,10.4,5.6,0.0,121.2,53.8
Camborne,1995,3,9.2,4.4,1.0,68.8,137.1
Camborne,1995,4,11.2,5.8,0.0,38.9,169.2
Camborne,1995,5,14.9,8.2,0.0,41.0,232.8
Camborne,1995,6,17.2,10.9,0.0,17.8,257.5
Camborne,1995,7,20.7,14.2,0.0,25.6,233.5
Camborne,1995,8,22.5,15.4,0.0,19.0,254.1
Camborne,1995,9,16.9,11.7,0.0,103.2,164.8
Camborne,1995,10,16.1,11.6,0.0,102.6,119.2
Camborne,1995,11,12.0,7.1,0.0,96.0,80.6
Camborne,1995,12,8.8,4.1,6.0,103.2,60.7
Camborne,1996,1,9.0,5.3,4.0,201.4,44.9
Camborne,1996,2,7.9,2.5,5.0,121.6,137.0
Camborne,1996,3,8.9,4.2,0.0,51.0,93.6
Camborne,1996,4,11.5,6.2,0.0,68.4,159.9
Camborne,1996,5,12.4,6.0,0.0,76.8,213.8
Camborne,1996,6,16.9,10.5,0.0,20.6,256.1
Camborne,1996,7,18.5,12.4,0.0,23.2,250.0
Camborne,1996,8,18.6,12.5,0.0,68.6,242.4
Camborne,1996,9,17.2,10.5,0.0,41.4,187.4
Camborne,1996,10,14.7,10.6,0.0,97.8,85.8
Camborne,1996,11,10.9,6.3,0.0,170.6,76.2
Camborne,1996,12,7.4,2.5,9.0,46.4,67.8
Camborne,1997,1,6.4,2.1,9.0,31.0,56.6
Camborne,1997,2,10.6,5.4,0.0,122.6,67.4
Camborne,1997,3,11.1,6.4,0.0,27.6,141.3
Camborne,1997,4,13.1,6.1,0.0,17.0,241.0
Camborne,1997,5,15.1,8.8,0.0,68.8,283.9
Camborne,1997,6,15.8,10.9,0.0,130.4,125.4
Camborne,1997,7,19.0,12.3,0.0,24.8,243.0
Camborne,1997,8,20.5,14.9,0.0,196.6,150.1
Camborne,1997,9,17.9,12.2,0.0,48.6,185.1
Camborne,1997,10,15.5,10.7,0.0,82.6,104.4
Camborne,1997,11,12.8,8.1,0.0,179.4,62.5
Camborne,1997,12,10.4,5.5,2.0,138.0,86.2
Camborne,1998,1,9.6,4.5,4.0,138.6,87.0
Camborne,1998,2,10.8,6.0,0.0,17.2,109.7
Camborne,1998,3,11.0,6.6,0.0,103.2,78.1
Camborne,1998,4,10.7,5.7,0.0,179.4,155.2
Camborne,1998,5,15.6,9.9,0.0,59.4,226.3
Camborne,1998,6,16.2,11.1,0.0,104.6,184.9
Camborne,1998,7,17.1,12.6,0.0,91.8,163.7
Camborne,1998,8,18.8,12.4,0.0,27.7,250.1
Camborne,1998,9,17.7,12.9,0.0,77.2,146.3
Camborne,1998,10,14.6,10.0,0.0,164.8,114.7
Camborne,1998,11,10.9,7.2,0.0,161.6,87.3
Camborne,1998,12,10.3,5.2,2.0,163.8,66.0
Camborne,1999,1,10.1,5.3,2.0,152.0,68.6
Camborne,1999,2,9.6,5.5,0.0,77.0,62.0
Camborne,1999,3,10.5,5.6,0.0,43.8,137.5
Camborne,1999,4,12.2,7.3,0.0,98.4,172.1
Camborne,1999,5,15.5,10.2,0.0,57.0,174.6
Camborne,1999,6,16.0,10.6,0.0,67.8,206.2
Camborne,1999,7,19.5,13.6,0.0,8.4,246.1
Camborne,1999,8,19.2,13.6,0.0,104.4,192.1
Camborne,1999,9,18.3,12.5,0.0,118.9,173.7
Camborne,1999,10,14.6,9.7,0.0,34.2,144.1
Camborne,1999,11,11.7,6.9,0.0,75.6,101.0
Camborne,1999,12,10.1,5.6,1.0,222.2,48.9
Camborne,2000,1,8.7,4.3,2.0,52.4,79.8
Camborne,2000,2,10.2,6.1,0.0,130.4,73.9
Camborne,2000,3,10.3,5.6,0.0,23.6,150.4
Camborne,2000,4,11.1,5.7,0.0,96.8,178.9
Camborne,2000,5,15.0,9.0,0.0,80.2,175.6
Camborne,2000,6,16.7,11.4,0.0,22.8,175.4
Camborne,2000,7,18.0,12.8,0.0,47.8,197.6
Camborne,2000,8,19.7,13.6,0.0,52.8,170.6
Camborne,2000,9,18.1,12.5,0.0,148.8,144.3
Camborne,2000,10,13.5,9.0,0.0,185.2,96.8
Camborne,2000,11,10.7,6.5,0.0,171.0,68.4
Camborne,2000,12,9.9,6.2,1.0,193.4,54.7
Camborne,2001,1,8.5,4.3,0.0,137.8,61.2
Camborne,2001,2,9.3,4.7,0.0,79.0,103.4
Camborne,2001,3,10.2,5.3,5.0,124.6,80.4
Camborne,2001,4,11.1,6.6,0.0,101.0,157.9
Camborne,2001,5,15.1,8.9,0.0,21.6,283.7
Camborne,2001,6,17.1,11.0,0.0,29.4,257.3
Camborne,2001,7,18.6,12.7,0.0,86.2,189.2
Camborne,2001,8,19.3,13.5,0.0,32.4,202.7
Camborne,2001,9,17.3,12.1,0.0,21.8,158.2
Camborne,2001,10,16.3,11.6,0.0,101.4,118.2
Camborne,2001,11,12.2,7.2,0.0,60.4,79.4
Camborne,2001,12,8.9,4.2,4.0,52.6,92.8
Camborne,2002,1,10.4,6.2,1.0,127.4,49.1
Camborne,2002,2,10.4,6.1,0.0,121.4,81.0
Camborne,2002,3,11.0,6.1,0.0,73.6,102.6
Camborne,2002,4,12.0,6.2,0.0,51.6,191.7
Camborne,2002,5,13.8,8.4,0.0,114.2,215.3
Camborne,2002,6,14.8,10.3,0.0,47.2,153.9
Camborne,2002,7,17.2,11.8,0.0,57.2,185.1
Camborne,2002,8,18.1,12.9,0.0,42.4,169.3
Camborne,2002,9,18.1,11.3,0.0,42.4,217.9
Camborne,2002,10,14.5,9.7,0.0,138.6,95.1
Camborne,2002,11,12.6,8.7,0.0,242.2,67.5
Camborne,2002,12,9.8,6.2,2.0,180.0,46.4
Camborne,2003,1,8.4,4.3,6.0,79.7,76.9
Camborne,2003,2,8.7,4.0,4.0,86.8,99.2
Camborne,2003,3,11.2,6.6,0.0,34.6,155.6
Camborne,2003,4,13.2,7.2,0.0,57.0,210.5
Camborne,2003,5,14.0,8.9,0.0,92.4,197.3
Camborne,2003,6,17.4,11.1,0.0,87.0,236.6
Camborne,2003,7,19.0,13.5,0.0,128.0,131.0
Camborne,2003,8,21.0,14.2,0.0,25.6,211.2
Camborne,2003,9,18.7,12.0,0.0,44.6,183.1
Camborne,2003,10,13.7,8.9,0.0,79.2,124.3
Camborne,2003,11,12.5,8.1,0.0,93.0,85.2
Camborne,2003,12,10.1,5.6,0.0,102.6,51.9
Camborne,2004,1,9.8,5.4,1.0,164.6,58.1
Camborne,2004,2,8.8,4.0,5.0,80.9,101.0
Camborne,2004,3,10.0,4.8,2.0,78.2,140.7
Camborne,2004,4,11.9,6.9,0.0,68.8,172.0
Camborne,2004,5,15.0,8.9,0.0,33.6,265.7
Camborne,2004,6,18.0,11.9,0.0,64.6,244.8
Camborne,2004,7,17.6,12.4,0.0,65.2,162.1
Camborne,2004,8,19.5,14.1,0.0,146.6,200.2
Camborne,2004,9,17.8,13.0,0.0,54.4,145.6
Camborne,2004,10,13.7,8.8,0.0,190.6,118.2
Camborne,2004,11,11.6,8.4,0.0,43.2,45.1
Camborne,2004,12,10.3,6.0,0.0,55.4,42.0
Camborne,2005,1,9.9,5.9,0.0,68.6,47.8
Camborne,2005,2,7.6,3.2,7.0,25.8,95.7
Camborne,2005,3,10.1,5.4,3.0,53.8,100.1
Camborne,2005,4,11.8,6.6,0.0,88.2,166.7
Camborne,2005,5,13.2,8.1,0.0,46.6,189.7
Camborne,2005,6,17.5,11.8,0.0,49.6,202.9
Camborne,2005,7,18.9,13.6,0.0,48.0,178.6
Camborne,2005,8,19.4,12.4,0.0,32.0,258.6
Camborne,2005,9,18.1,12.5,0.0,65.2,148.4
Camborne,2005,10,15.4,11.5,0.0,132.0,106.4
Camborne,2005,11,11.6,6.2,0.0,164.5,99.2
Camborne,2005,12,9.5,4.4,3.0,88.4,68.3
Camborne,2006,1,8.1,3.8,5.0,62.2,75.6
Camborne,2006,2,7.3,3.1,4.0,69.6,59.6
Camborne,2006,3,8.7,4.4,2.0,86.0,76.0
Camborne,2006,4,11.5,6.5,0.0,32.0,177.9
Camborne,2006,5,14.2,9.0,0.0,85.2,182.1
Camborne,2006,6,18.7,11.4,0.0,33.4,278.0
Camborne,2006,7,21.3,14.4,0.0,34.8,246.5
Camborne,2006,8,18.9,14.0,0.0,55.4,188.0
Camborne,2006,9,19.3,13.9,0.0,76.6,155.6
Camborne,2006,10,16.2,11.7,0.0,120.8,114.9
Camborne,2006,11,12.6,7.4,0.0,155.6,103.0
Camborne,2006,12,10.7,6.6,1.0,119.6,55.6
Camborne,2007,1,10.5,6.4,2.0,83.4,55.5
Camborne,2007,2,10.3,6.4,0.0,212.8,63.9
Camborne,2007,3,10.8,5.8,0.0,75.8,147.1
Camborne,2007,4,14.7,7.9,0.0,23.8,220.9
Camborne,2007,5,14.7,9.8,0.0,122.0,188.5
Camborne,2007,6,17.3,12.2,0.0,117.0,154.9
Camborne,2007,7,17.2,12.5,0.0,106.8,190.3
Camborne,2007,8,18.1,12.9,0.0,43.4,239.5
Camborne,2007,9,17.3,11.6,0.0,29.8,173.7
Camborne,2007,10,15.2,10.2,0.0,37.4,126.5
Camborne,2007,11,11.9,7.8,0.0,75.4,60.9
Camborne,2007,12,10.5,6.1,0.0,80.2,63.3
Camborne,2008,1,10.5,6.4,0.0,108.4,43.3
Camborne,2008,2,10.3,5.5,0.0,41.4,115.1
Camborne,2008,3,10.0,5.5,0.0,82.8,128.3
Camborne,2008,4,11.1,5.8,0.0,48.8,190.6
Camborne,2008,5,16.3,10.3,0.0,68.4,197.4
Camborne,2008,6,16.1,10.7,0.0,34.6,264.4
Camborne,2008,7,17.7,12.9,0.0,143.4,182.7
Camborne,2008,8,18.0,13.3,0.0,99.6,101.6
Camborne,2008,9,16.7,10.9,0.0,76.6,173.5
Camborne,2008,10,13.6,9.2,0.0,111.8,125.2
Camborne,2008,11,10.9,7.3,0.0,69.8,64.4
Camborne,2008,12,8.8,4.7,1.0,85.0,69.9
Camborne,2009,1,8.1,3.7,3.0,146.0,72.3
Camborne,2009,2,8.0,3.9,2.0,71.3,56.5
Camborne,2009,3,10.6,5.6,0.0,48.8,173.9
Camborne,2009,4,12.2,6.5,0.0,144.2,180.4
Camborne,2009,5,14.4,8.7,0.0,45.2,199.8
Camborne,2009,6,18.2,11.6,0.0,18.8,251.0
Camborne,2009,7,17.9,13.3,0.0,222.2,156.4
Camborne,2009,8,18.2,13.6,0.0,68.8,123.9
Camborne,2009,9,16.8,11.7,0.0,37.8,163.4
Camborne,2009,10,15.2,10.7,0.0,93.4,96.2
Camborne,2009,11,12.3,8.2,0.0,193.6,56.7
Camborne,2009,12,8.6,4.0,3.0,101.8,80.5
Camborne,2010,1,6.7,1.8,11.0,108.8,103.9
Camborne,2010,2,7.7,3.0,3.0,63.0,95.9
Camborne,2010,3,9.4,3.8,3.0,76.6,139.2
Camborne,2010,4,12.3,5.9,0.0,35.6,231.0
Camborne,2010,5,14.1,8.3,0.0,56.6,209.9
Camborne,2010,6,17.9,11.5,0.0,34.0,286.0
Camborne,2010,7,18.6,13.6,0.0,78.2,117.7
Camborne,2010,8,18.1,13.0,0.0,71.8,154.6
Camborne,2010,9,17.3,12.2,0.0,83.6,144.9
Camborne,2010,10,14.7,9.5,0.0,85.6,148.2
Camborne,2010,11,10.2,5.7,4.0,164.8,84.8
Camborne,2010,12,6.3,1.4,16.0,48.1,90.9
Camborne,2011,1,8.1,3.5,9.0,126.2,83.0
Camborne,2011,2,10.3,6.3,0.0,90.4,58.5
Camborne,2011,3,10.9,4.8,2.0,25.8,147.4
Camborne,2011,4,15.0,8.5,0.0,18.4,239.0
Camborne,2011,5,14.6,9.7,0.0,34.6,169.8
Camborne,2011,6,15.9,10.7,0.0,78.2,202.7
Camborne,2011,7,17.6,12.5,0.0,44.6,175.8
Camborne,2011,8,17.6,12.3,0.0,51.6,149.4
Camborne,2011,9,17.6,12.7,0.0,80.2,138.9
Camborne,2011,10,15.5,11.3,0.0,115.6,92.4
Camborne,2011,11,13.4,9.6,0.0,63.2,74.6
Camborne,2011,12,10.3,6.7,0.0,134.0,28.8
Camborne,2012,1,9.9,6.5,0.0,51.6,55.1
Camborne,2012,2,8.8,4.1,7.0,36.2,74.7
Camborne,2012,3,11.9,6.9,0.0,22.8,159.4
Camborne,2012,4,10.7,5.5,0.0,159.8,153.8
Camborne,2012,5,14.5,8.7,0.0,45.6,179.3
Camborne,2012,6,15.7,11.0,0.0,142.0,108.6
Camborne,2012,7,17.3,12.3,0.0,121.8,174.8
Camborne,2012,8,19.0,14.0,0.0,142.2,136.3
Camborne,2012,9,16.4,11.2,0.0,64.6,147.1
Camborne,2012,10,14.0,9.5,0.0,172.2,91.8
Camborne,2012,11,11.0,6.9,0.0,167.0,61.9
Camborne,2012,12,10.0,5.9,0.0,202.0,37.4
Camborne,2013,1,8.9,5.1,2.0,125.2,50.4
Camborne,2013,2,7.7,3.9,3.0,49.2,80.2
Camborne,2013,3,7.5,2.8,6.0,106.8,89.1
Camborne,2013,4,10.3,5.4,1.0,42.2,160.5
Camborne,2013,5,12.5,7.3,0.0,87.4,227.2
Camborne,2013,6,15.9,10.7,0.0,48.2,190.2
Camborne,2013,7,20.8,14.1,0.0,31.2,278.3
Camborne,2013,8,19.2,14.0,0.0,87.6,173.3
Camborne,2013,9,17.3,12.4,0.0,62.0,114.4
Camborne,2013,10,15.8,11.7,0.0,160.8,76.5
Camborne,2013,11,11.0,6.7,0.0,94.4,60.1
Camborne,2013,12,10.7,5.9,0.0,175.6,44.5
Camborne,2014,1,10.0,5.1,0.0,218.4,43.0
Camborne,2014,2,9.6,4.7,0.0,190.4,85.1
Camborne,2014,3,10.3,5.7,0.0,67.0,94.1
Camborne,2014,4,12.3,7.4,0.0,81.4,154.9
Camborne,2014,5,14.5,9.0,0.0,70.0,183.2
Camborne,2014,6,17.8,11.6,0.0,64.8,265.9
Camborne,2014,7,20.3,14.3,0.0,28.6,204.7
Camborne,2014,8,18.6,12.5,0.0,92.8,200.2
Camborne,2014,9,19.2,12.8,0.0,8.2,177.7
Camborne,2014,10,16.0,11.7,0.0,122.8,78.4
Camborne,2014,11,12.6,7.6,0.0,153.4,78.0
Camborne,2014,12,10.0,5.9,1.0,64.0,54.0
Camborne,2015,1,9.6,5.3,0.0,146.8,51.3
Camborne,2015,2,8.3,3.5,3.0,81.6,90.9
Camborne,2015,3,10.0,5.1,0.0,45.2,147.2
Camborne,2015,4,13.0,7.0,0.0,15.0,212.4
Camborne,2015,5,13.6,8.8,0.0,63.6,161.7
Camborne,2015,6,16.8,10.7,0.0,38.4,229.1
Camborne,2015,7,18.2,13.2,0.0,98.0,166.3
Camborne,2015,8,17.9,12.8,0.0,174.8,135.9
Camborne,2015,9,16.2,11.0,0.0,70.2,164.4
Camborne,2015,10,14.8,9.6,0.0,60.2,102.5
Camborne,2015,11,13.2,9.4,0.0,125.8,36.7
Camborne,2015,12,12.7,9.7,0.0,165.2,18.7
Camborne,2016,1,10.4,6.0,0.0,221.6,48.0
Camborne,2016,2,9.1,4.9,0.0,161.6,64.1
Camborne,2016,3,9.6,4.6,0.0,88.4,139.9
Camborne,2016,4,11.0,6.1,0.0,81.4,183.8
Camborne,2016,5,14.9,9.2,0.0,45.6,206.1
Camborne,2016,6,17.0,12.1,0.0,65.8,131.8
Camborne,2016,7,18.9,13.4,0.0,23.2,160.9
Camborne,2016,8,19.4,13.9,0.0,57.4,171.1
Camborne,2016,9,18.1,13.3,0.0,153.7,102.8
Camborne,2016,10,14.9,9.5,0.0,53.2,124.9
Camborne,2016,11,11.1,6.4,0.0,137.0,56.5
Camborne,2016,12,11.3,7.2,0.0,58.4,47.3
Camborne,2017,1,9.2,5.3,0.0,57.8,59.2
Camborne,2017,2,10.1,5.8,2.0,100.6,56.9
Camborne,2017,3,11.5,7.2,0.0,89.2,80.3
Camborne,2017,4,12.6,6.5,0.0,24.8,216.2
Camborne,2017,5,15.5,9.8,0.0,46.8,169.0
Camborne,2017,6,18.0,12.3,0.0,102.0,175.3
Camborne,2017,7,18.7,13.6,0.0,104.6,135.9
Camborne,2017,8,18.1,12.8,0.0,70.4,163.2
Camborne,2017,9,16.2,11.8,0.0,130.6,119.0
Camborne,2017,10,15.2,11.4,0.0,57.6,68.7
Camborne,2017,11,11.6,7.6,0.0,66.4,61.4
Camborne,2017,12,10.2,6.1,0.0,154.2,34.5
Camborne,2018,1,10.2,5.7,0.0,176.2,56.7
Camborne,2018,2,7.3,2.7,4.0,85.0,106.0
Camborne,2018,3,8.8,3.6,5.0,153.6,114.2
Camborne,2018,4,12.8,7.1,0.0,85.0,146.7
Camborne,2018,5,15.5,8.9,0.0,50.4,183.7
Camborne,2018,6,19.7,12.9,0.0,8.8,215.1
Camborne,2018,7,21.5,14.3,0.0,47.6,226.7
Camborne,2018,8,19.5,14.0,0.0,54.0,119.8
Camborne,2018,9,17.8,12.0,0.0,59.0,138.5
Camborne,2018,10,14.4,9.3,0.0,99.8,120.8
Camborne,2018,11,12.0,7.5,1.0,212.0,73.9
Camborne,2018,12,11.4,7.9,0.0,165.6,20.5
Camborne,2019,1,8.8,5.5,0.0,78.8,25.4
Camborne,2019,2,11.3,6.1,1.0,72.0,118.5
Camborne,2019,3,11.2,6.3,0.0,101.8,150.6
Camborne,2019,4,13.2,7.4,0.0,81.8,159.3
Camborne,2019,5,14.4,8.9,0.0,18.4,219.5
Camborne,2019,6,16.5,11.4,0.0,84.4,159.8
Camborne,2019,7,20.1,13.7,0.0,54.2,225.6
Camborne,2019,8,19.3,14.0,0.0,95.8,161.1
Camborne,2019,9,17.4,12.7,0.0,122.2,140.7
Camborne,2019,10,14.4,10.0,0.0,196.2,85.6
Camborne,2019,11,10.8,7.2,0.0,219.4,30.6
Camborne,2019,12,10.6,6.0,0.0,133.0,46.1
Camborne,2020,1,10.0,5.6,0.0,94.8,58.7
Camborne,2020,2,10.3,6.0,0.0,176.0,63.4
Camborne,2020,3,10.6,5.1,0.0,75.8,149.7
Camborne,2020,4,14.6,7.7,0.0,40.0,205.7
Camborne,2020,5,16.4,8.9,0.0,28.8,287.2
Camborne,2020,6,17.1,11.7,0.0,118.0,112.1
Camborne,2020,7,18.1,12.7,0.0,32.2,190.3
Camborne,2020,8,19.1,14.3,0.0,118.2,129.8
Camborne,2020,9,17.7,12.1,0.0,52.6,147.1
Camborne,2020,10,13.6,9.4,0.0,134.6,73.6
Camborne,2020,11,12.4,7.9,0.0,85.2,66.4
Camborne,2020,12,10.0,6.0,0.0,228.6,36.1
Camborne,2021,1,8.5,3.7,5.0,132.6,58.4
Camborne,2021,2,9.3,4.8,4.0,109.6,70.5
Camborne,2021,3,10.6,5.5,2.0,41.0,120.2
Camborne,2021,4,11.6,4.5,0.0,6.6,253.9
Camborne,2021,5,13.2,7.8,0.0,116.4,168.9
Camborne,2021,6,17.4,11.7,0.0,78.2,191.3
Camborne,2021,7,20.0,13.7,0.0,65.4,177.3
Camborne,2021,8,18.7,13.3,0.0,36.0,144.3
Camborne,2021,9,18.8,13.1,0.0,107.8,123.1
Camborne,2021,10,15.4,10.9,0.0,201.2,95.7
Camborne,2021,11,11.6,7.7,0.0,60.8,52.1
Camborne,2021,12,11.2,8.0,0.0,96.4,30.8
Camborne,2022,1,9.9,4.9,1.0,63.4,47.1
Camborne,2022,2,10.8,6.5,0.0,108.6,57.9
Camborne,2022,3,11.8,6.5,0.0,68.0,168.4
Camborne,2022,4,12.7,6.9,0.0,36.8,160.4
Camborne,2022,5,15.8,9.8,0.0,45.4,173.5
Camborne,2022,6,17.9,11.1,0.0,65.6,230.9
Camborne,2022,7,20.8,14.1,0.0,19.6,240.9
Camborne,2022,8,22.4,14.9,0.0,23.8,232.0
Camborne,2022,9,17.8,12.5,0.0,125.4,121.9
Camborne,2022,10,16.2,11.5,0.0,85.8,107.5
Camborne,2022,11,12.9,8.7,0.0,213.2,49.9
Camborne,2022,12,9.1,3.8,5.0,142.8,74.3
Camborne,2023,1,9.7,4.9,2.0,138.8,57.8
Camborne,2023,2,10.0,5.2,1.0,19.4,93.9
Camborne,2023,3,10.7,6.3,0.0,150.0,64.8
Camborne,2023,4,12.5,7.2,0.0,80.4,137.8
Camborne,2023,5,15.8,9.6,0.0,48.6,280.4
Camborne,2023,6,19.9,13.8,0.0,20.4,216.4
Camborne,2023,7,18.5,13.8,0.0,113.0,150.2
Camborne,2023,8,18.6,14.0,0.0,73.4,135.7
Camborne,2023,9,19.9,14.3,0.0,72.0,135.3
Camborne,2023,10,16.0,11.5,0.0,130.2,81.3
Camborne,2023,11,11.8,7.9,0.0,154.2,42.8
Camborne,2023,12,11.2,7.6,2.0,169.2,24.9
Camborne,2024,1,8.6,4.3,6.0,88.6,66.8
Camborne,2024,2,11.2,7.5,0.0,189.8,41.8
Camborne,2024,3,11.0,6.7,0.0,141.0,83.7
Camborne,2024,4,12.5,7.9,0.0,114.2,119.6
Camborne,2024,5,15.9,10.3,0.0,44.8,178.3
Camborne,2024,6,16.6,11.3,0.0,39.2,194.7
Camborne,2024,7,18.1,12.9,0.0,74.0,167.0
Camborne,2024,8,19.0,14.0,0.0,43.0,146.3
Camborne,2024,9,17.0,12.0,0.0,115.4,106.0
Camborne,2024,10,15.2,10.8,0.0,120.6,98.7
Camborne,2024,11,12.6,8.6,0.0,194.6,39.7
Camborne,2024,12,10.5,7.1,0.0,69.0,15.2
Camborne,2025,1,9.4,4.6,0.0,152.0,60.3
Camborne,2025,2,9.6,5.4,0.0,91.6,77.8
Camborne,2025,3,11.4,6.0,0.0,34.4,148.4
Camborne,2025,4,14.6,7.9,0.0,116.2,217.5
Camborne,2025,5,16.9,10.1,0.0,25.2,303.4
Camborne,2025,6,18.9,13.0,0.0,56.8,171.8
Camborne,2025,7,20.5,14.3,0.0,44.6,186.2
Camborne,2025,8,20.5,14.4,0.0,50.2,191.0
Camborne,2025,9,17.1,11.4,0.0,127.2,150.2
Camborne,2025,10,14.8,10.9,0.0,102.6,68.1
Camborne,2025,11,12.8,8.5,0.0,185.0,52.0
Camborne,2025,12,10.4,6.0,1.0,208.8,51.7
Camborne,2026,1,9.6,4.7,0.0,242.4,50.5
Camborne,2026,2,11.1,7.2,0.0,176.2,46.6
Camborne,2026,3,11.7,6.7,0.0,47.4,133.1
Camborne,2026,4,13.9,8.0,0.0,38.6,191.8
Camborne,2026,5,17.0,10.8,0.0,44.6,190.8
Camborne,2026,6,18.5,13.3,0.0,75.4,152.3
Camborne,2026,7,22.5,15.4,0.0,6.4,283.9
Camborne,2026,8,21.5,14.7,0.0,59.8,240.5
Lerwick,1930,12,7.0,3.6,0.0,122.4,13.1
Lerwick,1931,1,4.9,0.2,13.0,108.0,29.7
Lerwick,1931,2,4.4,-0.3,12.0,138.3,52.6
Lerwick,1931,3,4.2,-1.0,17.0,18.2,135.7
Lerwick,1931,4,8.1,2.5,1.0,70.9,134.7
Lerwick,1931,5,10.7,5.3,0.0,67.6,122.7
Lerwick,1931,6,11.4,5.7,1.0,54.5,175.2
Lerwick,1931,7,13.7,9.1,0.0,93.0,67.1
Lerwick,1931,8,13.9,8.0,0.0,9.3,163.8
Lerwick,1931,9,11.8,6.6,0.0,30.7,119.7
Lerwick,1931,10,9.8,4.5,5.0,87.4,77.8
Lerwick,1931,11,9.2,6.1,0.0,137.1,31.3
Lerwick,1931,12,7.2,2.7,4.0,138.6,4.8
Lerwick,1932,1,7.7,2.6,4.0,110.8,26.8
Lerwick,1932,2,7.4,2.7,2.0,20.5,59.5
Lerwick,1932,3,6.0,1.3,9.0,81.4,72.1
Lerwick,1932,4,7.4,1.1,7.0,96.6,131.5
Lerwick,1932,5,10.6,4.7,0.0,43.2,184.7
Lerwick,1932,6,12.3,6.7,0.0,38.0,201.8
Lerwick,1932,7,14.6,9.7,0.0,75.5,122.8
Lerwick,1932,8,14.3,9.4,0.0,86.3,89.6
Lerwick,1932,9,11.8,6.5,0.0,136.1,96.0
Lerwick,1932,10,8.7,3.9,2.0,100.5,73.0
Lerwick,1932,11,8.1,3.5,2.0,92.2,40.4
Lerwick,1932,12,7.3,3.0,5.0,72.9,19.2
Lerwick,1933,1,6.2,2.5,2.0,136.0,19.9
Lerwick,1933,2,4.4,-0.6,17.0,76.9,34.0
Lerwick,1933,3,7.6,2.9,2.0,84.6,96.5
Lerwick,1933,4,7.9,2.5,3.0,64.3,86.7
Lerwick,1933,5,10.3,5.2,0.0,20.5,74.5
Lerwick,1933,6,15.1,9.0,0.0,29.5,229.8
Lerwick,1933,7,16.1,11.2,0.0,42.9,141.2
Lerwick,1933,8,15.6,10.6,0.0,86.1,123.1
Lerwick,1933,9,14.2,8.9,0.0,60.5,122.4
Lerwick,1933,10,10.6,5.9,0.0,123.6,67.9
Lerwick,1933,11,7.8,4.0,0.0,89.9,35.6
Lerwick,1933,12,7.2,3.9,0.0,63.4,7.3
Lerwick,1934,1,7.1,2.8,2.0,129.9,15.5
Lerwick,1934,2,7.6,3.2,3.0,86.1,33.0
Lerwick,1934,3,6.3,1.5,5.0,84.1,102.4
Lerwick,1934,4,7.8,2.6,1.0,83.3,120.8
Lerwick,1934,5,10.1,4.6,1.0,85.7,185.0
Lerwick,1934,6,13.3,7.2,0.0,34.8,181.0
Lerwick,1934,7,15.2,10.8,0.0,54.4,78.8
Lerwick,1934,8,15.1,11.0,0.0,89.1,130.2
Lerwick,1934,9,13.5,9.2,0.0,105.4,131.3
Lerwick,1934,10,9.9,5.3,1.0,154.9,78.0
Lerwick,1934,11,7.5,3.2,1.0,77.0,37.4
Lerwick,1934,12,7.8,5.4,1.0,129.2,5.3
Lerwick,1935,1,6.3,2.6,6.0,88.3,21.3
Lerwick,1935,2,5.2,0.4,12.0,116.9,50.5
Lerwick,1935,3,7.5,3.0,2.0,96.0,115.8
Lerwick,1935,4,7.8,2.5,6.0,56.3,112.8
Lerwick,1935,5,10.1,4.4,2.0,24.2,155.5
Lerwick,1935,6,12.2,7.1,0.0,52.1,111.8
Lerwick,1935,7,14.1,8.9,0.0,143.5,162.8
Lerwick,1935,8,14.6,10.3,0.0,108.9,94.9
Lerwick,1935,9,12.7,8.7,0.0,121.7,82.9
Lerwick,1935,10,9.2,5.5,1.0,165.6,43.6
Lerwick,1935,11,8.0,4.9,0.0,93.5,32.5
Lerwick,1935,12,5.1,1.4,8.0,153.9,22.6
Lerwick,1936,1,4.1,0.1,13.0,111.3,25.1
Lerwick,1936,2,4.7,0.6,8.0,90.5,29.2
Lerwick,1936,3,6.4,2.0,7.0,62.0,62.1
Lerwick,1936,4,7.4,1.4,8.0,37.1,165.0
Lerwick,1936,5,11.0,5.1,0.0,27.4,216.6
Lerwick,1936,6,14.0,7.0,0.0,25.7,239.7
Lerwick,1936,7,16.0,10.8,0.0,111.5,144.6
Lerwick,1936,8,14.9,10.7,0.0,63.1,86.7
Lerwick,1936,9,13.4,8.9,0.0,57.6,98.0
Lerwick,1936,10,10.3,5.8,0.0,107.5,75.9
Lerwick,1936,11,8.2,3.9,0.0,75.6,27.1
Lerwick,1936,12,6.9,2.2,5.0,105.4,7.3
Lerwick,1937,1,5.4,2.1,6.0,149.0,12.1
Lerwick,1937,2,4.4,0.2,11.0,101.6,58.8
Lerwick,1937,3,4.1,-0.9,20.0,67.6,127.3
Lerwick,1937,4,8.7,3.7,0.0,42.7,116.8
Lerwick,1937,5,11.4,5.9,0.0,55.0,129.1
Lerwick,1937,6,12.5,7.1,0.0,117.7,139.2
Lerwick,1937,7,14.0,9.6,0.0,48.5,65.6
Lerwick,1937,8,14.6,9.6,0.0,47.4,122.6
Lerwick,1937,9,12.7,7.8,0.0,67.4,89.6
Lerwick,1937,10,11.0,7.2,0.0,91.7,59.1
Lerwick,1937,11,7.1,3.1,5.0,61.7,38.1
Lerwick,1937,12,5.1,1.6,5.0,102.3,15.3
Lerwick,1938,1,6.5,2.2,7.0,154.4,14.5
Lerwick,1938,2,5.9,1.9,3.0,60.9,36.6
Lerwick,1938,3,8.2,3.7,2.0,101.3,59.3
Lerwick,1938,4,8.7,3.3,6.0,39.5,102.6
Lerwick,1938,5,9.6,4.2,3.0,108.2,124.6
Lerwick,1938,6,12.2,7.4,0.0,105.0,136.2
Lerwick,1938,7,14.1,9.5,0.0,71.7,121.9
Lerwick,1938,8,15.6,9.8,0.0,40.8,228.5
Lerwick,1938,9,13.0,8.2,0.0,61.2,90.9
Lerwick,1938,10,10.7,6.7,0.0,175.3,64.2
Lerwick,1938,11,8.2,4.3,0.0,157.4,21.3
Lerwick,1938,12,6.2,2.6,4.0,122.5,4.4
Lerwick,1939,1,4.7,0.2,11.0,137.6,42.8
Lerwick,1939,2,7.1,3.2,2.0,90.8,43.9
Lerwick,1939,3,7.2,2.4,3.0,76.4,89.7
Lerwick,1939,4,8.2,2.5,4.0,68.7,163.6
Lerwick,1939,5,10.9,5.5,0.0,27.7,115.3
Lerwick,1939,6,13.3,7.2,0.0,41.2,213.9
Lerwick,1939,7,13.5,9.6,0.0,93.3,73.4
Lerwick,1939,8,15.3,10.6,0.0,75.2,127.0
Lerwick,1939,9,13.7,9.2,0.0,32.0,103.8
Lerwick,1939,10,9.5,4.5,0.0,53.8,109.3
Lerwick,1939,11,7.8,3.4,4.0,127.9,25.7
Lerwick,1939,12,5.7,1.8,10.0,62.8,13.9
Lerwick,1940,1,3.9,-0.4,16.0,39.8,27.6
Lerwick,1940,2,4.2,-0.2,18.0,56.1,48.5
Lerwick,1940,3,5.3,0.4,13.0,126.1,74.0
Lerwick,1940,4,7.3,2.1,4.0,111.8,115.6
Lerwick,1940,5,11.5,5.9,0.0,41.8,216.0
Lerwick,1940,6,14.5,8.8,0.0,28.7,157.7
Lerwick,1940,7,13.8,8.8,0.0,41.9,132.3
Lerwick,1940,8,13.2,8.3,0.0,101.3,105.7
Lerwick,1940,9,11.4,6.9,0.0,120.2,73.5
Lerwick,1940,10,9.9,6.0,0.0,63.3,63.6
Lerwick,1940,11,7.5,2.6,4.0,139.8,40.2
Lerwick,1940,12,6.0,1.9,3.0,93.8,13.2
Lerwick,1941,1,3.1,-0.9,16.0,28.5,38.0
Lerwick,1941,2,4.4,-0.4,12.0,89.4,55.9
Lerwick,1941,3,5.6,0.5,10.0,39.7,114.3
Lerwick,1941,4,7.3,1.7,5.0,39.5,113.7
Lerwick,1941,5,9.7,3.9,3.0,44.2,148.6
Lerwick,1941,6,12.7,7.4,0.0,25.9,153.6
Lerwick,1941,7,15.2,10.3,0.0,63.2,104.4
Lerwick,1941,8,14.5,9.2,0.0,55.8,121.5
Lerwick,1941,9,13.3,8.8,0.0,64.3,75.1
Lerwick,1941,10,10.5,5.4,1.0,69.6,69.6
Lerwick,1941,11,7.3,3.8,0.0,141.9,18.4
Lerwick,1941,12,7.3,2.9,6.0,128.6,13.4
Lerwick,1942,1,3.5,-0.1,12.0,125.6,16.7
Lerwick,1942,2,3.8,-0.4,13.0,52.4,47.5
Lerwick,1942,3,4.2,0.1,15.0,56.8,58.7
Lerwick,1942,4,9.2,3.0,1.0,32.1,184.5
Lerwick,1942,5,10.3,4.8,0.0,89.2,139.7
Lerwick,1942,6,11.9,7.0,0.0,57.8,95.1
Lerwick,1942,7,13.7,9.3,0.0,68.1,104.1
Lerwick,1942,8,13.9,10.2,0.0,64.5,69.4
Lerwick,1942,9,12.6,8.2,0.0,122.7,100.5
Lerwick,1942,10,9.6,5.2,0.0,145.4,72.2
Lerwick,1942,11,7.9,3.9,6.0,83.4,24.0
Lerwick,1942,12,7.4,3.2,8.0,140.0,12.4
Lerwick,1943,1,5.6,1.6,10.0,115.7,24.5
Lerwick,1943,2,7.4,2.2,6.0,105.6,46.1
Lerwick,1943,3,8.0,3.6,3.0,75.2,100.4
Lerwick,1943,4,8.7,3.9,3.0,97.1,97.6
Lerwick,1943,5,10.8,5.8,0.0,81.6,151.9
Lerwick,1943,6,12.7,8.3,0.0,28.8,114.8
Lerwick,1943,7,14.5,9.2,0.0,83.9,176.7
Lerwick,1943,8,13.7,8.6,0.0,101.4,152.0
Lerwick,1943,9,13.0,8.4,0.0,116.7,118.7
Lerwick,1943,10,11.3,8.1,0.0,80.3,50.5
Lerwick,1943,11,7.5,3.3,2.0,129.8,42.7
Lerwick,1943,12,7.1,2.9,2.0,81.7,7.9
Lerwick,1944,1,6.4,1.6,9.0,116.2,16.2
Lerwick,1944,2,5.6,1.1,7.0,70.9,60.5
Lerwick,1944,3,6.1,0.9,12.0,61.6,86.5
Lerwick,1944,4,7.8,3.7,2.0,67.3,64.2
Lerwick,1944,5,9.6,5.1,0.0,68.8,119.1
Lerwick,1944,6,12.2,7.4,0.0,68.2,100.9
Lerwick,1944,7,14.4,10.1,0.0,50.3,91.1
Lerwick,1944,8,14.8,10.3,0.0,47.1,122.2
Lerwick,1944,9,12.4,7.7,0.0,63.2,109.5
Lerwick,1944,10,10.0,6.3,0.0,112.0,61.7
Lerwick,1944,11,6.5,2.0,4.0,115.9,27.9
Lerwick,1944,12,5.8,1.9,6.0,117.0,11.3
Lerwick,1945,1,3.2,-1.5,25.0,93.6,33.9
Lerwick,1945,2,6.7,2.2,5.0,106.4,50.2
Lerwick,1945,3,8.4,4.2,3.0,70.2,88.5
Lerwick,1945,4,8.5,3.8,2.0,89.3,121.1
Lerwick,1945,5,10.8,5.5,0.0,109.8,170.3
Lerwick,1945,6,12.8,8.1,0.0,52.6,150.3
Lerwick,1945,7,15.0,9.8,0.0,47.8,104.2
Lerwick,1945,8,14.9,10.1,0.0,78.4,80.5
Lerwick,1945,9,13.8,9.2,0.0,73.6,138.2
Lerwick,1945,10,11.4,8.0,0.0,90.8,29.4
Lerwick,1945,11,9.3,5.2,0.0,76.1,36.7
Lerwick,1945,12,6.9,2.6,5.0,115.9,13.7
Lerwick,1946,1,6.5,2.6,4.0,120.2,37.3
Lerwick,1946,2,5.1,0.5,9.0,93.9,59.3
Lerwick,1946,3,6.7,1.6,8.0,83.1,105.9
Lerwick,1946,4,9.1,3.4,0.0,90.0,110.7
Lerwick,1946,5,11.1,5.2,0.0,26.1,171.0
Lerwick,1946,6,12.4,7.9,0.0,108.4,139.4
Lerwick,1946,7,14.7,10.3,0.0,90.3,109.7
Lerwick,1946,8,14.5,9.8,0.0,113.4,149.7
Lerwick,1946,9,13.6,9.4,0.0,102.8,114.9
Lerwick,1946,10,10.2,6.4,0.0,29.2,59.9
Lerwick,1946,11,8.2,4.2,2.0,147.8,30.3
Lerwick,1946,12,6.6,3.1,0.0,150.2,14.1
Lerwick,1947,1,5.3,1.1,6.0,95.8,14.8
Lerwick,1947,2,1.5,-2.2,25.0,67.9,51.9
Lerwick,1947,3,2.9,-2.4,19.0,49.2,103.7
Lerwick,1947,4,7.9,2.5,6.0,107.8,146.8
Lerwick,1947,5,11.5,6.3,0.0,15.3,221.9
Lerwick,1947,6,13.0,7.9,0.0,61.1,132.8
Lerwick,1947,7,16.1,10.7,0.0,39.5,228.0
Lerwick,1947,8,17.2,11.5,0.0,0.7,172.4
Lerwick,1947,9,13.7,8.5,0.0,124.2,144.9
Lerwick,1947,10,10.9,6.6,0.0,66.3,55.7
Lerwick,1947,11,6.7,2.6,5.0,135.1,41.5
Lerwick,1947,12,6.7,2.4,5.0,94.1,9.7
Lerwick,1948,1,4.5,0.4,11.0,121.7,28.9
Lerwick,1948,2,6.0,2.0,2.0,89.9,40.1
Lerwick,1948,3,8.3,3.3,1.0,68.1,107.8
Lerwick,1948,4,8.8,3.5,2.0,76.5,147.6
Lerwick,1948,5,10.8,4.0,2.0,46.9,271.5
Lerwick,1948,6,12.4,7.3,0.0,48.2,119.5
Lerwick,1948,7,13.4,8.8,0.0,81.9,119.5
Lerwick,1948,8,13.0,8.6,0.0,55.0,75.4
Lerwick,1948,9,12.3,7.8,0.0,143.3,106.0
Lerwick,1948,10,9.1,4.6,4.0,147.1,86.4
Lerwick,1948,11,8.4,3.7,4.0,111.4,41.2
Lerwick,1948,12,7.7,4.6,1.0,145.7,9.0
Lerwick,1949,1,6.6,0.8,10.0,165.1,15.4
Lerwick,1949,2,6.8,2.3,5.0,90.7,54.7
Lerwick,1949,3,5.2,0.7,15.0,89.5,91.2
Lerwick,1949,4,8.9,3.2,3.0,82.6,136.7
Lerwick,1949,5,10.2,5.1,0.0,35.3,135.6
Lerwick,1949,6,12.5,7.2,0.0,28.1,220.4
Lerwick,1949,7,14.7,9.6,0.0,42.9,149.3
Lerwick,1949,8,13.9,9.7,0.0,65.5,89.4
Lerwick,1949,9,13.9,10.1,0.0,70.9,79.1
Lerwick,1949,10,11.1,7.1,0.0,113.1,73.4
Lerwick,1949,11,9.0,5.0,0.0,169.4,29.2
Lerwick,1949,12,6.0,1.5,5.0,147.5,29.3
Lerwick,1950,1,6.4,3.3,1.0,105.2,20.8
Lerwick,1950,2,4.9,0.6,7.0,129.3,60.1
Lerwick,1950,3,7.3,3.1,4.0,85.4,86.1
Lerwick,1950,4,7.8,2.6,4.0,68.8,179.1
Lerwick,1950,5,10.8,5.1,1.0,35.6,216.3
Lerwick,1950,6,13.0,8.1,0.0,101.7,129.8
Lerwick,1950,7,14.8,9.9,0.0,88.5,216.2
Lerwick,1950,8,15.4,10.8,0.0,110.9,153.9
Lerwick,1950,9,12.8,8.0,0.0,141.7,128.6
Lerwick,1950,10,10.0,6.1,0.0,155.7,52.4
Lerwick,1950,11,6.8,2.4,4.0,126.4,50.0
Lerwick,1950,12,3.5,-0.9,19.0,82.9,24.3
Lerwick,1951,1,5.0,1.1,5.0,131.8,21.9
Lerwick,1951,2,5.1,0.8,5.0,143.6,42.9
Lerwick,1951,3,4.5,-0.2,15.0,62.6,79.0
Lerwick,1951,4,6.4,1.0,9.0,111.8,135.1
Lerwick,1951,5,9.8,4.0,1.0,7.5,232.0
Lerwick,1951,6,11.7,5.9,1.0,35.5,159.9
Lerwick,1951,7,13.0,8.4,0.0,100.8,85.4
Lerwick,1951,8,13.9,9.5,0.0,135.3,100.7
Lerwick,1951,9,12.9,8.6,0.0,65.5,96.9
Lerwick,1951,10,11.0,7.3,1.0,62.9,53.3
Lerwick,1951,11,8.4,4.3,4.0,152.0,22.7
Lerwick,1951,12,6.7,2.0,8.0,176.4,12.9
Lerwick,1952,1,3.9,-1.2,17.0,117.9,39.4
Lerwick,1952,2,4.7,0.5,12.0,52.0,42.1
Lerwick,1952,3,6.3,2.0,5.0,156.1,84.1
Lerwick,1952,4,9.5,3.5,3.0,45.1,153.1
Lerwick,1952,5,10.2,6.1,0.0,97.3,76.7
Lerwick,1952,6,11.3,6.3,0.0,92.9,103.7
Lerwick,1952,7,13.7,8.6,0.0,46.2,116.7
Lerwick,1952,8,13.4,8.9,0.0,136.1,106.1
Lerwick,1952,9,10.6,5.9,0.0,102.3,102.2
Lerwick,1952,10,9.2,5.3,0.0,95.2,87.2
Lerwick,1952,11,5.5,1.7,7.0,73.1,42.4
Lerwick,1952,12,5.9,1.7,7.0,147.1,11.3
Lerwick,1953,1,6.7,2.1,8.0,106.7,19.4
Lerwick,1953,2,5.7,0.4,13.0,102.6,60.8
Lerwick,1953,3,8.0,3.2,1.0,46.3,111.1
Lerwick,1953,4,7.6,1.5,8.0,73.3,162.3
Lerwick,1953,5,10.2,5.5,0.0,48.5,127.9
Lerwick,1953,6,13.3,8.2,0.0,18.0,129.6
Lerwick,1953,7,14.7,10.2,0.0,127.1,123.9
Lerwick,1953,8,14.6,9.9,0.0,116.9,115.1
Lerwick,1953,9,13.4,9.0,0.0,84.3,112.7
Lerwick,1953,10,11.3,7.5,0.0,89.2,68.7
Lerwick,1953,11,9.0,5.3,0.0,172.5,25.0
Lerwick,1953,12,7.9,4.3,1.0,127.8,22.2
Lerwick,1954,1,5.5,1.5,6.0,95.0,8.1
Lerwick,1954,2,4.4,0.6,8.0,137.9,44.8
Lerwick,1954,3,6.1,2.0,6.0,66.8,79.8
Lerwick,1954,4,8.5,2.5,2.0,54.7,139.3
Lerwick,1954,5,11.3,5.7,0.0,35.8,174.1
Lerwick,1954,6,12.4,7.1,0.0,119.2,109.8
Lerwick,1954,7,13.3,9.0,0.0,80.3,106.3
Lerwick,1954,8,13.7,9.3,0.0,68.3,111.2
Lerwick,1954,9,11.7,6.9,1.0,162.9,112.1
Lerwick,1954,10,9.3,4.7,0.0,131.4,73.1
Lerwick,1954,11,7.5,3.6,1.0,153.8,32.0
Lerwick,1954,12,6.5,1.9,8.0,155.7,10.5
Lerwick,1955,1,4.0,-0.1,11.0,85.8,17.9
Lerwick,1955,2,2.5,-1.8,21.0,76.7,88.7
Lerwick,1955,3,4.9,1.0,9.0,39.7,91.3
Lerwick,1955,4,8.9,3.4,2.0,75.6,162.5
Lerwick,1955,5,9.3,3.3,3.0,50.7,219.4
Lerwick,1955,6,12.4,6.6,0.0,47.0,239.5
Lerwick,1955,7,15.8,10.1,0.0,21.0,197.9
Lerwick,1955,8,15.1,10.6,0.0,22.6,99.0
Lerwick,1955,9,13.9,9.0,0.0,94.2,115.3
Lerwick,1955,10,9.5,4.8,2.0,121.5,84.7
Lerwick,1955,11,8.7,5.0,2.0,57.5,16.2
Lerwick,1955,12,4.6,0.0,13.0,123.5,14.6
Lerwick,1956,1,3.8,-0.7,18.0,132.4,19.4
Lerwick,1956,2,4.7,-0.2,14.0,33.6,65.3
Lerwick,1956,3,5.3,1.8,5.0,58.5,58.9
Lerwick,1956,4,7.2,1.5,8.0,42.2,149.9
Lerwick,1956,5,11.1,5.6,0.0,66.0,162.0
Lerwick,1956,6,11.8,6.3,0.0,62.2,188.9
Lerwick,1956,7,13.3,9.2,0.0,97.8,103.6
Lerwick,1956,8,12.8,7.9,0.0,60.1,124.2
Lerwick,1956,9,12.4,9.0,0.0,60.6,52.5
Lerwick,1956,10,9.6,5.6,0.0,124.2,46.8
Lerwick,1956,11,8.2,4.6,3.0,91.7,20.8
Lerwick,1956,12,6.7,2.7,0.0,136.5,11.2
Lerwick,1957,1,6.9,2.5,0.0,133.4,34.6
Lerwick,1957,2,5.0,0.7,7.0,110.9,56.8
Lerwick,1957,3,7.5,4.0,2.0,111.1,39.5
Lerwick,1957,4,9.1,3.5,3.0,58.3,147.2
Lerwick,1957,5,10.1,4.2,4.0,61.5,192.0
Lerwick,1957,6,12.2,6.6,0.0,64.3,150.7
Lerwick,1957,7,13.4,9.5,0.0,74.8,75.5
Lerwick,1957,8,13.0,9.5,0.0,80.5,95.3
Lerwick,1957,9,11.7,7.2,0.0,106.4,103.6
Lerwick,1957,10,10.2,5.9,0.0,159.4,67.6
Lerwick,1957,11,8.0,4.3,0.0,104.7,40.0
Lerwick,1957,12,5.9,1.9,9.0,120.2,25.1
Lerwick,1958,1,4.7,0.2,14.0,142.6,18.5
Lerwick,1958,2,3.4,-1.0,18.0,58.7,57.2
Lerwick,1958,3,3.8,-0.5,16.0,41.9,105.2
Lerwick,1958,4,7.6,2.2,6.0,41.3,153.0
Lerwick,1958,5,9.3,3.6,0.0,99.5,143.0
Lerwick,1958,6,12.5,7.3,0.0,16.8,141.3
Lerwick,1958,7,14.4,9.3,0.0,93.8,136.6
Lerwick,1958,8,13.6,9.8,0.0,87.7,89.6
Lerwick,1958,9,14.1,10.1,0.0,113.2,108.2
Lerwick,1958,10,11.2,7.8,0.0,121.6,69.5
Lerwick,1958,11,9.3,5.2,1.0,68.5,49.6
Lerwick,1958,12,5.8,1.7,5.0,99.9,17.1
Lerwick,1959,1,2.8,-1.9,22.0,96.1,41.5
Lerwick,1959,2,6.6,2.4,3.0,31.4,35.1
Lerwick,1959,3,7.5,3.7,1.0,40.9,98.1
Lerwick,1959,4,8.9,4.4,0.0,76.4,115.2
Lerwick,1959,5,11.0,5.5,0.0,37.3,171.4
Lerwick,1959,6,13.2,7.8,0.0,68.5,236.6
Lerwick,1959,7,14.9,10.4,0.0,57.9,133.9
Lerwick,1959,8,14.6,10.1,0.0,52.4,101.7
Lerwick,1959,9,13.9,8.8,0.0,33.8,121.9
Lerwick,1959,10,11.7,8.0,0.0,96.8,67.6
Lerwick,1959,11,8.7,4.5,0.0,142.4,37.7
Lerwick,1959,12,6.9,3.1,0.0,184.5,9.5
Lerwick,1960,1,5.0,0.6,14.0,55.9,43.1
Lerwick,1960,2,4.8,0.5,14.0,132.0,62.1
Lerwick,1960,3,6.3,3.1,3.0,21.5,68.0
Lerwick,1960,4,8.6,4.0,0.0,73.8,85.8
Lerwick,1960,5,11.9,6.3,0.0,38.7,174.6
Lerwick,1960,6,13.8,8.9,0.0,70.5,129.6
Lerwick,1960,7,14.5,9.6,0.0,34.3,159.9
Lerwick,1960,8,14.7,9.8,0.0,26.2,120.6
Lerwick,1960,9,13.6,8.8,0.0,75.8,123.2
Lerwick,1960,10,10.1,6.5,0.0,75.1,63.3
Lerwick,1960,11,7.7,3.8,2.0,127.6,30.4
Lerwick,1960,12,6.3,2.0,5.0,117.6,28.2
Lerwick,1961,1,5.2,1.6,8.0,84.3,22.0
Lerwick,1961,2,6.7,2.5,5.0,84.2,38.5
Lerwick,1961,3,8.0,3.1,5.0,96.2,72.9
Lerwick,1961,4,7.6,3.2,6.0,74.0,115.6
Lerwick,1961,5,10.1,5.3,0.0,61.2,117.6
Lerwick,1961,6,12.5,7.5,0.0,82.8,152.3
Lerwick,1961,7,13.7,9.3,0.0,54.6,86.3
Lerwick,1961,8,14.3,9.6,0.0,54.0,123.4
Lerwick,1961,9,13.4,9.2,0.0,119.0,87.8
Lerwick,1961,10,11.1,7.9,0.0,175.2,61.6
Lerwick,1961,11,7.4,3.5,3.0,128.9,34.7
Lerwick,1961,12,4.5,0.3,16.0,76.9,9.4
Lerwick,1962,1,6.0,1.9,2.0,169.9,25.7
Lerwick,1962,2,5.8,0.9,11.0,116.0,30.2
Lerwick,1962,3,3.7,-0.8,14.0,100.0,95.7
Lerwick,1962,4,7.5,2.1,6.0,45.9,183.7
Lerwick,1962,5,9.2,4.7,0.0,55.8,109.8
Lerwick,1962,6,12.8,7.1,0.0,57.5,147.9
Lerwick,1962,7,12.9,8.3,0.0,36.3,91.3
Lerwick,1962,8,13.3,8.8,0.0,139.3,141.0
Lerwick,1962,9,11.6,8.2,0.0,131.2,77.9
Lerwick,1962,10,10.6,6.8,2.0,95.4,59.0
Lerwick,1962,11,6.5,2.4,9.0,77.3,39.6
Lerwick,1962,12,5.7,1.5,10.0,107.5,18.0
Lerwick,1963,1,3.1,-1.4,17.0,39.8,37.1
Lerwick,1963,2,3.6,-0.4,15.0,26.7,83.2
Lerwick,1963,3,6.0,2.8,1.0,94.4,81.0
Lerwick,1963,4,7.6,3.3,3.0,74.5,94.7
Lerwick,1963,5,10.0,4.9,0.0,77.9,170.2
Lerwick,1963,6,13.3,8.6,0.0,36.4,165.9
Lerwick,1963,7,13.6,8.3,0.0,55.4,174.4
Lerwick,1963,8,14.4,9.4,0.0,43.8,114.4
Lerwick,1963,9,12.2,8.0,0.0,122.6,90.5
Lerwick,1963,10,10.4,6.2,0.0,115.4,43.1
Lerwick,1963,11,7.0,3.2,6.0,216.6,19.4
Lerwick,1963,12,5.4,1.3,7.0,53.1,17.6
Lerwick,1964,1,7.2,3.2,3.0,73.8,24.8
Lerwick,1964,2,6.0,2.0,8.0,58.5,38.0
Lerwick,1964,3,6.3,2.4,3.0,47.3,70.7
Lerwick,1964,4,8.5,3.8,1.0,71.2,93.6
Lerwick,1964,5,10.9,6.2,0.0,98.5,150.0
Lerwick,1964,6,12.6,7.3,0.0,69.2,163.2
Lerwick,1964,7,13.3,9.0,0.0,123.2,110.8
Lerwick,1964,8,12.6,7.6,0.0,122.1,95.8
Lerwick,1964,9,11.5,6.6,0.0,86.1,104.8
Lerwick,1964,10,9.8,6.0,2.0,98.8,50.0
Lerwick,1964,11,8.0,3.7,4.0,130.5,35.2
Lerwick,1964,12,5.2,0.4,14.0,254.7,16.4
Lerwick,1965,1,4.8,0.7,10.0,190.9,27.0
Lerwick,1965,2,5.6,1.9,8.0,55.9,38.5
Lerwick,1965,3,5.3,0.6,15.0,59.2,95.0
Lerwick,1965,4,7.9,2.9,2.0,68.7,138.3
Lerwick,1965,5,8.9,4.7,0.0,45.2,92.7
Lerwick,1965,6,12.5,7.7,0.0,61.2,109.1
Lerwick,1965,7,12.7,6.9,0.0,39.6,180.2
Lerwick,1965,8,13.3,8.9,0.0,99.8,112.9
Lerwick,1965,9,12.6,8.5,0.0,104.9,88.8
Lerwick,1965,10,10.9,7.5,0.0,123.6,59.2
Lerwick,1965,11,5.1,0.9,11.0,92.8,28.7
Lerwick,1965,12,3.9,-0.6,16.0,194.7,22.0
Lerwick,1966,1,4.2,0.6,10.0,106.6,14.9
Lerwick,1966,2,3.8,-0.2,16.0,99.5,62.1
Lerwick,1966,3,6.0,1.8,10.0,139.9,84.3
Lerwick,1966,4,6.9,1.7,9.0,34.3,194.1
Lerwick,1966,5,10.0,5.1,0.0,125.5,155.0
Lerwick,1966,6,13.4,9.1,0.0,73.8,121.4
Lerwick,1966,7,13.8,8.8,0.0,61.4,146.7
Lerwick,1966,8,14.1,8.8,0.0,34.8,192.0
Lerwick,1966,9,12.4,8.3,0.0,86.9,74.0
Lerwick,1966,10,10.0,6.3,0.0,140.4,58.4
Lerwick,1966,11,6.4,2.2,5.0,108.8,29.5
Lerwick,1966,12,5.5,1.0,10.0,189.3,18.3
Lerwick,1967,1,5.3,1.6,8.0,115.8,22.8
Lerwick,1967,2,6.2,3.1,0.0,124.8,36.5
Lerwick,1967,3,6.9,1.7,5.0,192.5,89.3
Lerwick,1967,4,7.5,2.4,7.0,128.1,120.1
Lerwick,1967,5,9.3,4.7,4.0,86.4,139.6
Lerwick,1967,6,12.1,7.3,0.0,59.2,184.7
Lerwick,1967,7,13.7,9.2,0.0,84.5,121.0
Lerwick,1967,8,13.8,9.3,0.0,88.6,98.3
Lerwick,1967,9,13.0,9.6,0.0,141.8,37.4
Lerwick,1967,10,9.7,5.2,2.0,183.5,70.3
Lerwick,1967,11,8.2,4.0,1.0,119.9,20.5
Lerwick,1967,12,5.8,1.5,14.0,163.5,11.7
Lerwick,1968,1,4.9,-0.5,17.0,143.0,27.8
Lerwick,1968,2,3.6,-0.9,15.0,119.8,77.9
Lerwick,1968,3,6.2,1.4,8.0,108.0,77.2
Lerwick,1968,4,7.9,2.5,9.0,54.6,149.5
Lerwick,1968,5,8.4,3.7,1.0,71.7,143.8
Lerwick,1968,6,12.5,7.9,0.0,89.2,166.7
Lerwick,1968,7,13.9,8.8,0.0,36.4,134.4
Lerwick,1968,8,14.2,8.6,0.0,38.2,111.7
Lerwick,1968,9,13.2,8.8,0.0,72.7,82.5
Lerwick,1968,10,10.3,6.6,0.0,121.5,58.8
Lerwick,1968,11,7.1,3.5,5.0,49.2,23.1
Lerwick,1968,12,5.9,1.8,9.0,91.1,7.7
Lerwick,1969,1,5.9,2.3,7.0,177.9,13.1
Lerwick,1969,2,2.3,-2.6,22.0,92.5,60.7
Lerwick,1969,3,4.0,-0.6,19.0,77.0,94.4
Lerwick,1969,4,7.6,2.7,3.0,67.7,119.8
Lerwick,1969,5,9.4,5.0,0.0,58.0,104.7
Lerwick,1969,6,13.4,7.8,0.0,74.0,184.9
Lerwick,1969,7,13.9,9.4,0.0,107.3,117.7
Lerwick,1969,8,15.6,11.0,0.0,48.7,158.3
Lerwick,1969,9,12.3,7.9,0.0,170.0,87.0
Lerwick,1969,10,11.4,7.0,1.0,94.2,47.4
Lerwick,1969,11,5.1,0.1,11.0,120.2,40.9
Lerwick,1969,12,5.4,1.6,6.0,149.6,10.1
Lerwick,1970,1,4.4,0.7,10.0,150.0,12.5
Lerwick,1970,2,3.4,-1.5,16.0,134.6,71.8
Lerwick,1970,3,4.6,0.3,17.0,145.6,72.0
Lerwick,1970,4,7.0,1.4,7.0,53.8,181.8
Lerwick,1970,5,10.6,5.8,0.0,47.3,123.4
Lerwick,1970,6,13.9,8.2,0.0,64.7,230.8
Lerwick,1970,7,12.9,8.4,0.0,91.8,126.0
Lerwick,1970,8,14.1,10.3,0.0,50.3,74.3
Lerwick,1970,9,12.4,8.4,0.0,133.1,82.4
Lerwick,1970,10,9.7,5.4,1.0,186.7,54.5
Lerwick,1970,11,6.7,2.4,3.0,158.6,46.0
Lerwick,1970,12,6.4,2.5,5.0,84.1,23.6
Lerwick,1971,1,6.1,2.2,6.0,160.4,10.6
Lerwick,1971,2,6.6,2.7,2.0,89.6,40.8
Lerwick,1971,3,6.3,1.8,6.0,118.0,90.7
Lerwick,1971,4,8.2,3.0,2.0,60.8,152.1
Lerwick,1971,5,11.1,6.8,0.0,89.7,178.6
Lerwick,1971,6,11.5,6.4,0.0,29.9,181.3
Lerwick,1971,7,13.7,8.6,0.0,47.0,146.3
Lerwick,1971,8,14.1,9.1,0.0,58.2,126.0
Lerwick,1971,9,13.1,8.3,0.0,108.0,123.6
Lerwick,1971,10,10.7,6.0,2.0,126.5,93.4
Lerwick,1971,11,6.9,2.0,11.0,189.3,28.4
Lerwick,1971,12,7.9,3.7,2.0,165.8,11.3
Lerwick,1972,1,5.3,2.3,2.0,82.1,14.8
Lerwick,1972,2,5.7,2.3,2.0,77.1,39.6
Lerwick,1972,3,6.7,2.8,2.0,67.9,69.0
Lerwick,1972,4,8.3,3.6,0.0,119.9,112.1
Lerwick,1972,5,10.4,6.1,0.0,44.7,108.9
Lerwick,1972,6,12.0,7.2,0.0,78.7,164.6
Lerwick,1972,7,14.1,8.9,0.0,25.6,150.3
Lerwick,1972,8,13.2,9.0,0.0,92.9,121.3
Lerwick,1972,9,11.7,7.1,0.0,42.9,83.8
Lerwick,1972,10,10.8,6.9,0.0,83.6,58.9
Lerwick,1972,11,7.3,3.0,5.0,230.9,40.5
Lerwick,1972,12,7.5,4.1,0.0,114.6,11.2
Lerwick,1973,1,7.1,4.0,0.0,96.0,16.6
Lerwick,1973,2,5.4,0.5,13.0,150.0,60.9
Lerwick,1973,3,7.9,3.6,1.0,86.1,77.7
Lerwick,1973,4,6.5,1.0,13.0,103.0,141.2
Lerwick,1973,5,9.5,4.7,1.0,75.3,135.3
Lerwick,1973,6,11.8,7.2,0.0,93.6,114.8
Lerwick,1973,7,13.6,9.4,0.0,43.4,109.1
Lerwick,1973,8,13.5,9.1,0.0,131.1,138.5
Lerwick,1973,9,12.0,8.5,0.0,136.3,68.2
Lerwick,1973,10,9.1,4.6,3.0,87.9,72.8
Lerwick,1973,11,6.1,1.5,12.0,236.3,26.7
Lerwick,1973,12,5.5,0.5,13.0,186.2,13.2
Lerwick,1974,1,6.8,3.2,0.0,133.9,16.2
Lerwick,1974,2,6.4,2.5,5.0,92.8,44.4
Lerwick,1974,3,6.8,2.4,3.0,44.3,124.2
Lerwick,1974,4,9.0,4.1,0.0,2.2,107.6
Lerwick,1974,5,10.5,6.0,0.0,54.7,132.7
Lerwick,1974,6,12.9,7.5,0.0,38.2,190.9
Lerwick,1974,7,13.9,8.8,0.0,82.7,163.1
Lerwick,1974,8,14.6,9.9,0.0,46.7,160.8
Lerwick,1974,9,12.5,8.1,0.0,94.3,135.8
Lerwick,1974,10,9.0,4.6,0.0,91.0,83.1
Lerwick,1974,11,7.6,4.0,1.0,127.8,40.8
Lerwick,1974,12,6.9,2.0,6.0,196.6,15.5
Lerwick,1975,1,6.3,1.5,5.0,182.7,30.1
Lerwick,1975,2,6.3,2.6,4.0,20.5,90.7
Lerwick,1975,3,5.6,1.4,6.0,73.8,103.4
Lerwick,1975,4,6.8,2.1,8.0,108.1,106.3
Lerwick,1975,5,9.0,4.2,0.0,41.8,164.7
Lerwick,1975,6,12.2,6.1,0.0,68.3,223.0
Lerwick,1975,7,13.5,9.2,0.0,46.8,103.7
Lerwick,1975,8,15.3,10.8,0.0,77.3,117.3
Lerwick,1975,9,12.1,7.4,0.0,137.8,103.9
Lerwick,1975,10,10.8,7.3,0.0,59.3,61.4
Lerwick,1975,11,7.8,4.1,1.0,116.1,38.8
Lerwick,1975,12,7.2,1.7,9.0,156.8,9.2
Lerwick,1976,1,4.9,0.3,14.0,160.4,14.8
Lerwick,1976,2,5.9,2.1,5.0,99.9,30.1
Lerwick,1976,3,5.4,0.8,13.0,105.5,81.8
Lerwick,1976,4,8.0,2.6,5.0,75.2,111.9
Lerwick,1976,5,10.6,5.5,1.0,40.2,158.0
Lerwick,1976,6,13.2,8.2,0.0,64.3,129.5
Lerwick,1976,7,14.9,10.3,0.0,41.3,159.0
Lerwick,1976,8,15.3,10.1,0.0,25.4,165.1
Lerwick,1976,9,11.6,7.5,0.0,46.8,102.1
Lerwick,1976,10,10.7,7.4,0.0,133.5,58.9
Lerwick,1976,11,8.2,4.1,2.0,143.0,50.3
Lerwick,1976,12,4.0,0.2,13.0,85.9,21.6
Lerwick,1977,1,4.6,0.5,13.0,121.9,36.5
Lerwick,1977,2,4.5,0.6,10.0,66.4,64.9
Lerwick,1977,3,6.8,2.9,5.0,114.5,73.6
Lerwick,1977,4,6.8,1.6,8.0,93.2,158.7
Lerwick,1977,5,10.2,4.5,1.0,46.4,196.8
Lerwick,1977,6,11.5,6.6,0.0,55.1,112.6
Lerwick,1977,7,13.7,8.9,0.0,50.0,102.5
Lerwick,1977,8,14.3,8.9,0.0,68.4,180.6
Lerwick,1977,9,11.5,7.0,0.0,121.4,109.8
Lerwick,1977,10,10.8,7.6,0.0,115.7,37.1
Lerwick,1977,11,6.9,2.6,4.0,148.1,29.9
Lerwick,1977,12,7.2,3.4,2.0,146.8,12.9
Lerwick,1978,1,4.8,0.6,12.0,155.6,19.5
Lerwick,1978,2,3.3,-0.6,14.0,85.4,65.6
Lerwick,1978,3,6.5,2.0,5.0,88.7,108.6
Lerwick,1978,4,6.8,1.8,7.0,22.7,156.4
Lerwick,1978,5,10.9,5.5,0.0,40.3,172.6
Lerwick,1978,6,12.4,7.8,0.0,66.8,131.9
Lerwick,1978,7,12.5,8.1,0.0,65.2,84.6
Lerwick,1978,8,13.4,9.3,0.0,24.2,83.5
Lerwick,1978,9,12.0,7.6,0.0,160.9,83.7
Lerwick,1978,10,10.7,6.2,0.0,98.6,65.5
Lerwick,1978,11,8.2,3.4,5.0,170.5,31.1
Lerwick,1978,12,4.7,1.9,6.0,62.9,8.4
Lerwick,1979,1,3.0,-1.4,20.0,133.3,16.1
Lerwick,1979,2,3.0,-0.9,17.0,54.7,62.2
Lerwick,1979,3,4.7,0.2,11.0,175.4,91.3
Lerwick,1979,4,7.2,2.9,1.0,128.0,105.1
Lerwick,1979,5,8.3,3.5,4.0,117.2,117.7
Lerwick,1979,6,12.0,7.6,0.0,89.0,122.7
Lerwick,1979,7,12.6,8.4,0.0,74.3,96.2
Lerwick,1979,8,13.3,8.7,0.0,130.9,93.1
Lerwick,1979,9,11.9,7.1,0.0,179.8,105.6
Lerwick,1979,10,10.2,6.9,0.0,111.5,41.3
Lerwick,1979,11,7.0,2.5,3.0,199.7,48.7
Lerwick,1979,12,5.6,1.9,6.0,157.0,17.9
Lerwick,1980,1,4.3,0.9,9.0,89.5,23.7
Lerwick,1980,2,5.2,1.4,9.0,90.7,36.4
Lerwick,1980,3,5.0,1.0,8.0,88.7,52.9
Lerwick,1980,4,8.5,3.3,4.0,36.6,157.6
Lerwick,1980,5,10.5,5.0,0.0,10.4,216.1
Lerwick,1980,6,13.4,8.8,0.0,47.1,131.6
Lerwick,1980,7,14.2,9.6,0.0,29.1,93.9
Lerwick,1980,8,13.6,10.0,0.0,68.6,53.3
Lerwick,1980,9,13.1,9.1,0.0,162.7,81.0
Lerwick,1980,10,8.5,4.4,2.0,104.1,81.0
Lerwick,1980,11,6.6,2.6,7.0,151.5,18.2
Lerwick,1980,12,6.2,1.8,7.0,193.7,8.0
Lerwick,1981,1,5.0,-0.6,17.0,155.9,14.2
Lerwick,1981,2,5.0,1.1,8.0,80.5,42.7
Lerwick,1981,3,6.2,1.6,5.0,139.3,74.6
Lerwick,1981,4,7.5,2.6,5.0,51.0,136.5
Lerwick,1981,5,10.0,5.5,0.0,56.0,108.8
Lerwick,1981,6,11.9,7.2,0.0,82.5,136.3
Lerwick,1981,7,13.7,9.0,0.0,38.3,89.7
Lerwick,1981,8,14.1,9.5,0.0,66.5,91.2
Lerwick,1981,9,13.4,9.9,0.0,134.7,70.6
Lerwick,1981,10,8.0,3.7,1.0,247.8,59.8
Lerwick,1981,11,6.9,2.6,2.0,235.5,22.9
Lerwick,1981,12,3.1,-1.5,22.0,116.1,11.5
Lerwick,1982,1,4.7,0.8,12.0,86.6,22.3
Lerwick,1982,2,6.3,2.6,1.0,46.9,51.2
Lerwick,1982,3,6.7,2.7,1.0,134.5,108.5
Lerwick,1982,4,8.3,3.5,6.0,37.3,110.4
Lerwick,1982,5,11.0,4.8,2.0,82.1,221.4
Lerwick,1982,6,12.5,7.4,0.0,9.5,150.3
Lerwick,1982,7,14.5,9.6,0.0,74.4,132.5
Lerwick,1982,8,14.3,9.8,0.0,141.1,115.6
Lerwick,1982,9,12.3,7.5,0.0,181.3,97.0
Lerwick,1982,10,10.5,7.0,0.0,113.6,40.7
Lerwick,1982,11,7.9,3.8,4.0,187.2,18.9
Lerwick,1982,12,5.8,1.5,9.0,120.8,4.0
Lerwick,1983,1,6.6,1.7,8.0,202.0,18.5
Lerwick,1983,2,4.5,0.5,12.0,60.5,23.2
Lerwick,1983,3,6.6,1.9,6.0,133.0,70.4
Lerwick,1983,4,6.6,2.0,4.0,80.6,98.5
Lerwick,1983,5,9.5,5.4,0.0,35.0,75.2
Lerwick,1983,6,12.2,7.1,0.0,70.9,168.1
Lerwick,1983,7,14.2,9.6,0.0,69.3,138.9
Lerwick,1983,8,13.9,9.7,0.0,63.8,88.5
Lerwick,1983,9,11.7,7.9,0.0,114.3,51.1
Lerwick,1983,10,10.2,5.5,0.0,211.7,53.5
Lerwick,1983,11,8.2,3.9,6.0,90.1,10.5
Lerwick,1983,12,6.9,2.3,5.0,186.9,9.0
Lerwick,1984,1,3.9,-0.8,20.0,142.1,26.4
Lerwick,1984,2,5.8,2.4,5.0,90.2,27.6
Lerwick,1984,3,5.3,1.0,9.0,81.5,75.3
Lerwick,1984,4,8.2,3.0,3.0,74.6,137.4
Lerwick,1984,5,10.2,4.9,0.0,26.8,134.7
Lerwick,1984,6,12.4,7.9,0.0,51.8,123.5
Lerwick,1984,7,14.0,9.7,0.0,35.5,72.6
Lerwick,1984,8,15.4,10.0,0.0,34.3,179.3
Lerwick,1984,9,12.2,8.3,0.0,147.2,68.9
Lerwick,1984,10,11.0,6.1,0.0,173.1,94.4
Lerwick,1984,11,8.1,4.8,1.0,110.4,21.5
Lerwick,1984,12,7.7,3.9,0.0,122.7,5.2
Lerwick,1985,1,4.3,-0.3,15.0,67.1,32.4
Lerwick,1985,2,5.2,0.9,10.0,69.9,54.3
Lerwick,1985,3,5.5,1.1,10.0,94.0,95.3
Lerwick,1985,4,7.4,2.3,4.0,146.5,111.6
Lerwick,1985,5,9.7,4.8,0.0,57.4,142.9
Lerwick,1985,6,12.1,6.9,0.0,15.0,130.3
Lerwick,1985,7,14.5,9.6,0.0,54.8,138.2
Lerwick,1985,8,14.6,10.1,0.0,110.9,150.8
Lerwick,1985,9,12.0,6.9,0.0,70.2,132.0
Lerwick,1985,10,11.2,7.4,0.0,68.7,78.2
Lerwick,1985,11,5.3,0.8,12.0,176.5,38.1
Lerwick,1985,12,5.6,0.9,12.0,156.3,21.7
Lerwick,1986,1,4.2,-0.2,14.0,148.9,27.1
Lerwick,1986,2,3.9,-0.3,17.0,10.8,92.4
Lerwick,1986,3,6.4,2.5,1.0,125.7,80.1
Lerwick,1986,4,7.0,1.6,5.0,35.5,155.2
Lerwick,1986,5,10.7,6.1,0.0,105.7,135.6
Lerwick,1986,6,12.7,7.7,0.0,38.2,148.4
Lerwick,1986,7,13.6,9.2,0.0,74.9,107.8
Lerwick,1986,8,13.3,8.9,0.0,77.0,130.1
Lerwick,1986,9,11.1,6.7,0.0,133.1,114.0
Lerwick,1986,10,10.0,6.1,0.0,156.1,67.3
Lerwick,1986,11,8.2,3.8,2.0,182.3,20.2
Lerwick,1986,12,6.1,1.9,3.0,194.4,15.7
Lerwick,1987,1,4.2,0.6,10.0,123.6,24.5
Lerwick,1987,2,4.7,0.5,12.0,50.6,73.4
Lerwick,1987,3,4.7,0.6,11.0,188.4,81.0
Lerwick,1987,4,9.3,4.5,0.0,37.0,80.6
Lerwick,1987,5,9.9,4.3,0.0,39.8,176.3
Lerwick,1987,6,11.4,6.3,0.0,55.7,118.3
Lerwick,1987,7,14.2,9.7,0.0,43.5,116.3
Lerwick,1987,8,13.9,9.4,0.0,78.0,138.8
Lerwick,1987,9,12.7,7.9,0.0,96.5,152.1
Lerwick,1987,10,10.2,6.7,0.0,245.5,58.2
Lerwick,1987,11,8.0,4.1,1.0,113.3,33.5
Lerwick,1987,12,7.5,3.7,1.0,94.2,10.6
Lerwick,1988,1,5.9,1.9,8.0,104.0,33.7
Lerwick,1988,2,5.7,1.5,7.0,142.6,57.6
Lerwick,1988,3,5.5,0.8,12.0,131.8,98.8
Lerwick,1988,4,7.1,2.1,7.0,62.6,151.9
Lerwick,1988,5,10.7,5.6,0.0,52.7,159.2
Lerwick,1988,6,12.8,8.0,0.0,13.0,145.3
Lerwick,1988,7,14.4,10.2,0.0,156.1,126.9
Lerwick,1988,8,13.9,9.7,0.0,107.9,96.6
Lerwick,1988,9,12.7,9.1,0.0,97.3,90.2
Lerwick,1988,10,10.1,6.6,1.0,177.0,43.6
Lerwick,1988,11,7.7,3.8,3.0,128.8,20.7
Lerwick,1988,12,8.2,3.7,1.0,128.7,7.5
Lerwick,1989,1,8.5,4.2,0.0,143.9,17.8
Lerwick,1989,2,6.6,1.6,2.0,249.9,42.5
Lerwick,1989,3,7.1,2.2,5.0,146.2,100.7
Lerwick,1989,4,8.0,3.0,6.0,58.0,136.4
Lerwick,1989,5,10.6,5.8,0.0,66.7,209.3
Lerwick,1989,6,12.7,7.1,0.0,42.4,189.3
Lerwick,1989,7,14.1,9.3,0.0,79.9,146.1
Lerwick,1989,8,13.9,9.4,0.0,88.8,156.1
Lerwick,1989,9,12.7,8.2,0.0,73.6,130.2
Lerwick,1989,10,10.5,6.1,0.0,130.3,56.4
Lerwick,1989,11,8.2,4.5,0.0,55.6,48.6
Lerwick,1989,12,6.2,2.2,9.0,90.4,12.8
Lerwick,1990,1,7.0,2.9,2.0,183.0,20.7
Lerwick,1990,2,6.8,2.5,3.0,199.4,46.3
Lerwick,1990,3,7.6,2.5,5.0,191.1,84.1
Lerwick,1990,4,8.2,2.9,5.0,143.3,152.4
Lerwick,1990,5,10.9,5.7,0.0,43.6,162.5
Lerwick,1990,6,12.5,8.4,0.0,134.0,88.2
Lerwick,1990,7,14.1,9.5,0.0,53.8,133.4
Lerwick,1990,8,14.6,10.4,0.0,108.2,112.8
Lerwick,1990,9,12.3,7.6,0.0,126.4,115.6
Lerwick,1990,10,10.4,7.2,0.0,135.7,46.2
Lerwick,1990,11,7.6,4.1,0.0,93.8,31.3
Lerwick,1990,12,6.4,1.8,7.0,117.0,18.7
Lerwick,1991,1,5.8,2.1,6.0,136.3,33.9
Lerwick,1991,2,4.8,1.0,9.0,55.7,43.2
Lerwick,1991,3,7.6,3.7,0.0,120.9,68.1
Lerwick,1991,4,8.2,3.5,4.0,46.0,164.5
Lerwick,1991,5,10.2,5.4,0.0,32.6,144.0
Lerwick,1991,6,11.3,6.2,0.0,56.2,149.2
Lerwick,1991,7,15.7,10.7,0.0,103.8,133.9
Lerwick,1991,8,15.3,10.9,0.0,57.5,122.1
Lerwick,1991,9,12.5,8.0,0.0,120.8,132.4
Lerwick,1991,10,10.0,6.4,0.0,157.6,49.7
Lerwick,1991,11,7.9,3.8,1.0,189.9,30.5
Lerwick,1991,12,7.3,2.9,3.0,120.4,6.9
Lerwick,1992,1,7.2,3.2,5.0,105.5,14.4
Lerwick,1992,2,6.9,2.7,2.0,146.8,47.9
Lerwick,1992,3,6.7,1.8,7.0,115.1,74.4
Lerwick,1992,4,7.7,3.6,0.0,94.7,105.0
Lerwick,1992,5,12.0,6.2,1.0,74.8,233.1
Lerwick,1992,6,14.7,9.0,0.0,31.8,236.1
Lerwick,1992,7,14.2,9.4,0.0,57.9,137.8
Lerwick,1992,8,14.1,9.2,0.0,126.8,123.7
Lerwick,1992,9,12.1,8.7,0.0,112.1,51.2
Lerwick,1992,10,8.8,4.1,0.0,77.2,88.0
Lerwick,1992,11,7.4,3.2,3.0,207.7,26.4
Lerwick,1992,12,6.2,1.9,2.0,123.2,12.5
Lerwick,1993,1,5.7,0.9,8.0,226.6,10.1
Lerwick,1993,2,6.2,2.4,7.0,114.5,25.0
Lerwick,1993,3,6.7,2.3,8.0,123.9,82.5
Lerwick,1993,4,8.1,3.8,1.0,75.6,128.2
Lerwick,1993,5,10.2,5.3,0.0,45.9,155.7
Lerwick,1993,6,11.3,6.6,0.0,46.5,123.8
Lerwick,1993,7,12.4,8.1,0.0,51.4,85.8
Lerwick,1993,8,12.8,8.6,0.0,53.1,89.6
Lerwick,1993,9,11.9,7.6,0.0,38.1,114.6
Lerwick,1993,10,8.5,5.3,2.0,99.7,46.7
Lerwick,1993,11,7.4,3.9,1.0,64.2,35.6
Lerwick,1993,12,4.6,0.6,9.0,179.7,17.7
Lerwick,1994,1,5.0,0.4,13.0,241.7,15.3
Lerwick,1994,2,4.2,1.0,8.0,74.9,53.5
Lerwick,1994,3,5.5,0.6,11.0,206.0,101.8
Lerwick,1994,4,7.7,2.8,1.0,89.4,151.4
Lerwick,1994,5,9.7,4.1,0.0,33.6,251.9
Lerwick,1994,6,11.5,6.9,0.0,99.8,138.2
Lerwick,1994,7,15.1,10.0,0.0,25.1,144.0
Lerwick,1994,8,14.2,9.8,0.0,85.7,144.2
Lerwick,1994,9,12.0,7.4,0.0,140.7,124.3
Lerwick,1994,10,9.5,4.9,4.0,108.9,77.8
Lerwick,1994,11,9.0,5.3,0.0,140.9,29.7
Lerwick,1994,12,6.5,2.2,5.0,210.1,13.7
Lerwick,1995,1,5.1,0.6,13.0,164.9,24.8
Lerwick,1995,2,4.9,0.2,11.0,133.5,87.0
Lerwick,1995,3,5.3,0.4,13.0,154.1,105.2
Lerwick,1995,4,7.2,2.6,6.0,63.0,125.8
Lerwick,1995,5,9.2,4.5,1.0,30.9,155.7
Lerwick,1995,6,12.7,7.4,0.0,33.8,183.8
Lerwick,1995,7,14.1,9.1,0.0,54.7,165.8
Lerwick,1995,8,15.1,10.4,0.0,49.5,132.6
Lerwick,1995,9,13.1,9.0,0.0,139.3,103.6
Lerwick,1995,10,11.6,6.9,0.0,113.9,80.5
Lerwick,1995,11,8.2,4.4,2.0,110.4,29.3
Lerwick,1995,12,4.4,0.6,13.0,232.1,28.0
Lerwick,1996,1,6.1,3.5,1.0,44.5,11.8
Lerwick,1996,2,4.4,0.4,8.0,118.6,43.0
Lerwick,1996,3,5.4,1.6,6.0,70.8,55.6
Lerwick,1996,4,8.3,3.9,3.0,59.2,112.4
Lerwick,1996,5,9.1,3.6,2.0,51.9,200.3
Lerwick,1996,6,12.3,7.9,0.0,33.1,117.2
Lerwick,1996,7,13.3,8.9,0.0,85.2,94.2
Lerwick,1996,8,14.7,11.1,0.0,58.7,75.6
Lerwick,1996,9,13.1,8.9,0.0,49.1,124.4
Lerwick,1996,10,10.8,7.2,0.0,142.9,56.8
Lerwick,1996,11,5.8,1.1,11.0,170.5,56.6
Lerwick,1996,12,5.4,1.0,13.0,107.5,40.9
Lerwick,1997,1,6.4,2.9,4.0,67.2,44.6
Lerwick,1997,2,6.7,1.4,5.0,175.1,50.6
Lerwick,1997,3,6.9,2.8,5.0,151.9,70.3
Lerwick,1997,4,7.6,2.8,4.0,110.4,92.5
Lerwick,1997,5,9.8,4.8,1.0,49.7,172.4
Lerwick,1997,6,12.2,7.5,0.0,41.0,129.3
Lerwick,1997,7,15.2,10.5,0.0,32.3,131.8
Lerwick,1997,8,16.7,11.8,0.0,75.9,202.1
Lerwick,1997,9,13.0,8.7,0.0,86.6,109.3
Lerwick,1997,10,9.9,5.7,0.0,101.0,71.6
Lerwick,1997,11,8.5,6.0,0.0,108.4,11.2
Lerwick,1997,12,7.5,3.8,2.0,96.8,27.8
Lerwick,1998,1,6.5,2.5,5.0,105.3,22.1
Lerwick,1998,2,7.5,3.3,3.0,214.9,33.9
Lerwick,1998,3,6.6,1.9,10.0,144.8,74.4
Lerwick,1998,4,7.6,3.1,7.0,50.8,170.3
Lerwick,1998,5,11.1,6.0,0.0,31.4,199.6
Lerwick,1998,6,11.8,6.9,0.0,105.0,202.8
Lerwick,1998,7,12.9,9.6,0.0,75.9,82.8
Lerwick,1998,8,12.9,9.5,0.0,79.3,86.4
Lerwick,1998,9,13.1,9.8,0.0,116.5,63.1
Lerwick,1998,10,9.3,5.5,0.0,182.3,84.4
Lerwick,1998,11,7.4,3.4,2.0,160.7,57.7
Lerwick,1998,12,7.0,2.6,7.0,170.0,20.5
Lerwick,1999,1,5.7,2.4,5.0,139.2,34.1
Lerwick,1999,2,4.7,0.5,12.0,202.8,66.5
Lerwick,1999,3,7.0,2.9,1.0,93.9,111.4
Lerwick,1999,4,8.6,4.0,5.0,77.0,148.4
Lerwick,1999,5,9.9,5.3,0.0,86.5,206.1
Lerwick,1999,6,11.7,8.0,0.0,89.4,110.9
Lerwick,1999,7,13.7,9.4,0.0,53.0,124.7
Lerwick,1999,8,14.4,9.7,0.0,74.2,154.7
Lerwick,1999,9,13.8,10.6,0.0,143.8,89.2
Lerwick,1999,10,10.7,6.9,0.0,156.2,59.8
Lerwick,1999,11,8.9,4.8,2.0,151.3,31.8
Lerwick,1999,12,5.2,0.9,8.0,274.2,12.6
Lerwick,2000,1,6.5,2.4,4.0,156.7,29.8
Lerwick,2000,2,6.1,1.3,7.0,160.7,68.4
Lerwick,2000,3,6.9,2.2,8.0,158.3,85.6
Lerwick,2000,4,7.2,3.0,6.0,83.5,118.7
Lerwick,2000,5,11.2,6.2,0.0,42.6,223.2
Lerwick,2000,6,11.3,7.0,0.0,77.7,152.3
Lerwick,2000,7,12.9,9.3,0.0,28.2,87.9
Lerwick,2000,8,14.0,9.9,0.0,87.5,109.2
Lerwick,2000,9,12.8,9.7,0.0,145.6,91.7
Lerwick,2000,10,11.0,7.5,0.0,144.9,92.1
Lerwick,2000,11,8.4,4.8,0.0,182.4,59.2
Lerwick,2000,12,6.3,3.1,9.0,140.4,16.3
Lerwick,2001,1,6.0,2.9,0.0,79.7,40.9
Lerwick,2001,2,3.9,-0.1,15.0,140.3,84.9
Lerwick,2001,3,5.3,0.7,12.0,95.3,121.1
Lerwick,2001,4,7.5,3.0,2.0,65.2,158.7
Lerwick,2001,5,11.0,6.0,0.0,29.7,186.2
Lerwick,2001,6,11.7,7.1,0.0,54.0,138.6
Lerwick,2001,7,13.4,9.8,0.0,78.8,94.9
Lerwick,2001,8,14.2,10.2,0.0,88.1,122.6
Lerwick,2001,9,12.1,8.5,0.0,71.1,71.4
Lerwick,2001,10,11.7,9.3,0.0,122.1,55.7
Lerwick,2001,11,7.9,2.8,6.0,160.2,24.2
Lerwick,2001,12,6.1,1.6,10.0,150.3,31.2
Lerwick,2002,1,7.0,3.2,4.0,170.3,22.0
Lerwick,2002,2,5.5,1.2,9.0,161.1,72.0
Lerwick,2002,3,6.9,2.1,8.0,94.9,122.7
Lerwick,2002,4,8.8,4.8,1.0,55.2,120.1
Lerwick,2002,5,10.9,6.9,0.0,70.2,170.0
Lerwick,2002,6,14.6,9.7,0.0,63.3,196.4
Lerwick,2002,7,14.6,10.0,0.0,56.8,129.3
Lerwick,2002,8,16.0,11.6,0.0,54.6,115.8
Lerwick,2002,9,13.9,10.0,0.0,44.4,89.2
Lerwick,2002,10,9.4,5.4,0.0,93.8,99.7
Lerwick,2002,11,7.9,5.1,1.0,143.8,41.4
Lerwick,2002,12,6.2,3.5,1.0,119.6,11.3
Lerwick,2003,1,6.2,1.8,10.0,198.9,42.1
Lerwick,2003,2,6.2,2.8,4.0,53.3,69.6
Lerwick,2003,3,8.6,4.3,0.0,72.6,104.6
Lerwick,2003,4,9.1,4.8,0.0,31.4,147.4
Lerwick,2003,5,10.7,6.2,1.0,87.4,148.8
Lerwick,2003,6,14.0,9.7,0.0,89.8,109.8
Lerwick,2003,7,16.6,12.1,0.0,39.6,169.0
Lerwick,2003,8,16.2,11.6,0.0,53.9,174.8
Lerwick,2003,9,13.8,9.0,0.0,111.8,124.2
Lerwick,2003,10,9.4,5.3,0.0,125.6,105.8
Lerwick,2003,11,9.5,5.2,0.0,120.0,51.6
Lerwick,2003,12,7.0,2.3,7.0,146.6,23.8
Lerwick,2004,1,5.7,2.1,5.0,152.3,38.2
Lerwick,2004,2,6.1,1.9,13.0,104.2,46.9
Lerwick,2004,3,7.7,3.5,1.0,92.6,119.2
Lerwick,2004,4,9.4,5.4,0.0,77.0,111.8
Lerwick,2004,5,11.1,6.5,0.0,61.6,125.2
Lerwick,2004,6,12.6,8.4,0.0,87.2,136.5
Lerwick,2004,7,13.8,9.8,0.0,38.8,137.1
Lerwick,2004,8,15.6,11.6,0.0,121.2,194.9
Lerwick,2004,9,13.5,9.0,0.0,94.4,136.7
Lerwick,2004,10,10.4,7.3,0.0,126.4,62.3
Lerwick,2004,11,8.1,3.7,6.0,138.3,32.5
Lerwick,2004,12,7.7,3.3,6.0,153.2,23.8
Lerwick,2005,1,6.5,2.4,5.0,194.2,23.7
Lerwick,2005,2,5.5,2.1,4.0,117.3,70.5
Lerwick,2005,3,6.8,2.6,8.0,121.9,87.7
Lerwick,2005,4,8.6,4.4,2.0,71.1,128.3
Lerwick,2005,5,9.7,4.9,0.0,80.7,169.7
Lerwick,2005,6,12.4,8.0,0.0,95.4,135.0
Lerwick,2005,7,14.1,10.1,0.0,58.4,110.1
Lerwick,2005,8,13.9,10.1,0.0,89.2,100.2
Lerwick,2005,9,12.9,8.8,0.0,141.8,90.3
Lerwick,2005,10,11.0,7.9,0.0,141.8,71.1
Lerwick,2005,11,8.3,4.2,3.0,152.6,49.3
Lerwick,2005,12,6.9,3.0,7.0,107.7,14.9
Lerwick,2006,1,7.0,3.7,2.0,93.2,34.2
Lerwick,2006,2,6.1,2.5,3.0,110.7,52.0
Lerwick,2006,3,4.2,0.3,11.0,112.1,88.8
Lerwick,2006,4,7.7,2.4,4.0,93.2,180.9
Lerwick,2006,5,10.4,5.3,0.0,54.2,253.4
Lerwick,2006,6,12.9,8.4,0.0,74.0,140.5
Lerwick,2006,7,16.0,11.5,0.0,69.0,146.3
Lerwick,2006,8,15.2,11.4,0.0,70.0,106.2
Lerwick,2006,9,14.4,11.0,0.0,91.8,50.4
Lerwick,2006,10,11.4,8.0,0.0,183.6,77.7
Lerwick,2006,11,9.1,5.0,0.0,204.6,35.0
Lerwick,2006,12,8.1,4.7,1.0,165.2,15.6
Lerwick,2007,1,6.8,2.1,6.0,194.8,29.3
Lerwick,2007,2,6.1,2.7,3.0,153.9,49.6
Lerwick,2007,3,7.7,3.7,3.0,107.7,118.4
Lerwick,2007,4,9.9,5.1,1.0,58.6,111.8
Lerwick,2007,5,10.4,5.4,0.0,58.6,182.5
Lerwick,2007,6,12.4,8.2,0.0,12.4,121.4
Lerwick,2007,7,13.7,9.9,0.0,104.8,78.8
Lerwick,2007,8,13.5,9.6,0.0,118.0,118.0
Lerwick,2007,9,11.8,7.5,0.0,128.6,93.4
Lerwick,2007,10,11.2,7.3,0.0,70.4,56.7
Lerwick,2007,11,7.6,3.3,3.0,146.6,36.9
Lerwick,2007,12,7.0,3.3,2.0,89.8,26.1
Lerwick,2008,1,6.1,1.8,2.0,219.0,29.8
Lerwick,2008,2,7.3,3.1,2.0,96.9,42.4
Lerwick,2008,3,6.1,1.3,10.0,116.9,135.6
Lerwick,2008,4,8.3,3.8,1.0,66.7,151.9
Lerwick,2008,5,11.9,6.5,0.0,7.4,222.1
Lerwick,2008,6,12.5,8.5,0.0,81.0,95.3
Lerwick,2008,7,15.4,11.0,0.0,101.4,133.1
Lerwick,2008,8,15.5,11.1,0.0,77.1,153.8
Lerwick,2008,9,13.8,10.1,0.0,60.0,76.5
Lerwick,2008,10,10.1,5.4,1.0,179.8,69.3
Lerwick,2008,11,7.7,3.4,4.0,120.2,29.6
Lerwick,2008,12,6.8,2.7,3.0,133.4,17.5
Lerwick,2009,1,6.5,2.5,7.0,117.8,34.1
Lerwick,2009,2,5.2,1.4,10.0,135.5,47.8
Lerwick,2009,3,7.5,3.1,1.0,131.4,88.7
Lerwick,2009,4,9.6,5.8,0.0,45.0,120.0
Lerwick,2009,5,11.6,6.6,0.0,68.8,235.5
Lerwick,2009,6,13.7,8.0,0.0,39.8,239.8
Lerwick,2009,7,15.6,11.4,0.0,66.8,115.0
Lerwick,2009,8,15.3,11.0,0.0,119.4,122.4
Lerwick,2009,9,13.5,9.8,0.0,77.2,105.8
Lerwick,2009,10,10.3,6.4,0.0,163.8,57.2
Lerwick,2009,11,8.7,5.8,1.0,216.4,32.9
Lerwick,2009,12,5.6,1.9,12.0,101.7,28.3
Lerwick,2010,1,4.3,0.5,13.0,113.7,38.5
Lerwick,2010,2,3.6,-0.7,17.0,143.1,80.3
Lerwick,2010,3,6.8,2.7,4.0,86.5,102.7
Lerwick,2010,4,8.3,3.7,2.0,72.0,110.5
Lerwick,2010,5,9.8,4.6,1.0,39.0,196.9
Lerwick,2010,6,12.6,8.5,0.0,21.0,71.6
Lerwick,2010,7,14.7,10.4,0.0,140.2,163.2
Lerwick,2010,8,14.3,10.2,0.0,93.8,84.4
Lerwick,2010,9,12.7,8.9,0.0,101.2,140.4
Lerwick,2010,10,10.1,6.4,0.0,92.9,82.1
Lerwick,2010,11,5.5,1.6,6.0,117.0,36.8
Lerwick,2010,12,3.7,-1.2,21.0,64.5,32.1
Lerwick,2011,1,5.8,1.9,9.0,94.0,27.6
Lerwick,2011,2,5.9,2.3,1.0,139.3,48.6
Lerwick,2011,3,6.7,2.4,7.0,60.1,82.7
Lerwick,2011,4,10.6,5.9,0.0,32.4,163.5
Lerwick,2011,5,11.2,6.6,0.0,115.2,163.9
Lerwick,2011,6,13.0,8.1,0.0,60.0,141.7
Lerwick,2011,7,13.7,9.9,0.0,61.0,64.4
Lerwick,2011,8,14.1,10.1,0.0,114.2,120.9
Lerwick,2011,9,13.6,9.6,0.0,83.6,108.2
Lerwick,2011,10,10.9,7.1,0.0,117.0,78.6
Lerwick,2011,11,10.4,7.0,0.0,128.6,29.0
Lerwick,2011,12,6.1,1.3,9.0,241.0,12.8
Lerwick,2012,1,6.0,1.9,1.0,162.1,22.1
Lerwick,2012,2,7.2,3.2,3.0,100.3,44.3
Lerwick,2012,3,8.7,4.9,1.0,74.4,72.0
Lerwick,2012,4,7.1,2.5,6.0,93.3,108.5
Lerwick,2012,5,10.1,4.1,2.0,71.7,227.7
Lerwick,2012,6,12.1,6.7,0.0,48.8,152.8
Lerwick,2012,7,13.4,9.3,0.0,74.6,105.6
Lerwick,2012,8,14.7,10.5,0.0,132.8,90.7
Lerwick,2012,9,12.1,7.9,0.0,111.6,99.7
Lerwick,2012,10,9.3,5.1,1.0,86.5,71.6
Lerwick,2012,11,7.9,4.1,1.0,123.3,48.5
Lerwick,2012,12,5.0,1.2,8.0,157.6,22.5
Lerwick,2013,1,5.4,2.0,6.0,98.4,28.7
Lerwick,2013,2,5.5,1.5,9.0,65.1,60.1
Lerwick,2013,3,5.0,0.4,14.0,27.5,114.5
Lerwick,2013,4,7.6,2.3,5.0,84.0,169.8
Lerwick,2013,5,10.1,5.4,0.0,53.6,140.8
Lerwick,2013,6,12.7,8.2,0.0,65.7,112.4
Lerwick,2013,7,14.4,10.5,0.0,42.9,92.4
Lerwick,2013,8,14.6,10.6,0.0,86.4,98.1
Lerwick,2013,9,12.6,8.5,0.0,148.9,60.6
Lerwick,2013,10,10.8,7.5,0.0,133.7,46.0
Lerwick,2013,11,8.0,3.7,2.0,165.2,34.0
Lerwick,2013,12,7.5,3.1,4.0,164.9,7.9
Lerwick,2014,1,6.4,3.2,2.0,189.8,11.7
Lerwick,2014,2,6.7,3.2,1.0,123.8,41.3
Lerwick,2014,3,8.0,3.8,0.0,89.0,96.3
Lerwick,2014,4,9.0,5.0,0.0,65.0,103.2
Lerwick,2014,5,10.8,6.6,0.0,60.6,119.0
Lerwick,2014,6,13.3,9.4,0.0,27.2,68.0
Lerwick,2014,7,15.6,11.1,0.0,36.6,99.6
Lerwick,2014,8,15.0,10.6,0.0,184.2,170.0
Lerwick,2014,9,13.7,10.2,0.0,114.8,60.0
Lerwick,2014,10,11.4,7.6,0.0,182.4,69.4
Lerwick,2014,11,9.4,6.8,0.0,116.4,39.3
Lerwick,2014,12,7.0,2.2,6.0,159.2,13.2
Lerwick,2015,1,6.2,2.0,1.0,302.4,13.7
Lerwick,2015,2,6.3,2.7,4.0,127.0,40.6
Lerwick,2015,3,7.4,3.1,0.0,109.2,101.5
Lerwick,2015,4,8.3,3.4,2.0,67.3,132.4
Lerwick,2015,5,9.6,4.9,0.0,131.2,120.2
Lerwick,2015,6,11.2,7.1,0.0,58.6,91.5
Lerwick,2015,7,13.5,8.8,0.0,68.4,118.9
Lerwick,2015,8,15.0,11.0,0.0,93.8,124.0
Lerwick,2015,9,13.2,9.7,0.0,88.6,60.8
Lerwick,2015,10,11.7,8.3,0.0,128.0,57.3
Lerwick,2015,11,8.9,5.0,2.0,156.7,27.1
Lerwick,2015,12,8.2,3.5,2.0,189.6,25.4
Lerwick,2016,1,5.4,1.2,7.0,187.0,34.6
Lerwick,2016,2,5.1,0.5,10.0,119.6,86.5
Lerwick,2016,3,7.4,3.5,2.0,79.2,84.2
Lerwick,2016,4,7.9,2.8,3.0,55.1,156.6
Lerwick,2016,5,10.8,5.7,0.0,46.0,183.2
Lerwick,2016,6,12.9,8.5,0.0,48.4,199.3
Lerwick,2016,7,14.5,10.4,0.0,115.2,80.5
Lerwick,2016,8,14.2,10.4,0.0,108.4,92.2
Lerwick,2016,9,14.2,10.5,0.0,110.0,106.6
Lerwick,2016,10,11.4,7.2,0.0,56.2,126.5
Lerwick,2016,11,7.7,3.5,1.0,133.4,48.0
Lerwick,2016,12,9.2,4.9,0.0,159.4,11.5
Lerwick,2017,1,7.0,3.5,3.0,116.0,11.5
Lerwick,2017,2,6.7,2.8,7.0,99.4,55.8
Lerwick,2017,3,7.5,3.5,3.0,133.3,79.3
Lerwick,2017,4,8.2,3.6,1.0,81.4,136.0
Lerwick,2017,5,11.5,7.2,0.0,35.8,157.7
Lerwick,2017,6,13.3,9.0,0.0,86.4,79.8
Lerwick,2017,7,14.5,10.2,0.0,64.4,184.2
Lerwick,2017,8,14.7,10.3,0.0,106.6,129.4
Lerwick,2017,9,13.7,10.0,0.0,132.6,69.2
Lerwick,2017,10,11.3,7.8,0.0,235.0,52.4
Lerwick,2017,11,6.8,3.0,2.0,165.4,33.6
Lerwick,2017,12,6.4,2.3,8.0,159.3,24.6
Lerwick,2018,1,5.3,1.4,9.0,159.8,25.1
Lerwick,2018,2,5.3,1.3,3.0,62.4,70.5
Lerwick,2018,3,4.9,0.7,9.0,93.3,90.4
Lerwick,2018,4,8.6,3.7,5.0,38.2,147.6
Lerwick,2018,5,12.8,6.6,0.0,35.4,218.6
Lerwick,2018,6,13.3,8.9,0.0,30.4,147.3
Lerwick,2018,7,16.0,11.3,0.0,63.8,131.3
Lerwick,2018,8,15.0,10.0,0.0,66.0,178.0
Lerwick,2018,9,12.8,8.4,0.0,171.2,118.5
Lerwick,2018,10,10.4,6.1,0.0,146.4,77.9
Lerwick,2018,11,9.2,6.4,0.0,84.8,29.1
Lerwick,2018,12,7.4,4.1,1.0,124.0,20.0
Lerwick,2019,1,5.7,1.6,9.0,141.4,37.6
Lerwick,2019,2,7.8,3.6,1.0,85.7,50.2
Lerwick,2019,3,7.4,3.1,3.0,130.8,106.2
Lerwick,2019,4,9.5,5.5,0.0,53.4,153.0
Lerwick,2019,5,9.9,4.4,1.0,60.8,163.3
Lerwick,2019,6,12.7,8.6,0.0,92.2,103.5
Lerwick,2019,7,15.2,10.8,0.0,75.0,116.4
Lerwick,2019,8,15.4,11.1,0.0,85.8,94.4
Lerwick,2019,9,12.7,8.8,0.0,77.2,108.2
Lerwick,2019,10,10.3,6.3,0.0,110.4,84.3
Lerwick,2019,11,6.5,3.1,5.0,62.6,58.1
Lerwick,2019,12,7.4,3.4,1.0,163.4,18.5
Lerwick,2020,1,7.6,3.7,1.0,149.2,13.2
Lerwick,2020,2,6.1,2.1,1.0,172.1,39.5
Lerwick,2020,3,7.2,2.5,3.0,113.1,84.8
Lerwick,2020,4,8.9,3.6,2.0,54.8,138.1
Lerwick,2020,5,10.3,5.2,3.0,52.4,147.8
Lerwick,2020,6,13.9,9.0,0.0,30.8,150.9
Lerwick,2020,7,13.9,9.1,0.0,107.0,150.1
Lerwick,2020,8,14.8,10.3,0.0,75.0,122.9
Lerwick,2020,9,12.7,8.6,0.0,120.0,71.9
Lerwick,2020,10,10.2,6.9,0.0,136.0,54.4
Lerwick,2020,11,9.3,5.9,1.0,168.8,25.8
Lerwick,2020,12,7.1,3.9,1.0,105.1,20.7
Lerwick,2021,1,4.2,0.5,11.0,78.8,53.1
Lerwick,2021,2,5.2,1.9,11.0,53.4,56.6
Lerwick,2021,3,7.4,3.6,0.0,102.0,77.5
Lerwick,2021,4,7.4,2.1,7.0,56.0,153.4
Lerwick,2021,5,9.3,4.8,0.0,61.8,115.7
Lerwick,2021,6,13.8,8.5,0.0,40.8,159.2
Lerwick,2021,7,15.2,11.4,0.0,25.2,56.7
Lerwick,2021,8,14.7,10.7,0.0,59.6,64.2
Lerwick,2021,9,14.1,10.2,0.0,82.8,47.7
Lerwick,2021,10,11.4,7.0,0.0,144.8,62.7
Lerwick,2021,11,8.5,4.7,3.0,172.5,31.3
Lerwick,2021,12,6.6,2.9,4.0,135.7,30.5
Lerwick,2022,1,7.3,3.2,4.0,135.0,7.5
Lerwick,2022,2,6.0,1.0,8.0,154.4,110.8
Lerwick,2022,3,7.8,4.2,2.0,41.1,28.7
Lerwick,2022,4,8.0,3.4,5.0,37.6,124.2
Lerwick,2022,5,11.6,6.8,0.0,69.4,156.1
Lerwick,2022,6,13.7,9.3,0.0,62.4,135.6
Lerwick,2022,7,14.2,10.1,0.0,82.6,86.4
Lerwick,2022,8,14.6,10.4,0.0,100.8,96.3
Lerwick,2022,9,13.5,9.2,0.0,88.2,106.5
Lerwick,2022,10,11.5,7.9,0.0,127.4,64.4
Lerwick,2022,11,10.0,7.1,0.0,153.2,43.3
Lerwick,2022,12,5.4,1.6,9.0,162.0,13.2
Lerwick,2023,1,6.6,2.2,5.0,185.8,20.2
Lerwick,2023,2,7.5,3.5,2.0,132.2,24.6
Lerwick,2023,3,5.4,0.7,13.0,120.6,101.6
Lerwick,2023,4,8.5,4.0,0.0,65.0,151.3
Lerwick,2023,5,10.5,6.4,0.0,43.6,101.5
Lerwick,2023,6,15.1,9.9,0.0,31.8,163.6
Lerwick,2023,7,15.0,10.5,0.0,138.0,116.1
Lerwick,2023,8,15.2,10.7,0.0,53.8,99.8
Lerwick,2023,9,14.4,10.0,0.0,141.0,113.3
Lerwick,2023,10,10.2,6.0,0.0,133.0,59.9
Lerwick,2023,11,7.7,3.3,0.0,144.0,37.2
Lerwick,2023,12,6.1,1.7,8.0,186.0,18.8
Lerwick,2024,1,5.5,1.8,7.0,192.4,23.8
Lerwick,2024,2,6.4,2.1,4.0,150.0,64.9
Lerwick,2024,3,7.2,3.5,1.0,97.2,74.0
Lerwick,2024,4,8.4,3.8,1.0,101.6,142.4
Lerwick,2024,5,13.3,8.6,0.0,50.6,172.5
Lerwick,2024,6,12.5,8.3,0.0,86.2,96.6
Lerwick,2024,7,14.3,10.0,0.0,64.0,108.3
Lerwick,2024,8,15.0,10.5,0.0,105.0,146.9
Lerwick,2024,9,12.9,8.4,0.0,110.0,121.1
Lerwick,2024,10,11.1,7.0,1.0,140.4,74.6
Lerwick,2024,11,8.4,4.7,5.0,109.0,28.2
Lerwick,2024,12,7.8,3.7,1.0,172.5,11.2
Lerwick,2025,1,5.9,2.2,8.0,110.6,22.4
Lerwick,2025,2,7.3,3.5,0.0,53.4,95.4
Lerwick,2025,3,8.1,4.1,1.0,144.8,76.1
Lerwick,2025,4,10.1,5.9,0.0,35.4,140.0
Lerwick,2025,5,12.0,6.7,0.0,65.6,231.2
Lerwick,2025,6,13.9,9.1,0.0,97.8,156.1
Lerwick,2025,7,17.2,12.2,0.0,35.2,186.9
Lerwick,2025,8,15.6,11.1,0.0,94.8,135.3
Lerwick,2025,9,14.8,10.1,0.0,39.8,160.6
Lerwick,2025,10,11.4,7.8,0.0,167.8,47.1
Lerwick,2025,11,8.3,4.8,3.0,125.6,32.4
Lerwick,2025,12,8.3,5.2,1.0,122.2,12.2
Lerwick,2026,1,4.9,1.6,6.0,142.7,16.2
Lerwick,2026,2,5.2,1.7,8.0,128.0,50.1
Lerwick,2026,3,8.4,3.5,2.0,94.4,125.1
Lerwick,2026,4,9.1,4.6,0.0,81.6,134.2
Lerwick,2026,5,10.7,5.6,1.0,76.4,130.0
Lerwick,2026,6,14.5,9.7,0.0,63.0,123.4
Lerwick,2026,7,14.7,10.1,0.0,68.8,142.9
Lerwick,2026,8,14.6,10.4,0.0,81.4,99.0
Oxford,1853,1,8.4,2.7,4.0,62.8,
Oxford,1853,2,3.2,-1.8,19.0,29.3,
Oxford,1853,3,7.7,-0.6,20.0,25.9,
Oxford,1853,4,12.6,4.5,0.0,60.1,
Oxford,1853,5,16.8,6.1,0.0,59.5,
Oxford,1853,6,20.1,10.7,0.0,82.0,
Oxford,1853,7,21.2,12.2,0.0,86.2,
Oxford,1853,8,20.2,10.8,0.0,72.3,
Oxford,1853,9,17.3,8.4,0.0,51.3,
Oxford,1853,10,13.9,7.4,0.0,102.3,
Oxford,1853,11,8.7,2.3,10.0,49.6,
Oxford,1853,12,3.7,-1.3,19.0,10.7,
Oxford,1854,1,6.7,1.5,11.0,54.5,
Oxford,1854,2,8.0,0.6,12.0,22.6,
Oxford,1854,3,11.2,2.2,8.0,10.6,
Oxford,1854,4,15.0,3.5,2.0,19.9,
Oxford,1854,5,16.2,5.7,1.0,82.1,
Oxford,1854,6,18.6,9.7,0.0,45.2,
Oxford,1854,7,21.7,11.6,0.0,37.2,
Oxford,1854,8,20.9,10.7,0.0,45.4,
Oxford,1854,9,20.2,8.4,0.0,11.4,
Oxford,1854,10,13.9,5.6,2.0,57.7,
Oxford,1854,11,8.2,2.0,5.0,32.4,
Oxford,1854,12,8.3,2.1,8.0,30.7,
Oxford,1855,1,4.4,-0.4,18.0,6.9,
Oxford,1855,2,1.7,-4.5,20.0,33.7,
Oxford,1855,3,7.7,0.1,15.0,56.0,
Oxford,1855,4,13.0,2.7,9.0,10.6,
Oxford,1855,5,15.0,4.9,3.0,45.1,
Oxford,1855,6,19.4,9.3,0.0,60.0,
Oxford,1855,7,22.8,13.4,0.0,129.3,
Oxford,1855,8,21.7,12.2,0.0,42.6,
Oxford,1855,9,19.0,10.4,0.0,59.7,
Oxford,1855,10,14.0,8.2,0.0,143.1,
Oxford,1855,11,7.9,3.4,4.0,25.2,
Oxford,1855,12,5.7,-0.1,13.0,28.1,
Oxford,1856,1,6.8,2.0,10.0,74.7,
Oxford,1856,2,8.2,3.0,8.0,33.4,
Oxford,1856,3,7.9,0.6,11.0,23.9,
Oxford,1856,4,12.9,4.1,2.0,64.9,
Oxford,1856,5,14.0,5.7,2.0,110.1,
Oxford,1856,6,20.2,9.5,0.0,64.8,
Oxford,1856,7,22.2,11.3,0.0,15.8,
Oxford,1856,8,22.7,12.5,0.0,81.8,
Oxford,1856,9,16.8,8.5,0.0,80.3,
Oxford,1856,10,13.9,6.9,1.0,60.3,
Oxford,1856,11,8.1,2.3,8.0,24.2,
Oxford,1856,12,7.3,1.4,12.0,52.0,
Oxford,1857,1,5.1,-0.6,17.0,80.7,
Oxford,1857,2,7.6,0.4,11.0,8.2,
Oxford,1857,3,9.1,1.8,10.0,39.2,
Oxford,1857,4,11.9,3.7,3.0,51.3,
Oxford,1857,5,16.5,6.3,4.0,30.3,
Oxford,1857,6,22.0,10.6,0.0,77.0,
Oxford,1857,7,22.0,12.7,0.0,80.5,
Oxford,1857,8,22.8,13.2,0.0,93.5,
Oxford,1857,9,19.0,11.2,0.0,99.0,
Oxford,1857,10,14.6,7.8,0.0,116.3,
Oxford,1857,11,10.2,4.5,2.0,42.6,
Oxford,1857,12,9.6,4.5,3.0,16.8,
Oxford,1858,1,6.4,-0.1,20.0,17.3,
Oxford,1858,2,4.7,-1.2,18.0,45.0,
Oxford,1858,3,9.4,1.1,12.0,20.4,
Oxford,1858,4,13.1,4.0,2.0,90.1,
Oxford,1858,5,15.9,6.2,0.0,59.5,
Oxford,1858,6,23.6,11.9,0.0,40.4,
Oxford,1858,7,20.8,10.6,0.0,58.3,
Oxford,1858,8,21.4,11.3,0.0,36.4,
Oxford,1858,9,19.5,11.2,0.0,63.4,
Oxford,1858,10,13.4,6.9,0.0,50.4,
Oxford,1858,11,7.4,0.8,12.0,17.9,
Oxford,1858,12,7.2,2.4,2.0,54.5,
Oxford,1859,1,7.5,1.8,9.0,20.8,
Oxford,1859,2,9.4,2.7,5.0,43.1,
Oxford,1859,3,11.2,4.7,4.0,38.2,
Oxford,1859,4,12.3,3.5,8.0,63.9,
Oxford,1859,5,16.6,6.7,0.0,47.3,
Oxford,1859,6,20.7,11.1,0.0,57.4,
Oxford,1859,7,25.1,13.7,0.0,71.2,
Oxford,1859,8,21.8,12.5,0.0,97.2,
Oxford,1859,9,17.4,9.4,0.0,89.8,
Oxford,1859,10,13.7,6.6,6.0,76.3,
Oxford,1859,11,8.5,1.5,8.0,52.8,
Oxford,1859,12,5.0,-1.1,14.0,46.6,
Oxford,1860,1,6.8,0.8,12.0,82.8,
Oxford,1860,2,5.2,-1.6,20.0,32.6,
Oxford,1860,3,8.4,1.9,8.0,48.4,
Oxford,1860,4,10.6,1.7,5.0,14.8,
Oxford,1860,5,17.0,7.7,0.0,70.9,
Oxford,1860,6,17.0,9.5,0.0,129.8,
Oxford,1860,7,19.3,10.3,0.0,60.8,
Oxford,1860,8,17.9,10.9,0.0,96.7,
Oxford,1860,9,15.6,7.0,0.0,64.0,
Oxford,1860,10,13.4,7.3,1.0,39.9,
Oxford,1860,11,7.4,2.1,2.0,82.1,
Oxford,1860,12,4.4,,,66.6,
Oxford,1861,1,3.8,-0.7,16.0,16.8,
Oxford,1861,2,7.9,3.1,4.0,48.0,
Oxford,1861,3,10.1,3.4,1.0,43.1,
Oxford,1861,4,11.8,3.0,5.0,17.7,
Oxford,1861,5,16.1,6.5,1.0,34.9,
Oxford,1861,6,20.0,11.2,0.0,79.9,
Oxford,1861,7,19.7,12.0,0.0,130.8,
Oxford,1861,8,21.6,12.7,0.0,15.1,
Oxford,1861,9,17.9,9.9,0.0,49.6,
Oxford,1861,10,16.2,9.5,0.0,40.8,
Oxford,1861,11,8.4,1.6,10.0,78.4,
Oxford,1861,12,7.0,1.5,12.0,41.9,
Oxford,1862,1,6.6,2.2,8.0,62.2,
Oxford,1862,2,7.3,3.4,4.0,7.3,
Oxford,1862,3,9.4,3.9,4.0,138.9,
Oxford,1862,4,12.9,6.2,4.0,57.6,
Oxford,1862,5,17.6,9.2,0.0,95.5,
Oxford,1862,6,18.1,9.6,0.0,56.8,
Oxford,1862,7,19.9,10.6,0.0,44.8,
Oxford,1862,8,20.0,10.5,0.0,44.7,
Oxford,1862,9,18.2,9.9,0.0,55.1,
Oxford,1862,10,14.5,7.6,1.0,73.1,
Oxford,1862,11,6.7,0.4,14.0,25.3,
Oxford,1862,12,9.2,3.8,0.0,36.0,
Oxford,1863,1,7.7,2.5,2.0,82.1,
Oxford,1863,2,9.1,2.7,7.0,17.1,
Oxford,1863,3,10.8,1.9,9.0,17.3,
Oxford,1863,4,14.2,4.7,2.0,35.5,
Oxford,1863,5,16.4,6.0,0.0,23.2,
Oxford,1863,6,19.3,9.6,0.0,86.6,
Oxford,1863,7,21.8,9.5,0.0,17.0,
Oxford,1863,8,21.2,11.9,0.0,67.1,
Oxford,1863,9,15.8,7.6,0.0,70.3,
Oxford,1863,10,14.1,7.0,2.0,75.5,
Oxford,1863,11,10.3,4.6,6.0,51.1,
Oxford,1863,12,9.1,3.3,6.0,27.7,
Oxford,1864,1,4.8,-0.2,13.0,25.0,
Oxford,1864,2,5.5,0.0,16.0,36.9,
Oxford,1864,3,9.6,1.4,8.0,62.7,
Oxford,1864,4,14.2,4.3,0.0,41.4,
Oxford,1864,5,18.2,7.9,0.0,54.8,
Oxford,1864,6,19.8,9.8,0.0,25.6,
Oxford,1864,7,22.8,10.3,0.0,12.0,
Oxford,1864,8,21.0,8.8,0.0,19.8,
Oxford,1864,9,18.3,9.4,0.0,74.9,
Oxford,1864,10,13.6,6.8,0.0,39.8,
Oxford,1864,11,8.9,2.0,8.0,59.4,
Oxford,1864,12,5.6,1.3,13.0,9.5,
Oxford,1865,1,4.7,-0.9,14.0,78.1,
Oxford,1865,2,5.0,0.2,13.0,52.9,
Oxford,1865,3,6.0,-0.2,13.0,24.9,
Oxford,1865,4,17.2,5.4,3.0,23.3,
Oxford,1865,5,18.4,8.1,0.0,55.8,
Oxford,1865,6,21.9,10.8,0.0,89.1,
Oxford,1865,7,22.3,12.5,0.0,71.1,
Oxford,1865,8,20.0,10.8,0.0,79.0,
Oxford,1865,9,22.3,10.9,0.0,4.7,
Oxford,1865,10,14.6,6.1,0.0,137.7,
Oxford,1865,11,10.3,4.0,6.0,65.7,
Oxford,1865,12,8.4,3.4,4.0,49.8,
Oxford,1866,1,8.6,3.4,5.0,73.1,
Oxford,1866,2,7.9,1.3,11.0,73.2,
Oxford,1866,3,8.4,1.8,9.0,42.7,
Oxford,1866,4,13.6,4.7,3.0,52.2,
Oxford,1866,5,15.7,4.8,2.0,42.6,
Oxford,1866,6,21.9,11.1,0.0,81.7,
Oxford,1866,7,21.7,11.2,0.0,50.4,
Oxford,1866,8,19.8,11.3,0.0,75.1,
Oxford,1866,9,17.0,10.3,0.0,145.4,
Oxford,1866,10,14.2,8.0,0.0,53.4,
Oxford,1866,11,10.7,3.7,7.0,38.8,
Oxford,1866,12,9.2,3.3,7.0,51.6,
Oxford,1867,1,4.6,-1.1,18.0,65.8,
Oxford,1867,2,10.1,4.4,1.0,39.3,
Oxford,1867,3,6.0,0.5,16.0,73.4,
Oxford,1867,4,14.0,6.6,0.0,66.1,
Oxford,1867,5,16.8,6.8,3.0,63.9,
Oxford,1867,6,20.0,9.6,0.0,49.1,
Oxford,1867,7,20.3,10.5,0.0,99.7,
Oxford,1867,8,21.5,11.8,0.0,60.8,
Oxford,1867,9,18.4,9.6,0.0,41.6,
Oxford,1867,10,13.5,6.3,1.0,72.5,
Oxford,1867,11,8.4,1.6,10.0,24.4,
Oxford,1867,12,6.2,0.1,18.0,35.7,
Oxford,1868,1,5.9,1.7,11.0,87.2,
Oxford,1868,2,9.8,3.3,5.0,42.3,
Oxford,1868,3,11.1,2.9,6.0,38.7,
Oxford,1868,4,14.1,4.6,5.0,39.7,
Oxford,1868,5,20.4,7.8,0.0,14.9,
Oxford,1868,6,23.6,9.4,0.0,23.6,
Oxford,1868,7,25.8,12.7,0.0,47.5,
Oxford,1868,8,22.1,12.5,0.0,85.8,
Oxford,1868,9,19.7,9.4,0.0,101.3,
Oxford,1868,10,12.7,5.0,3.0,57.0,
Oxford,1868,11,7.9,2.6,7.0,30.7,
Oxford,1868,12,10.4,5.2,2.0,105.3,
Oxford,1869,1,8.2,3.0,5.0,96.3,
Oxford,1869,2,10.5,5.1,1.0,55.2,
Oxford,1869,3,7.1,1.1,10.0,33.1,
Oxford,1869,4,16.0,6.0,0.0,29.8,
Oxford,1869,5,15.5,6.5,0.0,75.9,
Oxford,1869,6,18.9,8.8,0.0,36.2,
Oxford,1869,7,24.1,12.4,0.0,27.0,
Oxford,1869,8,21.5,10.7,0.0,33.6,
Oxford,1869,9,19.0,11.3,0.0,112.1,
Oxford,1869,10,13.9,6.1,4.0,28.1,
Oxford,1869,11,10.0,3.2,8.0,61.3,
Oxford,1869,12,5.6,1.0,9.0,87.5,
Oxford,1870,1,5.9,1.3,10.0,30.2,
Oxford,1870,2,5.1,0.8,13.0,48.7,
Oxford,1870,3,8.3,1.5,13.0,42.6,
Oxford,1870,4,15.6,3.7,4.0,13.5,
Oxford,1870,5,18.0,6.3,2.0,26.3,
Oxford,1870,6,22.3,11.2,0.0,17.3,
Oxford,1870,7,24.9,13.0,0.0,22.6,
Oxford,1870,8,21.4,10.6,0.0,59.8,
Oxford,1870,9,18.3,8.2,0.0,33.8,
Oxford,1870,10,14.1,6.7,0.0,74.6,
Oxford,1870,11,8.3,2.1,10.0,29.6,
Oxford,1870,12,3.2,-2.3,19.0,50.9,
Oxford,1871,1,2.7,-1.2,20.0,28.2,
Oxford,1871,2,9.0,3.8,4.0,25.1,
Oxford,1871,3,11.9,3.2,4.0,24.3,
Oxford,1871,4,13.8,5.3,4.0,67.1,
Oxford,1871,5,17.0,5.8,0.0,11.0,
Oxford,1871,6,17.5,9.0,0.0,81.3,
Oxford,1871,7,21.1,11.9,0.0,96.3,
Oxford,1871,8,23.8,12.0,0.0,13.0,
Oxford,1871,9,17.9,9.6,0.0,118.8,
Oxford,1871,10,14.1,6.0,2.0,30.4,
Oxford,1871,11,6.4,0.2,14.0,18.4,
Oxford,1871,12,6.0,0.9,12.0,27.4,
Oxford,1872,1,7.9,2.6,5.0,103.7,
Oxford,1872,2,10.1,4.7,0.0,38.6,
Oxford,1872,3,11.2,3.6,8.0,49.1,
Oxford,1872,4,13.9,4.5,2.0,48.0,
Oxford,1872,5,15.2,5.9,1.0,65.2,
Oxford,1872,6,20.4,10.2,0.0,74.1,
Oxford,1872,7,23.7,12.9,0.0,75.9,
Oxford,1872,8,21.0,11.3,0.0,30.1,
Oxford,1872,9,18.3,10.0,0.0,25.5,
Oxford,1872,10,12.6,5.2,1.0,74.4,
Oxford,1872,11,10.1,4.6,1.0,80.8,
Oxford,1872,12,7.9,3.5,6.0,96.9,
Oxford,1873,1,7.8,3.2,9.0,56.3,
Oxford,1873,2,4.2,-0.1,13.0,40.9,
Oxford,1873,3,9.7,2.2,3.0,60.1,
Oxford,1873,4,12.8,3.9,3.0,12.2,
Oxford,1873,5,16.1,5.4,1.0,59.3,
Oxford,1873,6,20.0,10.3,0.0,70.7,
Oxford,1873,7,22.6,11.8,0.0,57.3,
Oxford,1873,8,21.6,12.6,0.0,66.8,
Oxford,1873,9,16.9,7.8,0.0,45.9,
Oxford,1873,10,12.9,4.7,6.0,68.6,
Oxford,1873,11,9.6,3.8,4.0,43.7,
Oxford,1873,12,7.3,2.1,10.0,12.3,
Oxford,1874,1,8.6,3.0,6.0,58.8,
Oxford,1874,2,7.1,1.0,12.0,43.2,
Oxford,1874,3,11.0,3.1,8.0,15.8,
Oxford,1874,4,15.7,5.4,1.0,32.5,
Oxford,1874,5,15.7,6.0,1.0,39.7,
Oxford,1874,6,20.4,9.0,0.0,17.6,
Oxford,1874,7,25.3,11.8,0.0,12.8,
Oxford,1874,8,21.2,11.2,0.0,45.9,
Oxford,1874,9,18.6,10.4,0.0,85.7,
Oxford,1874,10,14.7,7.8,0.0,80.0,
Oxford,1874,11,8.7,2.5,9.0,64.6,
Oxford,1874,12,3.5,-2.3,22.0,46.8,
Oxford,1875,1,9.3,4.9,2.0,90.4,
Oxford,1875,2,4.5,-0.4,20.0,37.3,
Oxford,1875,3,8.6,2.4,9.0,28.5,
Oxford,1875,4,13.4,3.5,3.0,37.6,
Oxford,1875,5,18.3,7.8,0.0,45.1,
Oxford,1875,6,20.6,10.5,0.0,75.8,
Oxford,1875,7,19.9,11.1,0.0,119.2,
Oxford,1875,8,21.9,12.8,0.0,45.9,
Oxford,1875,9,20.1,11.4,0.0,51.9,
Oxford,1875,10,12.6,6.4,0.0,192.9,
Oxford,1875,11,8.4,3.6,5.0,97.2,
Oxford,1875,12,6.2,2.4,9.0,22.5,
Oxford,1876,1,5.5,0.6,14.0,43.9,
Oxford,1876,2,8.1,3.0,5.0,72.8,
Oxford,1876,3,8.6,1.9,8.0,87.4,
Oxford,1876,4,13.0,4.8,2.0,73.3,
Oxford,1876,5,15.4,4.7,1.0,20.4,
Oxford,1876,6,20.8,10.0,0.0,52.8,
Oxford,1876,7,24.5,13.1,0.0,21.8,
Oxford,1876,8,23.8,11.9,0.0,68.3,
Oxford,1876,9,17.4,9.8,0.0,148.6,
Oxford,1876,10,14.8,8.8,0.0,25.9,
Oxford,1876,11,9.7,4.1,5.0,83.2,
Oxford,1876,12,8.8,4.9,4.0,130.2,
Oxford,1877,1,9.3,3.2,3.0,118.5,
Oxford,1877,2,9.4,4.0,3.0,39.9,
Oxford,1877,3,9.0,2.2,9.0,50.5,
Oxford,1877,4,12.1,4.3,0.0,55.0,
Oxford,1877,5,14.5,5.5,4.0,58.4,
Oxford,1877,6,22.2,10.5,0.0,25.5,
Oxford,1877,7,21.1,11.1,0.0,85.4,
Oxford,1877,8,20.5,11.9,0.0,87.3,
Oxford,1877,9,15.9,7.6,0.0,63.5,
Oxford,1877,10,13.7,5.2,2.0,43.1,
Oxford,1877,11,10.8,4.3,0.0,98.2,
Oxford,1877,12,7.8,2.3,7.0,44.6,
Oxford,1878,1,7.5,2.6,8.0,44.3,
Oxford,1878,2,8.8,4.2,4.0,34.2,
Oxford,1878,3,9.5,2.2,9.0,19.5,
Oxford,1878,4,14.1,5.5,3.0,58.4,
Oxford,1878,5,17.7,8.4,0.0,126.7,
Oxford,1878,6,21.1,11.1,0.0,49.0,
Oxford,1878,7,22.2,12.6,0.0,29.1,
Oxford,1878,8,21.7,13.1,0.0,130.7,
Oxford,1878,9,18.1,9.4,0.0,34.4,
Oxford,1878,10,14.1,7.4,0.0,54.1,
Oxford,1878,11,6.6,2.6,5.0,58.1,
Oxford,1878,12,3.1,-2.0,20.0,38.6,
Oxford,1879,1,1.6,-2.8,27.0,76.5,
Oxford,1879,2,6.0,1.1,9.0,84.6,
Oxford,1879,3,8.6,1.1,10.0,22.3,
Oxford,1879,4,9.5,2.4,7.0,62.1,
Oxford,1879,5,12.9,5.2,3.0,57.6,
Oxford,1879,6,17.0,10.2,0.0,110.7,
Oxford,1879,7,17.5,11.4,0.0,86.8,
Oxford,1879,8,18.7,11.8,0.0,128.7,
Oxford,1879,9,16.6,9.5,0.0,73.6,
Oxford,1879,10,12.2,6.0,0.0,18.6,
Oxford,1879,11,6.7,0.9,13.0,17.4,
Oxford,1879,12,3.7,-3.2,24.0,18.7,
Oxford,1880,1,3.0,-2.5,22.0,11.1,
Oxford,1880,2,9.0,2.4,5.0,60.9,
Oxford,1880,3,11.7,2.5,7.0,35.3,
Oxford,1880,4,12.2,4.7,1.0,48.7,
Oxford,1880,5,15.9,6.4,0.0,21.1,
Oxford,1880,6,17.9,10.0,0.0,87.6,
Oxford,1880,7,19.7,12.2,0.0,155.1,
Oxford,1880,8,20.5,13.2,0.0,12.7,
Oxford,1880,9,19.8,11.5,0.0,88.6,
Oxford,1880,10,12.2,4.9,3.0,133.5,
Oxford,1880,11,9.8,3.1,9.0,47.8,
Oxford,1880,12,9.3,3.6,5.0,75.7,
Oxford,1881,1,1.8,-4.0,20.0,31.9,
Oxford,1881,2,6.3,1.5,10.0,70.2,
Oxford,1881,3,10.3,2.1,11.0,37.7,
Oxford,1881,4,12.9,3.1,7.0,19.9,
Oxford,1881,5,17.7,6.9,1.0,31.9,
Oxford,1881,6,19.2,10.3,0.0,48.0,
Oxford,1881,7,22.7,12.5,0.0,63.7,
Oxford,1881,8,19.2,10.8,0.0,118.2,
Oxford,1881,9,17.6,9.5,0.0,35.5,
Oxford,1881,10,11.9,4.2,5.0,42.8,
Oxford,1881,11,12.5,6.9,0.0,82.0,
Oxford,1881,12,7.1,2.1,7.0,75.5,
Oxford,1882,1,7.7,2.8,6.0,28.4,
Oxford,1882,2,9.2,3.5,3.0,38.8,
Oxford,1882,3,12.6,4.0,3.0,28.2,
Oxford,1882,4,13.7,5.1,1.0,99.7,
Oxford,1882,5,17.4,7.3,0.0,47.0,
Oxford,1882,6,17.5,9.7,0.0,83.8,
Oxford,1882,7,20.0,11.9,0.0,82.2,
Oxford,1882,8,19.9,11.5,0.0,33.8,
Oxford,1882,9,17.3,8.3,0.0,51.4,
Oxford,1882,10,13.6,7.2,1.0,147.9,
Oxford,1882,11,9.6,3.5,3.0,84.8,
Oxford,1882,12,7.2,2.5,9.0,80.3,
Oxford,1883,1,8.2,3.3,3.0,57.8,
Oxford,1883,2,9.9,4.0,0.0,95.1,
Oxford,1883,3,7.2,-1.2,22.0,24.0,
Oxford,1883,4,14.0,4.5,3.0,25.7,
Oxford,1883,5,16.2,7.1,1.0,47.9,
Oxford,1883,6,19.6,10.1,0.0,91.7,
Oxford,1883,7,18.8,11.2,0.0,87.9,
Oxford,1883,8,21.0,11.8,0.0,18.7,
Oxford,1883,9,17.5,10.4,0.0,98.4,
Oxford,1883,10,13.8,7.4,0.0,48.2,
Oxford,1883,11,10.3,3.3,4.0,79.4,
Oxford,1883,12,7.3,2.7,5.0,11.4,
Oxford,1884,1,9.5,5.1,0.0,55.7,
Oxford,1884,2,8.9,3.1,4.0,32.2,
Oxford,1884,3,10.9,3.0,4.0,39.3,
Oxford,1884,4,11.7,3.1,6.0,40.2,
Oxford,1884,5,17.6,6.6,0.0,19.4,
Oxford,1884,6,19.5,9.9,0.0,54.6,
Oxford,1884,7,21.5,12.4,0.0,57.5,
Oxford,1884,8,23.9,12.0,0.0,38.7,
Oxford,1884,9,19.7,10.9,0.0,31.2,
Oxford,1884,10,13.7,6.1,0.0,19.4,
Oxford,1884,11,8.8,2.6,10.0,41.4,
Oxford,1884,12,7.3,2.9,4.0,51.3,
Oxford,1885,1,5.0,0.9,14.0,49.4,
Oxford,1885,2,9.8,3.8,4.0,73.3,
Oxford,1885,3,9.4,1.2,10.0,29.8,
Oxford,1885,4,13.0,3.6,4.0,45.0,
Oxford,1885,5,13.7,5.3,0.0,53.5,
Oxford,1885,6,19.8,9.8,0.0,39.9,
Oxford,1885,7,22.7,11.9,0.0,3.1,
Oxford,1885,8,18.9,9.9,0.0,41.7,
Oxford,1885,9,17.1,8.6,0.0,111.9,
Oxford,1885,10,11.2,4.8,0.0,98.4,
Oxford,1885,11,8.4,4.0,5.0,91.0,
Oxford,1885,12,6.4,1.3,11.0,24.8,
Oxford,1886,1,4.6,-0.5,15.0,97.6,
Oxford,1886,2,3.3,-1.1,20.0,19.9,
Oxford,1886,3,7.8,1.5,17.0,41.8,
Oxford,1886,4,12.9,3.8,4.0,59.0,
Oxford,1886,5,15.7,7.0,0.0,122.3,
Oxford,1886,6,18.6,9.5,0.0,33.6,
Oxford,1886,7,21.8,12.0,0.0,93.5,
Oxford,1886,8,21.2,12.0,0.0,39.7,
Oxford,1886,9,19.0,10.3,0.0,49.7,
Oxford,1886,10,15.1,8.7,0.0,88.1,
Oxford,1886,11,9.5,3.8,5.0,64.3,
Oxford,1886,12,5.5,-0.3,13.0,120.8,
Oxford,1887,1,4.7,-0.5,15.0,65.3,
Oxford,1887,2,7.5,0.5,17.0,15.2,
Oxford,1887,3,7.3,-0.1,13.0,45.7,
Oxford,1887,4,11.6,1.9,5.0,29.1,
Oxford,1887,5,14.4,6.1,0.0,49.9,
Oxford,1887,6,21.6,10.2,0.0,32.8,
Oxford,1887,7,24.0,12.4,0.0,18.0,
Oxford,1887,8,22.2,10.5,0.0,40.5,
Oxford,1887,9,16.3,8.1,0.0,61.2,
Oxford,1887,10,11.5,3.5,6.0,53.7,
Oxford,1887,11,7.8,2.2,8.0,46.0,
Oxford,1887,12,5.7,0.3,17.0,35.3,
Oxford,1888,1,5.6,0.7,17.0,19.8,
Oxford,1888,2,4.1,-0.7,20.0,71.7,
Oxford,1888,3,6.9,0.9,15.0,77.6,
Oxford,1888,4,10.4,3.0,8.0,39.5,
Oxford,1888,5,16.3,6.3,0.0,39.4,
Oxford,1888,6,18.3,9.6,0.0,77.0,
Oxford,1888,7,18.0,10.9,0.0,119.6,
Oxford,1888,8,19.0,10.5,0.0,47.6,
Oxford,1888,9,17.6,8.8,0.0,33.0,
Oxford,1888,10,13.0,3.7,9.0,19.5,
Oxford,1888,11,10.5,6.0,0.0,114.8,
Oxford,1888,12,7.6,2.5,11.0,56.8,
Oxford,1889,1,5.1,-0.1,14.0,16.1,
Oxford,1889,2,5.8,-0.4,17.0,47.7,
Oxford,1889,3,9.0,1.4,12.0,50.4,
Oxford,1889,4,10.9,3.8,1.0,79.0,
Oxford,1889,5,17.3,8.9,0.0,87.4,
Oxford,1889,6,20.6,10.9,0.0,50.5,
Oxford,1889,7,20.0,11.3,0.0,72.4,
Oxford,1889,8,19.6,10.8,0.0,60.7,
Oxford,1889,9,17.5,9.1,0.0,45.2,
Oxford,1889,10,12.8,5.4,1.0,62.5,
Oxford,1889,11,9.5,4.3,4.0,26.5,
Oxford,1889,12,5.6,0.1,16.0,30.1,
Oxford,1890,1,8.7,3.3,3.0,51.0,
Oxford,1890,2,6.3,0.3,12.0,18.7,
Oxford,1890,3,10.1,2.6,5.0,21.9,
Oxford,1890,4,11.9,3.0,6.0,25.8,
Oxford,1890,5,17.0,6.6,0.0,45.2,
Oxford,1890,6,19.0,9.7,0.0,44.6,
Oxford,1890,7,19.3,11.2,0.0,77.2,
Oxford,1890,8,19.4,10.8,0.0,62.7,
Oxford,1890,9,20.2,9.9,0.0,26.3,
Oxford,1890,10,14.0,5.7,1.0,33.6,
Oxford,1890,11,9.2,3.0,7.0,47.1,
Oxford,1890,12,0.2,-4.0,25.0,13.3,
Oxford,1891,1,4.3,-1.9,20.0,39.4,
Oxford,1891,2,8.9,-0.2,13.0,2.5,
Oxford,1891,3,7.9,0.9,13.0,35.4,
Oxford,1891,4,11.2,2.2,5.0,24.0,
Oxford,1891,5,14.1,5.6,2.0,65.8,
Oxford,1891,6,19.9,10.4,0.0,36.3,
Oxford,1891,7,19.3,10.7,0.0,62.3,
Oxford,1891,8,18.0,10.9,0.0,119.7,
Oxford,1891,9,18.6,9.8,0.0,36.8,
Oxford,1891,10,13.2,6.6,1.0,150.1,
Oxford,1891,11,8.4,3.2,3.0,62.6,
Oxford,1891,12,7.3,1.6,9.0,86.1,
Oxford,1892,1,4.8,-0.3,18.0,12.0,
Oxford,1892,2,6.4,0.9,9.0,18.6,
Oxford,1892,3,6.9,-0.9,23.0,9.5,
Oxford,1892,4,14.3,1.7,10.0,19.5,
Oxford,1892,5,17.1,6.9,3.0,32.8,
Oxford,1892,6,19.2,8.7,0.0,52.7,
Oxford,1892,7,18.9,10.3,0.0,84.4,
Oxford,1892,8,20.4,11.5,0.0,78.7,
Oxford,1892,9,16.9,8.9,0.0,59.1,
Oxford,1892,10,11.1,4.0,4.0,85.6,
Oxford,1892,11,9.4,3.8,6.0,49.2,
Oxford,1892,12,4.7,-0.6,17.0,25.3,
Oxford,1893,1,4.4,-0.3,15.0,43.1,
Oxford,1893,2,8.0,2.5,5.0,69.4,
Oxford,1893,3,13.7,1.7,12.0,9.4,
Oxford,1893,4,18.0,3.9,2.0,1.5,
Oxford,1893,5,19.4,7.7,0.0,23.1,
Oxford,1893,6,21.8,10.2,0.0,19.6,
Oxford,1893,7,21.6,12.5,0.0,98.9,
Oxford,1893,8,23.2,13.0,0.0,27.7,
Oxford,1893,9,18.6,8.9,0.0,16.0,
Oxford,1893,10,14.3,6.6,1.0,73.5,
Oxford,1893,11,8.2,1.7,12.0,42.5,
Oxford,1893,12,7.8,1.3,5.0,47.7,
Oxford,1894,1,6.1,1.2,9.0,49.6,
Oxford,1894,2,8.6,2.2,7.0,41.3,
Oxford,1894,3,11.8,2.2,5.0,45.0,
Oxford,1894,4,15.0,5.1,0.0,46.9,
Oxford,1894,5,14.1,5.3,1.0,39.3,
Oxford,1894,6,18.2,9.9,0.0,74.0,
Oxford,1894,7,20.6,12.0,0.0,84.8,
Oxford,1894,8,18.6,11.0,0.0,69.7,
Oxford,1894,9,16.0,8.3,0.0,47.1,
Oxford,1894,10,12.5,6.9,1.0,89.4,
Oxford,1894,11,10.6,5.4,0.0,126.1,
Oxford,1894,12,7.5,2.8,9.0,52.6,
Oxford,1895,1,3.1,-1.8,20.0,66.3,
Oxford,1895,2,1.8,-5.3,24.0,4.4,
Oxford,1895,3,10.0,2.0,9.0,39.2,
Oxford,1895,4,13.1,5.0,1.0,46.4,
Oxford,1895,5,19.0,7.3,0.0,4.6,
Oxford,1895,6,21.4,9.8,0.0,28.6,
Oxford,1895,7,20.4,12.2,0.0,91.5,
Oxford,1895,8,20.5,12.1,0.0,62.5,
Oxford,1895,9,22.4,9.9,0.0,16.4,
Oxford,1895,10,11.6,3.9,8.0,76.6,
Oxford,1895,11,11.1,5.4,1.0,113.5,
Oxford,1895,12,6.8,1.9,6.0,56.5,
Oxford,1896,1,7.2,2.4,5.0,16.8,
Oxford,1896,2,8.0,1.4,9.0,10.1,
Oxford,1896,3,11.4,4.3,3.0,69.0,
Oxford,1896,4,14.0,5.4,0.0,17.5,
Oxford,1896,5,18.2,6.6,1.0,6.1,
Oxford,1896,6,21.9,12.0,0.0,65.0,
Oxford,1896,7,22.8,12.1,0.0,37.4,
Oxford,1896,8,19.6,10.6,0.0,79.8,
Oxford,1896,9,17.0,10.7,0.0,152.6,
Oxford,1896,10,11.5,4.5,3.0,81.1,
Oxford,1896,11,7.8,1.6,8.0,21.8,
Oxford,1896,12,6.7,1.7,11.0,77.3,
Oxford,1897,1,3.9,-0.2,15.0,44.7,
Oxford,1897,2,8.8,4.1,2.0,60.0,
Oxford,1897,3,10.6,4.1,3.0,73.6,
Oxford,1897,4,11.6,4.1,2.0,53.5,
Oxford,1897,5,15.7,5.7,1.0,17.9,
Oxford,1897,6,20.6,11.2,0.0,74.1,
Oxford,1897,7,22.4,12.3,0.0,67.1,
Oxford,1897,8,20.9,12.1,0.0,108.9,
Oxford,1897,9,16.7,8.9,0.0,59.7,
Oxford,1897,10,14.2,6.3,0.0,36.0,
Oxford,1897,11,10.2,4.3,2.0,29.8,
Oxford,1897,12,7.6,1.9,10.0,65.5,
Oxford,1898,1,8.6,4.2,5.0,12.8,
Oxford,1898,2,8.5,2.0,7.0,32.9,
Oxford,1898,3,8.5,0.6,15.0,17.6,
Oxford,1898,4,13.6,3.7,4.0,36.0,
Oxford,1898,5,14.8,6.8,0.0,61.7,
Oxford,1898,6,18.8,9.5,0.0,34.8,
Oxford,1898,7,21.3,11.1,0.0,15.2,
Oxford,1898,8,22.4,12.5,0.0,43.8,
Oxford,1898,9,22.2,10.0,0.0,10.5,
Oxford,1898,10,14.6,8.4,0.0,125.6,
Oxford,1898,11,10.4,4.7,3.0,50.9,
Oxford,1898,12,10.1,5.1,4.0,65.2,
Oxford,1899,1,8.5,2.9,5.0,75.3,
Oxford,1899,2,9.5,2.1,10.0,51.2,
Oxford,1899,3,10.6,0.4,16.0,7.4,
Oxford,1899,4,12.2,5.1,2.0,48.8,
Oxford,1899,5,15.4,6.2,0.0,38.0,
Oxford,1899,6,22.0,10.3,0.0,20.3,
Oxford,1899,7,23.8,13.3,0.0,42.9,
Oxford,1899,8,24.9,12.3,0.0,47.6,
Oxford,1899,9,18.6,10.3,0.0,58.2,
Oxford,1899,10,14.1,4.7,2.0,70.1,
Oxford,1899,11,11.3,5.4,3.0,66.6,
Oxford,1899,12,5.0,-0.2,14.0,33.2,
Oxford,1900,1,7.2,2.1,5.0,58.5,
Oxford,1900,2,6.0,0.7,14.0,107.0,
Oxford,1900,3,7.2,0.9,8.0,12.9,
Oxford,1900,4,13.8,3.8,3.0,22.8,
Oxford,1900,5,15.2,6.3,0.0,34.0,
Oxford,1900,6,19.5,10.6,0.0,69.4,
Oxford,1900,7,24.3,13.4,0.0,22.4,
Oxford,1900,8,20.4,11.5,0.0,79.8,
Oxford,1900,9,19.6,9.2,0.0,10.4,
Oxford,1900,10,14.2,6.7,0.0,59.1,
Oxford,1900,11,10.3,5.4,2.0,42.2,
Oxford,1900,12,10.2,5.0,2.0,81.9,
Oxford,1901,1,6.0,1.0,15.0,26.9,
Oxford,1901,2,4.9,0.1,13.0,32.8,
Oxford,1901,3,7.6,1.2,8.0,36.1,
Oxford,1901,4,14.0,4.3,1.0,53.2,
Oxford,1901,5,17.4,6.2,1.0,31.8,
Oxford,1901,6,19.8,9.4,0.0,38.6,
Oxford,1901,7,23.8,13.2,0.0,118.1,
Oxford,1901,8,21.4,11.5,0.0,54.3,
Oxford,1901,9,18.5,10.0,0.0,47.0,
Oxford,1901,10,14.1,6.2,3.0,30.5,
Oxford,1901,11,8.1,1.7,11.0,13.4,
Oxford,1901,12,6.4,0.9,12.0,83.5,
Oxford,1902,1,7.8,2.6,10.0,17.1,
Oxford,1902,2,4.7,-0.5,18.0,26.9,
Oxford,1902,3,11.0,3.8,4.0,30.8,
Oxford,1902,4,12.7,3.5,4.0,30.6,
Oxford,1902,5,13.8,5.4,1.0,38.6,
Oxford,1902,6,18.5,9.8,0.0,50.1,
Oxford,1902,7,20.5,11.0,0.0,15.7,
Oxford,1902,8,19.6,11.1,0.0,56.0,
Oxford,1902,9,18.0,8.5,0.0,27.9,
Oxford,1902,10,13.0,6.8,0.0,39.0,
Oxford,1902,11,9.6,4.5,4.0,56.8,
Oxford,1902,12,7.0,2.5,7.0,33.9,
Oxford,1903,1,6.9,2.4,8.0,65.4,
Oxford,1903,2,10.5,4.5,1.0,19.8,
Oxford,1903,3,11.1,4.3,0.0,77.1,
Oxford,1903,4,11.0,2.6,9.0,58.5,
Oxford,1903,5,16.2,7.2,0.0,111.0,
Oxford,1903,6,17.5,8.9,0.0,141.8,
Oxford,1903,7,20.7,11.9,0.0,88.2,
Oxford,1903,8,18.8,10.9,0.0,84.7,
Oxford,1903,9,17.8,9.7,0.0,39.3,
Oxford,1903,10,14.0,8.5,0.0,163.3,
Oxford,1903,11,9.6,3.9,4.0,38.2,
Oxford,1903,12,5.7,1.6,10.0,26.5,
Oxford,1904,1,6.8,1.4,10.0,79.1,
Oxford,1904,2,6.4,1.5,8.0,76.0,
Oxford,1904,3,8.3,1.6,7.0,26.4,
Oxford,1904,4,13.8,5.4,0.0,20.4,
Oxford,1904,5,15.6,7.4,0.0,81.7,
Oxford,1904,6,18.8,9.2,0.0,26.5,
Oxford,1904,7,23.2,13.0,0.0,85.1,
Oxford,1904,8,20.6,11.0,0.0,38.7,
Oxford,1904,9,17.3,7.9,0.0,31.6,
Oxford,1904,10,13.5,6.3,1.0,21.8,
Oxford,1904,11,8.5,2.0,11.0,39.5,
Oxford,1904,12,6.4,1.6,11.0,46.9,
Oxford,1905,1,6.3,0.4,15.0,19.9,
Oxford,1905,2,8.4,3.2,2.0,10.2,
Oxford,1905,3,11.1,3.9,2.0,75.7,
Oxford,1905,4,11.5,4.5,1.0,49.0,
Oxford,1905,5,16.7,6.1,1.0,19.5,
Oxford,1905,6,19.5,10.9,0.0,105.1,
Oxford,1905,7,23.3,13.4,0.0,4.0,
Oxford,1905,8,19.7,11.4,0.0,80.4,
Oxford,1905,9,16.8,9.4,0.0,32.5,
Oxford,1905,10,11.4,3.8,6.0,35.4,
Oxford,1905,11,8.3,2.2,7.0,75.5,
Oxford,1905,12,7.0,2.2,7.0,25.1,
Oxford,1906,1,8.4,3.1,3.0,89.3,
Oxford,1906,2,6.6,0.7,10.0,40.4,
Oxford,1906,3,9.3,2.1,9.0,32.2,
Oxford,1906,4,13.8,2.1,9.0,9.0,
Oxford,1906,5,15.5,7.2,0.0,45.0,
Oxford,1906,6,20.2,9.3,0.0,86.9,
Oxford,1906,7,22.2,11.6,0.0,26.7,
Oxford,1906,8,23.4,12.6,0.0,25.4,
Oxford,1906,9,20.4,9.4,0.0,25.0,
Oxford,1906,10,14.9,8.3,0.0,104.8,
Oxford,1906,11,10.5,4.7,3.0,82.4,
Oxford,1906,12,6.2,0.6,13.0,48.3,
Oxford,1907,1,6.3,1.1,10.0,15.5,
Oxford,1907,2,6.3,0.3,13.0,28.6,
Oxford,1907,3,12.1,1.8,8.0,21.3,
Oxford,1907,4,12.6,4.1,1.0,57.4,
Oxford,1907,5,15.9,7.3,0.0,59.6,
Oxford,1907,6,16.8,9.5,0.0,75.1,
Oxford,1907,7,19.2,10.4,0.0,86.0,
Oxford,1907,8,19.3,11.0,0.0,34.9,
Oxford,1907,9,19.7,9.0,0.0,18.1,
Oxford,1907,10,13.7,7.0,0.0,135.9,
Oxford,1907,11,10.2,4.2,2.0,57.5,
Oxford,1907,12,7.8,3.0,3.0,97.7,
Oxford,1908,1,5.5,-0.4,18.0,42.4,
Oxford,1908,2,8.6,2.7,4.0,22.2,
Oxford,1908,3,8.3,1.5,6.0,67.7,
Oxford,1908,4,10.4,2.4,10.0,109.4,
Oxford,1908,5,17.6,9.0,0.0,37.2,
Oxford,1908,6,20.5,9.8,0.0,43.1,
Oxford,1908,7,21.5,12.2,0.0,54.2,
Oxford,1908,8,20.0,10.7,0.0,77.0,
Oxford,1908,9,17.0,9.4,0.0,41.9,
Oxford,1908,10,16.1,8.1,1.0,29.7,
Oxford,1908,11,11.1,5.0,3.0,28.6,
Oxford,1908,12,6.5,1.6,5.0,49.9,
Oxford,1909,1,6.2,1.1,12.0,20.9,
Oxford,1909,2,6.5,-0.6,17.0,10.6,
Oxford,1909,3,7.1,1.2,9.0,63.7,
Oxford,1909,4,15.1,3.5,5.0,50.2,
Oxford,1909,5,17.3,5.4,0.0,48.1,
Oxford,1909,6,16.1,8.8,0.0,101.4,
Oxford,1909,7,19.6,11.7,0.0,61.5,
Oxford,1909,8,21.2,11.7,0.0,83.7,
Oxford,1909,9,16.1,9.1,0.0,79.1,
Oxford,1909,10,14.1,8.1,2.0,90.8,
Oxford,1909,11,8.3,2.3,10.0,16.1,
Oxford,1909,12,7.3,1.9,9.0,78.4,
Oxford,1910,1,6.7,1.6,9.0,40.4,
Oxford,1910,2,8.6,2.8,4.0,74.8,
Oxford,1910,3,10.6,1.9,10.0,15.4,
Oxford,1910,4,11.8,4.2,3.0,73.0,
Oxford,1910,5,16.5,7.3,1.0,52.6,
Oxford,1910,6,19.9,11.3,0.0,75.7,
Oxford,1910,7,18.3,11.1,0.0,51.1,
Oxford,1910,8,19.5,12.0,0.0,48.0,
Oxford,1910,9,17.1,9.1,0.0,11.2,
Oxford,1910,10,14.2,8.5,0.0,94.6,
Oxford,1910,11,6.9,0.4,17.0,78.6,
Oxford,1910,12,8.8,4.7,1.0,125.9,
Oxford,1911,1,6.3,1.3,9.0,20.4,
Oxford,1911,2,8.0,2.4,6.0,35.3,
Oxford,1911,3,8.5,2.7,2.0,41.7,
Oxford,1911,4,12.2,4.2,6.0,29.6,
Oxford,1911,5,18.6,8.4,0.0,56.0,
Oxford,1911,6,20.1,10.5,0.0,30.2,
Oxford,1911,7,26.1,13.1,0.0,10.8,
Oxford,1911,8,24.9,14.0,0.0,26.1,
Oxford,1911,9,21.4,9.4,0.0,36.5,
Oxford,1911,10,13.4,6.7,1.0,62.6,
Oxford,1911,11,9.3,3.6,4.0,61.9,
Oxford,1911,12,9.1,4.6,1.0,126.9,
Oxford,1912,1,6.8,1.7,9.0,111.5,
Oxford,1912,2,8.8,3.7,6.0,54.2,
Oxford,1912,3,10.8,5.0,0.0,83.3,
Oxford,1912,4,14.7,3.8,2.0,0.6,
Oxford,1912,5,17.5,8.8,0.0,55.2,
Oxford,1912,6,18.6,10.2,0.0,83.0,
Oxford,1912,7,21.1,12.5,0.0,78.7,
Oxford,1912,8,17.1,10.0,0.0,123.6,
Oxford,1912,9,15.2,7.7,0.0,29.8,
Oxford,1912,10,13.3,3.9,7.0,80.8,
Oxford,1912,11,9.2,4.1,3.0,47.2,
Oxford,1912,12,10.1,5.0,1.0,85.9,
Oxford,1913,1,7.6,3.0,5.0,77.0,
Oxford,1913,2,7.8,1.9,9.0,24.9,
Oxford,1913,3,10.4,3.3,4.0,68.1,
Oxford,1913,4,12.2,4.7,1.0,96.8,
Oxford,1913,5,17.0,7.8,0.0,68.4,
Oxford,1913,6,19.9,10.0,0.0,14.5,
Oxford,1913,7,19.6,11.4,0.0,20.1,
Oxford,1913,8,21.0,11.1,0.0,20.4,
Oxford,1913,9,18.6,10.8,0.0,47.6,
Oxford,1913,10,15.0,8.5,1.0,120.9,
Oxford,1913,11,11.9,5.7,2.0,63.6,
Oxford,1913,12,7.5,2.8,10.0,24.2,
Oxford,1914,1,6.0,1.2,13.0,13.9,
Oxford,1914,2,10.4,3.8,2.0,51.4,
Oxford,1914,3,10.1,3.3,6.0,92.0,
Oxford,1914,4,15.9,4.7,0.0,29.8,
Oxford,1914,5,16.6,6.4,2.0,37.1,
Oxford,1914,6,20.8,10.0,0.0,77.4,
Oxford,1914,7,20.9,12.2,0.0,77.7,
Oxford,1914,8,21.8,12.1,0.0,47.3,
Oxford,1914,9,19.5,8.3,0.0,22.2,
Oxford,1914,10,14.6,7.2,0.0,74.8,
Oxford,1914,11,10.2,4.0,6.0,74.1,
Oxford,1914,12,8.0,2.6,6.0,147.9,
Oxford,1915,1,6.5,2.2,6.0,81.1,
Oxford,1915,2,7.9,1.9,7.0,91.7,
Oxford,1915,3,9.3,1.8,11.0,33.1,
Oxford,1915,4,12.9,3.5,1.0,21.0,
Oxford,1915,5,17.1,6.4,0.0,90.3,
Oxford,1915,6,20.6,9.5,0.0,35.1,
Oxford,1915,7,19.7,11.3,0.0,114.1,
Oxford,1915,8,20.8,12.2,0.0,35.2,
Oxford,1915,9,18.8,8.6,0.0,74.3,
Oxford,1915,10,12.7,6.3,2.0,53.3,
Oxford,1915,11,6.9,0.1,15.0,64.6,
Oxford,1915,12,9.0,3.5,6.0,127.1,
Oxford,1916,1,10.3,5.1,0.0,38.1,
Oxford,1916,2,6.5,1.1,10.0,97.3,
Oxford,1916,3,6.5,1.1,9.0,131.8,
Oxford,1916,4,13.9,4.3,1.0,25.2,
Oxford,1916,5,17.3,7.6,0.0,51.6,
Oxford,1916,6,15.9,8.1,0.0,46.9,
Oxford,1916,7,20.9,11.0,0.0,45.3,
Oxford,1916,8,21.8,12.6,0.0,102.9,
Oxford,1916,9,17.6,9.0,0.0,23.3,
Oxford,1916,10,14.6,8.2,2.0,93.7,
Oxford,1916,11,9.4,3.8,4.0,85.6,
Oxford,1916,12,4.1,-0.6,18.0,72.3,
Oxford,1917,1,3.2,0.1,18.0,36.5,
Oxford,1917,2,4.3,-1.4,16.0,32.0,
Oxford,1917,3,6.9,0.0,15.0,45.5,
Oxford,1917,4,10.5,1.8,11.0,41.5,
Oxford,1917,5,19.5,8.2,0.0,42.0,
Oxford,1917,6,21.4,10.8,0.0,56.4,
Oxford,1917,7,21.1,11.9,0.0,82.9,
Oxford,1917,8,19.0,12.7,0.0,101.3,
Oxford,1917,9,18.7,10.8,0.0,43.1,
Oxford,1917,10,12.2,4.0,1.0,106.0,
Oxford,1917,11,10.6,5.3,2.0,17.3,
Oxford,1917,12,4.7,-0.7,18.0,24.5,
Oxford,1918,1,6.4,1.3,13.0,69.6,
Oxford,1918,2,9.2,3.9,5.0,27.9,
Oxford,1918,3,10.9,2.1,7.0,19.8,
Oxford,1918,4,10.5,3.6,2.0,81.5,
Oxford,1918,5,19.1,8.0,0.0,47.0,
Oxford,1918,6,18.9,8.5,0.0,33.3,
Oxford,1918,7,20.8,11.7,0.0,100.6,
Oxford,1918,8,21.1,12.0,0.0,30.5,
Oxford,1918,9,16.1,9.0,0.0,126.1,
Oxford,1918,10,12.6,6.4,0.0,44.3,
Oxford,1918,11,9.2,2.1,11.0,49.5,
Oxford,1918,12,9.9,5.0,2.0,59.5,
Oxford,1919,1,5.2,0.6,12.0,85.5,
Oxford,1919,2,4.3,-1.0,15.0,55.7,
Oxford,1919,3,7.5,1.0,11.0,97.9,
Oxford,1919,4,11.8,3.3,7.0,57.1,
Oxford,1919,5,19.5,7.8,0.0,15.6,
Oxford,1919,6,20.4,9.7,0.0,17.9,
Oxford,1919,7,18.7,10.2,0.0,59.7,
Oxford,1919,8,22.4,12.0,0.0,72.5,
Oxford,1919,9,18.0,8.7,1.0,31.5,
Oxford,1919,10,12.1,2.3,5.0,38.2,
Oxford,1919,11,6.1,1.0,12.0,21.8,
Oxford,1919,12,8.6,3.2,3.0,112.3,
Oxford,1920,1,8.6,2.8,6.0,54.3,
Oxford,1920,2,9.9,2.7,6.0,16.1,
Oxford,1920,3,12.0,3.8,3.0,41.8,
Oxford,1920,4,12.0,5.9,0.0,78.5,
Oxford,1920,5,17.1,7.8,0.0,42.9,
Oxford,1920,6,19.6,10.1,0.0,81.2,
Oxford,1920,7,18.2,11.0,0.0,119.0,
Oxford,1920,8,18.0,9.7,0.0,28.5,
Oxford,1920,9,18.1,9.3,0.0,45.0,
Oxford,1920,10,14.5,6.6,1.0,48.9,
Oxford,1920,11,9.8,3.4,7.0,35.1,
Oxford,1920,12,6.8,2.2,9.0,58.9,
Oxford,1921,1,9.9,5.2,2.0,62.4,
Oxford,1921,2,8.6,1.4,7.0,14.3,
Oxford,1921,3,11.8,4.1,1.0,23.8,
Oxford,1921,4,14.2,3.9,3.0,23.1,
Oxford,1921,5,17.5,6.9,1.0,38.0,
Oxford,1921,6,21.4,9.5,0.0,8.7,
Oxford,1921,7,26.1,13.3,0.0,7.2,
Oxford,1921,8,20.9,12.1,0.0,41.9,
Oxford,1921,9,20.6,9.3,0.0,43.6,
Oxford,1921,10,18.9,8.2,0.0,32.5,
Oxford,1921,11,8.0,1.7,12.0,42.9,
Oxford,1921,12,9.4,3.6,5.0,40.9,
Oxford,1922,1,7.1,1.3,13.0,61.2,
Oxford,1922,2,8.3,1.4,11.0,58.0,
Oxford,1922,3,8.5,1.8,8.0,48.9,
Oxford,1922,4,10.4,1.9,7.0,71.9,
Oxford,1922,5,19.9,8.1,0.0,34.0,
Oxford,1922,6,19.9,9.3,0.0,30.3,
Oxford,1922,7,18.5,10.4,0.0,90.2,
Oxford,1922,8,18.1,10.1,0.0,130.4,
Oxford,1922,9,16.9,8.8,0.0,35.4,
Oxford,1922,10,12.9,4.0,6.0,12.7,
Oxford,1922,11,9.0,2.3,8.0,31.2,
Oxford,1922,12,8.4,3.9,1.0,66.4,
Oxford,1923,1,8.4,2.2,4.0,40.6,
Oxford,1923,2,8.8,3.7,2.0,91.3,
Oxford,1923,3,9.8,3.6,1.0,66.8,
Oxford,1923,4,12.2,4.3,2.0,57.9,
Oxford,1923,5,14.7,6.0,1.0,36.6,
Oxford,1923,6,17.3,8.8,0.0,10.8,
Oxford,1923,7,23.4,13.5,0.0,37.9,
Oxford,1923,8,21.4,11.1,0.0,83.8,
Oxford,1923,9,18.0,8.5,0.0,46.3,
Oxford,1923,10,13.6,7.1,0.0,99.7,
Oxford,1923,11,6.8,0.0,13.0,34.6,
Oxford,1923,12,7.4,1.0,14.0,60.4,
Oxford,1924,1,7.7,3.0,5.0,80.1,
Oxford,1924,2,6.3,0.4,12.0,6.5,
Oxford,1924,3,9.6,-0.2,21.0,23.8,
Oxford,1924,4,12.5,3.7,5.0,67.6,
Oxford,1924,5,16.9,8.0,0.0,100.6,
Oxford,1924,6,19.1,10.4,0.0,69.3,
Oxford,1924,7,20.7,10.9,0.0,92.5,
Oxford,1924,8,18.8,10.5,0.0,49.8,
Oxford,1924,9,17.4,10.5,0.0,108.4,
Oxford,1924,10,14.1,7.3,1.0,99.0,
Oxford,1924,11,10.1,4.8,4.0,47.2,
Oxford,1924,12,9.1,4.3,1.0,110.1,
Oxford,1925,1,8.4,2.3,6.0,40.9,
Oxford,1925,2,9.0,2.5,2.0,86.4,
Oxford,1925,3,8.9,1.5,13.0,11.9,
Oxford,1925,4,12.2,3.6,1.0,56.6,
Oxford,1925,5,16.8,7.8,0.0,68.0,
Oxford,1925,6,21.5,9.9,0.0,1.7,
Oxford,1925,7,22.5,12.3,0.0,98.9,
Oxford,1925,8,20.1,12.0,0.0,59.5,
Oxford,1925,9,16.3,7.8,0.0,82.0,
Oxford,1925,10,15.2,6.9,2.0,71.4,
Oxford,1925,11,7.7,1.4,16.0,47.6,
Oxford,1925,12,6.0,0.4,15.0,51.5,
Oxford,1926,1,7.5,1.5,9.0,101.0,
Oxford,1926,2,10.2,4.7,1.0,54.1,
Oxford,1926,3,10.6,3.3,2.0,16.8,
Oxford,1926,4,14.1,5.2,0.0,68.8,
Oxford,1926,5,15.1,6.6,0.0,79.5,
Oxford,1926,6,18.8,9.4,0.0,61.9,
Oxford,1926,7,21.6,12.9,0.0,67.6,
Oxford,1926,8,21.6,12.1,0.0,30.2,
Oxford,1926,9,19.6,11.0,0.0,35.7,
Oxford,1926,10,12.6,4.5,7.0,55.0,
Oxford,1926,11,10.0,3.6,5.0,113.5,
Oxford,1926,12,6.9,1.3,10.0,11.3,
Oxford,1927,1,7.8,1.8,7.0,60.6,
Oxford,1927,2,7.0,1.3,12.0,97.9,
Oxford,1927,3,11.5,4.4,1.0,60.4,
Oxford,1927,4,13.1,4.5,1.0,44.1,
Oxford,1927,5,17.7,6.8,1.0,21.4,
Oxford,1927,6,17.9,8.8,0.0,81.1,
Oxford,1927,7,19.6,12.6,0.0,78.4,
Oxford,1927,8,20.1,12.2,0.0,105.4,
Oxford,1927,9,16.4,9.6,0.0,133.8,
Oxford,1927,10,15.0,6.8,0.0,48.1,
Oxford,1927,11,9.5,3.5,8.0,67.1,
Oxford,1927,12,4.0,0.3,12.0,87.0,
Oxford,1928,1,9.0,2.2,3.0,97.3,
Oxford,1928,2,10.3,2.2,7.0,44.9,
Oxford,1928,3,10.6,3.4,6.0,39.0,
Oxford,1928,4,13.0,4.5,3.0,22.5,
Oxford,1928,5,16.5,6.4,1.0,14.8,
Oxford,1928,6,18.6,9.1,0.0,45.1,
Oxford,1928,7,23.3,12.4,0.0,48.0,
Oxford,1928,8,20.2,11.7,0.0,33.3,
Oxford,1928,9,19.2,7.9,0.0,16.0,
Oxford,1928,10,14.8,6.8,1.0,83.9,
Oxford,1928,11,11.5,4.6,2.0,70.8,
Oxford,1928,12,6.6,0.4,9.0,55.8,
Oxford,1929,1,3.7,-1.1,21.0,29.8,43.8
Oxford,1929,2,3.3,-3.0,19.0,14.1,60.5
Oxford,1929,3,12.9,-0.1,17.0,1.4,190.2
Oxford,1929,4,11.8,2.5,6.0,34.3,144.7
Oxford,1929,5,17.1,6.4,2.0,28.4,240.9
Oxford,1929,6,18.9,8.9,0.0,24.3,210.3
Oxford,1929,7,22.7,11.2,0.0,34.8,219.7
Oxford,1929,8,21.2,11.6,0.0,25.4,176.3
Oxford,1929,9,23.2,10.7,0.0,2.6,199.1
Oxford,1929,10,14.1,6.3,2.0,77.7,109.2
Oxford,1929,11,11.0,3.3,9.0,165.9,78.7
Oxford,1929,12,9.2,3.4,5.0,131.7,67.0
Oxford,1930,1,9.0,3.4,1.0,73.0,49.9
Oxford,1930,2,5.4,0.3,13.0,13.7,54.3
Oxford,1930,3,9.8,1.8,10.0,31.0,109.7
Oxford,1930,4,12.5,5.0,1.0,55.1,102.0
Oxford,1930,5,15.6,7.0,0.0,54.9,134.5
Oxford,1930,6,21.1,10.8,0.0,20.1,211.2
Oxford,1930,7,20.1,11.7,0.0,79.5,174.1
Oxford,1930,8,21.2,12.0,0.0,51.9,207.5
Oxford,1930,9,18.0,10.5,0.0,90.8,108.2
Oxford,1930,10,14.6,7.5,0.0,32.0,113.5
Oxford,1930,11,10.2,2.8,8.0,106.1,68.7
Oxford,1930,12,7.0,1.9,9.0,76.8,23.3
Oxford,1931,1,6.5,0.8,14.0,36.2,63.7
Oxford,1931,2,7.4,1.3,6.0,43.7,72.0
Oxford,1931,3,9.2,0.3,16.0,3.7,142.3
Oxford,1931,4,11.8,4.7,0.0,75.8,93.5
Oxford,1931,5,16.1,7.8,0.0,72.8,150.1
Oxford,1931,6,19.5,11.0,0.0,89.7,158.7
Oxford,1931,7,19.6,12.1,0.0,80.6,127.9
Oxford,1931,8,19.1,11.2,0.0,90.4,135.5
Oxford,1931,9,15.7,8.3,0.0,62.9,92.3
Oxford,1931,10,13.4,5.2,8.0,18.1,102.5
Oxford,1931,11,11.0,5.1,1.0,90.6,62.4
Oxford,1931,12,7.8,2.8,6.0,28.8,38.5
Oxford,1932,1,9.4,3.5,5.0,38.3,51.0
Oxford,1932,2,5.8,-0.4,17.0,3.5,57.9
Oxford,1932,3,9.6,0.4,15.0,54.4,133.4
Oxford,1932,4,11.3,3.8,1.0,62.1,110.9
Oxford,1932,5,14.8,7.5,0.0,139.1,112.4
Oxford,1932,6,19.2,9.5,0.0,14.6,199.3
Oxford,1932,7,20.6,12.7,0.0,61.6,124.0
Oxford,1932,8,22.9,13.6,0.0,64.7,178.3
Oxford,1932,9,17.7,9.7,0.0,66.0,102.1
Oxford,1932,10,13.1,5.9,1.0,120.8,100.7
Oxford,1932,11,9.6,4.0,1.0,31.5,55.7
Oxford,1932,12,8.2,3.5,4.0,17.7,58.0
Oxford,1933,1,5.3,-0.7,19.0,44.5,69.5
Oxford,1933,2,7.9,1.4,14.0,88.6,94.3
Oxford,1933,3,12.9,3.3,4.0,60.6,187.6
Oxford,1933,4,14.4,4.5,2.0,25.3,152.5
Oxford,1933,5,17.7,8.1,0.0,44.9,170.2
Oxford,1933,6,21.4,10.6,0.0,34.1,226.9
Oxford,1933,7,23.9,13.6,0.0,47.5,237.6
Oxford,1933,8,24.6,12.7,0.0,20.5,242.7
Oxford,1933,9,20.6,10.7,0.0,52.8,177.3
Oxford,1933,10,14.0,6.7,1.0,36.3,101.3
Oxford,1933,11,8.8,2.8,6.0,28.5,53.9
Oxford,1933,12,3.5,-0.7,16.0,7.8,59.0
Oxford,1934,1,7.5,0.6,12.0,47.8,65.9
Oxford,1934,2,7.5,-0.5,14.0,7.7,96.6
Oxford,1934,3,9.6,1.3,8.0,45.2,122.5
Oxford,1934,4,12.7,4.5,3.0,53.0,124.9
Oxford,1934,5,17.6,6.9,0.0,18.0,216.3
Oxford,1934,6,21.1,10.6,0.0,36.6,192.7
Oxford,1934,7,25.3,12.9,0.0,24.0,269.3
Oxford,1934,8,21.1,11.4,0.0,46.2,184.9
Oxford,1934,9,20.2,10.7,0.0,61.4,149.1
Oxford,1934,10,14.5,7.6,1.0,34.9,81.5
Oxford,1934,11,9.3,3.9,3.0,41.4,48.7
Oxford,1934,12,10.5,5.9,0.0,142.2,31.3
Oxford,1935,1,7.3,2.5,5.0,13.9,48.1
Oxford,1935,2,9.3,2.9,4.0,52.0,62.0
Oxford,1935,3,11.1,2.8,6.0,11.4,121.5
Oxford,1935,4,12.6,4.4,3.0,91.8,127.3
Oxford,1935,5,15.1,5.4,2.0,35.9,188.5
Oxford,1935,6,20.0,11.2,0.0,114.6,196.3
Oxford,1935,7,23.9,12.7,0.0,12.9,274.3
Oxford,1935,8,23.4,12.1,0.0,45.3,199.9
Oxford,1935,9,18.7,10.2,0.0,116.3,144.7
Oxford,1935,10,14.0,6.1,3.0,94.9,102.6
Oxford,1935,11,10.4,4.3,2.0,103.1,65.4
Oxford,1935,12,5.6,0.9,12.0,78.8,48.9
Oxford,1936,1,7.2,1.7,12.0,80.3,43.4
Oxford,1936,2,6.2,-0.3,15.0,39.6,89.2
Oxford,1936,3,11.0,4.1,4.0,46.5,71.4
Oxford,1936,4,10.7,2.9,4.0,41.8,133.2
Oxford,1936,5,17.1,6.8,0.0,10.7,179.5
Oxford,1936,6,20.0,10.6,0.0,91.6,166.2
Oxford,1936,7,19.6,12.0,0.0,87.1,119.2
Oxford,1936,8,22.2,11.7,0.0,21.0,184.7
Oxford,1936,9,18.7,11.3,0.0,83.7,79.3
Oxford,1936,10,13.8,5.2,0.0,33.6,103.1
Oxford,1936,11,9.0,2.2,10.0,67.7,48.9
Oxford,1936,12,8.5,2.2,8.0,50.7,62.3
Oxford,1937,1,8.4,2.5,6.0,84.8,50.9
Oxford,1937,2,9.5,3.5,2.0,120.3,66.6
Oxford,1937,3,7.7,0.8,12.0,77.5,99.7
Oxford,1937,4,13.5,5.8,1.0,66.9,103.1
Oxford,1937,5,17.5,8.2,0.0,66.7,185.0
Oxford,1937,6,20.0,10.0,0.0,39.8,181.3
Oxford,1937,7,21.2,12.6,0.0,35.2,140.1
Oxford,1937,8,23.6,12.5,0.0,11.2,202.3
Oxford,1937,9,19.3,9.1,0.0,50.4,143.0
Oxford,1937,10,14.8,7.2,0.0,68.6,79.1
Oxford,1937,11,8.6,1.6,11.0,31.0,65.9
Oxford,1937,12,6.0,0.7,14.0,48.5,41.2
Oxford,1938,1,8.8,3.4,0.0,67.3,41.2
Oxford,1938,2,8.2,2.0,6.0,21.3,66.9
Oxford,1938,3,15.5,4.3,5.0,8.9,172.3
Oxford,1938,4,13.0,2.5,5.0,2.7,180.9
Oxford,1938,5,15.9,6.5,1.0,50.1,144.9
Oxford,1938,6,20.3,10.8,0.0,24.3,190.6
Oxford,1938,7,21.0,11.7,0.0,30.4,133.5
Oxford,1938,8,21.9,12.6,0.0,91.8,151.3
Oxford,1938,9,19.0,10.1,0.0,54.5,110.9
Oxford,1938,10,14.7,7.1,0.0,72.0,118.1
Oxford,1938,11,12.9,6.9,0.0,80.6,70.0
Oxford,1938,12,7.2,1.5,11.0,73.5,52.4
Oxford,1939,1,7.4,2.3,6.0,113.0,46.4
Oxford,1939,2,9.5,2.8,4.0,26.6,104.9
Oxford,1939,3,9.6,2.8,4.0,40.0,86.2
Oxford,1939,4,14.1,4.9,1.0,76.8,171.7
Oxford,1939,5,16.3,7.3,0.0,30.1,184.9
Oxford,1939,6,19.5,9.7,0.0,49.9,227.9
Oxford,1939,7,19.8,12.1,0.0,106.2,139.7
Oxford,1939,8,21.5,12.4,0.0,42.6,153.7
Oxford,1939,9,19.3,10.8,0.0,13.8,147.0
Oxford,1939,10,12.5,5.2,0.0,134.0,94.3
Oxford,1939,11,12.3,6.5,0.0,104.3,41.1
Oxford,1939,12,5.6,0.6,11.0,36.3,46.0
Oxford,1940,1,1.9,-4.6,26.0,74.2,83.1
Oxford,1940,2,5.6,0.2,13.0,55.8,22.8
Oxford,1940,3,10.8,2.5,7.0,64.3,128.3
Oxford,1940,4,13.9,5.0,5.0,45.2,118.1
Oxford,1940,5,18.6,7.8,0.0,38.0,215.4
Oxford,1940,6,22.6,11.1,0.0,15.3,273.4
Oxford,1940,7,20.5,11.1,0.0,61.0,165.1
Oxford,1940,8,22.1,11.1,0.0,1.8,199.5
Oxford,1940,9,19.2,8.6,0.0,24.1,179.5
Oxford,1940,10,13.9,6.0,1.0,67.1,95.5
Oxford,1940,11,10.3,4.3,2.0,175.5,76.8
Oxford,1940,12,6.6,0.8,11.0,32.8,46.5
Oxford,1941,1,3.0,-1.2,17.0,64.4,41.7
Oxford,1941,2,7.3,1.3,11.0,63.9,67.9
Oxford,1941,3,9.4,1.4,10.0,64.5,118.7
Oxford,1941,4,11.2,3.1,3.0,26.3,106.9
Oxford,1941,5,14.1,5.0,5.0,43.7,141.9
Oxford,1941,6,21.0,10.9,0.0,52.9,210.3
Oxford,1941,7,23.6,13.1,0.0,112.7,227.5
Oxford,1941,8,19.3,11.3,0.0,85.1,163.7
Oxford,1941,9,19.0,10.4,0.0,10.6,123.7
Oxford,1941,10,14.7,6.4,0.0,28.8,120.2
Oxford,1941,11,10.0,4.2,2.0,66.6,47.1
Oxford,1941,12,8.3,2.7,6.0,29.8,46.9
Oxford,1942,1,3.5,-2.0,20.0,87.5,45.1
Oxford,1942,2,2.8,-2.6,25.0,16.8,53.9
Oxford,1942,3,9.4,1.9,9.0,60.3,69.4
Oxford,1942,4,14.3,5.1,0.0,26.0,202.5
Oxford,1942,5,16.8,6.8,0.0,78.8,209.4
Oxford,1942,6,21.5,9.5,0.0,4.1,234.0
Oxford,1942,7,20.9,11.8,0.0,46.8,150.1
Oxford,1942,8,21.8,12.8,0.0,94.2,132.7
Oxford,1942,9,18.6,10.0,0.0,28.4,124.5
Oxford,1942,10,14.6,7.3,0.0,89.4,84.6
Oxford,1942,11,8.4,1.9,6.0,50.0,57.8
Oxford,1942,12,9.4,4.7,2.0,85.9,51.0
Oxford,1943,1,8.3,2.9,7.0,96.5,54.7
Oxford,1943,2,9.5,2.7,3.0,23.7,79.3
Oxford,1943,3,11.7,2.2,8.0,19.6,132.9
Oxford,1943,4,16.2,6.9,0.0,25.7,166.6
Oxford,1943,5,18.2,7.7,0.0,57.4,244.1
Oxford,1943,6,20.1,10.3,0.0,43.0,192.9
Oxford,1943,7,23.0,11.9,0.0,25.0,196.7
Oxford,1943,8,21.8,12.4,0.0,56.9,178.3
Oxford,1943,9,18.8,9.2,0.0,44.0,142.5
Oxford,1943,10,15.0,6.8,0.0,62.0,84.9
Oxford,1943,11,9.6,3.1,5.0,35.1,72.3
Oxford,1943,12,6.3,0.7,12.0,26.0,49.5
Oxford,1944,1,9.2,3.0,6.0,36.3,41.2
Oxford,1944,2,6.4,0.9,10.0,23.2,62.4
Oxford,1944,3,10.3,1.2,10.0,6.5,142.7
Oxford,1944,4,15.8,6.1,0.0,36.2,147.0
Oxford,1944,5,18.3,6.5,1.0,18.1,235.6
Oxford,1944,6,19.0,9.6,0.0,52.2,170.3
Oxford,1944,7,21.5,13.1,0.0,56.2,97.5
Oxford,1944,8,23.2,13.0,0.0,49.0,185.2
Oxford,1944,9,17.9,8.6,0.0,64.8,143.8
Oxford,1944,10,13.2,6.6,0.0,85.6,102.0
Oxford,1944,11,9.8,3.6,4.0,91.0,49.3
Oxford,1944,12,6.0,0.8,11.0,40.5,64.1
Oxford,1945,1,3.2,-2.0,22.0,49.9,51.5
Oxford,1945,2,10.9,4.7,0.0,46.8,65.7
Oxford,1945,3,13.1,3.9,3.0,20.4,152.6
Oxford,1945,4,16.1,5.6,2.0,32.6,209.1
Oxford,1945,5,18.0,8.2,2.0,54.0,156.1
Oxford,1945,6,19.7,10.8,0.0,66.2,182.4
Oxford,1945,7,22.1,12.8,0.0,52.0,159.0
Oxford,1945,8,21.3,11.7,0.0,37.2,144.8
Oxford,1945,9,18.6,11.5,0.0,47.5,64.9
Oxford,1945,10,16.5,8.0,0.0,69.4,111.7
Oxford,1945,11,10.0,4.4,4.0,4.8,31.0
Oxford,1945,12,8.1,2.5,4.0,88.9,46.6
Oxford,1946,1,5.9,0.1,16.0,35.2,49.9
Oxford,1946,2,9.4,4.0,3.0,56.1,78.7
Oxford,1946,3,9.6,1.3,9.0,24.4,107.2
Oxford,1946,4,16.1,5.0,0.0,34.4,203.3
Oxford,1946,5,15.7,6.2,0.0,78.6,162.9
Oxford,1946,6,18.1,9.5,0.0,58.3,149.8
Oxford,1946,7,22.3,12.7,0.0,32.2,197.6
Oxford,1946,8,20.1,11.4,0.0,92.2,134.8
Oxford,1946,9,18.4,11.0,0.0,85.4,98.5
Oxford,1946,10,13.7,7.1,3.0,20.2,79.3
Oxford,1946,11,11.2,5.7,1.0,114.1,42.9
Oxford,1946,12,6.2,-0.1,13.0,53.8,74.7
Oxford,1947,1,4.9,-0.6,15.0,35.2,59.5
Oxford,1947,2,-0.2,-4.4,26.0,42.5,26.3
Oxford,1947,3,7.7,1.3,14.0,132.9,70.9
Oxford,1947,4,13.8,5.2,0.0,47.0,150.5
Oxford,1947,5,19.2,9.0,0.0,47.9,147.3
Oxford,1947,6,21.5,11.4,0.0,27.4,185.9
Oxford,1947,7,22.6,13.6,0.0,43.2,144.5
Oxford,1947,8,25.8,13.1,0.0,15.0,274.9
Oxford,1947,9,20.7,11.1,0.0,29.3,159.9
Oxford,1947,10,15.8,5.6,2.0,10.5,107.3
Oxford,1947,11,10.9,4.6,8.0,32.2,75.4
Oxford,1947,12,8.1,2.8,6.0,44.9,37.9
Oxford,1948,1,9.1,3.2,4.0,127.3,45.7
Oxford,1948,2,7.9,2.2,11.0,22.6,92.9
Oxford,1948,3,14.0,3.5,4.0,18.5,160.2
Oxford,1948,4,14.8,4.4,2.0,42.6,205.2
Oxford,1948,5,17.5,6.5,0.0,126.0,237.1
Oxford,1948,6,18.5,9.9,0.0,53.7,124.2
Oxford,1948,7,21.1,12.1,0.0,21.7,174.7
Oxford,1948,8,20.1,11.9,0.0,87.3,133.7
Oxford,1948,9,19.1,10.7,0.0,63.1,146.4
Oxford,1948,10,14.3,6.4,3.0,59.3,93.7
Oxford,1948,11,10.5,4.2,7.0,38.3,68.6
Oxford,1948,12,9.1,3.4,5.0,68.7,65.4
Oxford,1949,1,8.6,3.1,5.0,23.4,51.0
Oxford,1949,2,10.3,1.6,8.0,25.8,115.1
Oxford,1949,3,9.0,1.7,9.0,43.2,112.5
Oxford,1949,4,15.5,6.1,1.0,33.4,182.5
Oxford,1949,5,16.7,6.6,0.0,61.4,233.3
Oxford,1949,6,21.6,10.3,0.0,11.7,242.1
Oxford,1949,7,24.7,12.8,0.0,23.0,262.5
Oxford,1949,8,22.9,12.6,0.0,37.7,210.3
Oxford,1949,9,22.0,12.5,0.0,58.3,151.1
Oxford,1949,10,16.3,8.4,2.0,161.8,125.0
Oxford,1949,11,9.9,3.4,5.0,64.2,76.2
Oxford,1949,12,9.1,3.3,4.0,34.6,65.4
Oxford,1950,1,6.9,1.5,12.0,14.2,40.6
Oxford,1950,2,9.5,2.8,5.0,103.9,67.5
Oxford,1950,3,12.2,3.6,3.0,22.3,138.8
Oxford,1950,4,12.5,4.2,2.0,54.4,163.7
Oxford,1950,5,16.0,7.1,0.0,55.5,174.1
Oxford,1950,6,22.1,11.8,0.0,39.1,244.5
Oxford,1950,7,20.8,12.5,0.0,135.5,174.0
Oxford,1950,8,20.8,12.2,0.0,77.6,171.1
Oxford,1950,9,17.3,10.0,0.0,73.0,112.7
Oxford,1950,10,13.4,6.6,3.0,12.9,96.6
Oxford,1950,11,8.7,4.0,3.0,112.3,56.9
Oxford,1950,12,3.7,-0.7,20.0,33.3,55.3
Oxford,1951,1,7.1,2.0,8.0,78.0,48.9
Oxford,1951,2,6.9,1.4,4.0,87.5,58.6
Oxford,1951,3,8.0,1.6,9.0,90.2,92.6
Oxford,1951,4,12.0,2.9,1.0,64.8,200.4
Oxford,1951,5,14.5,6.5,0.0,53.4,152.1
Oxford,1951,6,19.7,9.4,0.0,35.9,251.9
Oxford,1951,7,22.3,12.1,0.0,34.2,216.7
Oxford,1951,8,19.9,11.7,0.0,93.7,174.7
Oxford,1951,9,18.8,10.7,0.0,125.1,110.8
Oxford,1951,10,13.8,5.0,4.0,22.9,105.6
Oxford,1951,11,11.7,6.2,1.0,132.1,75.1
Oxford,1951,12,9.0,3.0,5.0,39.8,69.8
Oxford,1952,1,6.0,0.3,13.0,46.4,94.1
Oxford,1952,2,6.9,0.3,13.0,13.3,96.7
Oxford,1952,3,10.5,3.9,4.0,61.1,105.0
Oxford,1952,4,15.2,5.4,2.0,41.2,178.2
Oxford,1952,5,19.1,9.5,0.0,56.6,207.0
Oxford,1952,6,20.5,10.5,0.0,34.0,217.6
Oxford,1952,7,23.0,12.9,0.0,7.5,194.0
Oxford,1952,8,21.1,12.6,0.0,108.5,180.5
Oxford,1952,9,15.7,7.2,0.0,43.0,140.3
Oxford,1952,10,12.9,5.6,4.0,95.5,105.0
Oxford,1952,11,7.0,1.3,7.0,96.8,72.1
Oxford,1952,12,6.0,-0.6,16.0,55.2,77.7
Oxford,1953,1,5.4,0.8,13.0,21.8,42.5
Oxford,1953,2,7.3,1.1,11.0,40.4,75.9
Oxford,1953,3,10.8,0.3,17.0,17.2,140.7
Oxford,1953,4,12.5,3.5,1.0,53.0,183.3
Oxford,1953,5,17.9,8.2,0.0,42.8,223.0
Oxford,1953,6,18.7,10.5,0.0,40.5,139.7
Oxford,1953,7,20.4,11.7,0.0,82.1,203.4
Oxford,1953,8,21.7,12.2,0.0,74.1,237.4
Oxford,1953,9,18.6,10.0,0.0,47.3,151.7
Oxford,1953,10,14.0,6.5,0.0,56.0,84.1
Oxford,1953,11,11.3,5.9,0.0,39.7,54.4
Oxford,1953,12,9.5,5.0,0.0,18.0,28.4
Oxford,1954,1,5.6,0.3,16.0,33.0,75.7
Oxford,1954,2,6.5,0.2,10.0,59.7,79.7
Oxford,1954,3,10.1,2.9,4.0,64.4,107.9
Oxford,1954,4,12.8,2.8,5.0,10.1,202.4
Oxford,1954,5,15.9,7.2,0.0,53.3,145.9
Oxford,1954,6,17.9,10.3,0.0,92.3,157.1
Oxford,1954,7,18.6,11.3,0.0,55.8,157.1
Oxford,1954,8,19.2,11.3,0.0,80.1,123.5
Oxford,1954,9,17.6,9.4,0.0,66.3,168.8
Oxford,1954,10,15.8,9.3,1.0,54.9,94.5
Oxford,1954,11,10.9,3.8,5.0,112.2,60.1
Oxford,1954,12,9.6,4.4,3.0,51.4,54.5
Oxford,1955,1,5.4,0.3,13.0,62.7,40.1
Oxford,1955,2,4.5,-1.1,18.0,36.3,86.3
Oxford,1955,3,7.5,-0.4,19.0,36.5,161.4
Oxford,1955,4,14.6,5.6,0.0,16.6,173.7
Oxford,1955,5,14.6,6.0,0.0,113.5,217.5
Oxford,1955,6,19.3,10.1,0.0,107.4,155.3
Oxford,1955,7,23.7,12.6,0.0,7.4,268.3
Oxford,1955,8,24.3,13.6,0.0,11.5,188.0
Oxford,1955,9,19.4,10.0,0.0,38.3,153.1
Oxford,1955,10,13.9,5.4,4.0,40.1,119.7
Oxford,1955,11,10.4,3.7,6.0,35.4,71.5
Oxford,1955,12,9.4,2.2,6.0,79.1,47.3
Oxford,1956,1,6.7,1.0,13.0,99.5,50.3
Oxford,1956,2,2.5,-3.5,21.0,11.4,78.9
Oxford,1956,3,10.8,2.2,8.0,17.3,149.7
Oxford,1956,4,12.2,2.6,2.0,48.1,158.7
Oxford,1956,5,18.2,7.1,0.0,8.5,246.6
Oxford,1956,6,17.9,9.6,0.0,62.7,145.0
Oxford,1956,7,20.9,12.5,0.0,62.0,168.0
Oxford,1956,8,18.4,10.6,0.0,114.9,161.4
Oxford,1956,9,18.4,11.1,0.0,60.0,94.3
Oxford,1956,10,13.6,5.8,0.0,45.9,116.5
Oxford,1956,11,9.1,2.9,4.0,19.7,77.9
Oxford,1956,12,8.2,3.5,10.0,80.7,18.2
Oxford,1957,1,8.6,3.0,4.0,41.0,50.8
Oxford,1957,2,9.1,3.2,6.0,71.7,83.1
Oxford,1957,3,13.6,5.9,1.0,43.1,110.2
Oxford,1957,4,13.5,5.1,1.0,9.9,168.0
Oxford,1957,5,15.4,6.2,0.0,42.4,205.6
Oxford,1957,6,22.2,10.1,0.0,55.7,297.1
Oxford,1957,7,21.5,13.4,0.0,85.4,157.9
Oxford,1957,8,20.4,12.1,0.0,95.9,170.5
Oxford,1957,9,16.9,9.7,0.0,101.5,102.6
Oxford,1957,10,15.4,7.6,0.0,52.6,92.9
Oxford,1957,11,8.8,3.7,3.0,50.5,76.4
Oxford,1957,12,7.4,1.6,10.0,64.4,62.3
Oxford,1958,1,6.6,1.0,11.0,90.2,54.6
Oxford,1958,2,9.0,2.3,8.0,65.4,55.4
Oxford,1958,3,7.8,0.9,14.0,34.6,110.7
Oxford,1958,4,12.1,3.6,6.0,27.5,145.2
Oxford,1958,5,16.4,7.9,0.0,54.4,196.0
Oxford,1958,6,19.1,10.7,0.0,84.2,145.7
Oxford,1958,7,20.8,12.3,0.0,63.6,188.1
Oxford,1958,8,20.2,12.7,0.0,67.3,119.6
Oxford,1958,9,19.3,11.8,0.0,80.3,118.0
Oxford,1958,10,14.4,8.1,0.0,72.5,93.7
Oxford,1958,11,9.3,4.2,1.0,76.7,51.8
Oxford,1958,12,7.4,2.7,4.0,83.5,29.5
Oxford,1959,1,4.9,-0.6,20.0,94.1,85.8
Oxford,1959,2,7.1,1.3,12.0,2.2,65.5
Oxford,1959,3,11.4,4.1,0.0,86.6,102.0
Oxford,1959,4,14.2,6.3,0.0,52.2,153.8
Oxford,1959,5,18.3,7.7,0.0,25.8,228.0
Oxford,1959,6,21.0,10.9,0.0,25.2,226.3
Oxford,1959,7,23.9,12.8,0.0,64.9,272.7
Oxford,1959,8,23.3,13.0,0.0,44.0,245.6
Oxford,1959,9,21.8,9.4,0.0,5.4,213.9
Oxford,1959,10,17.3,7.8,0.0,49.1,144.2
Oxford,1959,11,10.6,3.7,7.0,44.9,70.6
Oxford,1959,12,9.2,3.4,2.0,124.0,45.0
Oxford,1960,1,6.5,1.6,12.0,82.3,37.8
Oxford,1960,2,7.5,1.9,6.0,50.6,82.3
Oxford,1960,3,9.8,3.9,1.0,24.9,78.0
Oxford,1960,4,14.0,4.8,3.0,16.9,164.9
Oxford,1960,5,17.8,8.8,0.0,61.4,182.3
Oxford,1960,6,21.8,11.9,0.0,111.0,274.9
Oxford,1960,7,19.6,11.9,0.0,110.1,129.7
Oxford,1960,8,20.0,11.4,0.0,50.5,147.1
Oxford,1960,9,17.8,9.8,0.0,104.8,122.8
Oxford,1960,10,13.8,7.9,0.0,138.6,60.9
Oxford,1960,11,10.8,4.7,1.0,106.1,73.4
Oxford,1960,12,6.6,2.2,2.0,107.5,54.5
Oxford,1961,1,6.6,1.8,5.0,86.1,43.6
Oxford,1961,2,10.3,4.9,0.0,53.4,65.1
Oxford,1961,3,13.6,3.7,3.0,4.5,173.2
Oxford,1961,4,14.4,7.0,0.0,75.9,86.9
Oxford,1961,5,16.3,7.2,0.0,28.0,225.2
Oxford,1961,6,20.9,10.2,0.0,33.9,231.2
Oxford,1961,7,21.1,11.9,0.0,54.3,196.5
Oxford,1961,8,21.1,12.0,0.0,59.1,185.7
Oxford,1961,9,20.4,11.5,0.0,56.9,135.8
Oxford,1961,10,15.0,7.5,1.0,67.7,118.2
Oxford,1961,11,9.2,3.1,6.0,36.9,63.4
Oxford,1961,12,5.3,-0.3,18.0,97.8,76.5
Oxford,1962,1,7.5,1.6,6.0,94.7,70.0
Oxford,1962,2,7.5,1.6,7.0,10.3,70.6
Oxford,1962,3,7.3,-0.7,17.0,32.4,126.3
Oxford,1962,4,12.0,4.5,0.0,50.7,143.3
Oxford,1962,5,14.8,7.0,0.0,38.6,177.5
Oxford,1962,6,19.8,9.3,0.0,5.5,280.3
Oxford,1962,7,20.2,11.8,0.0,54.6,137.3
Oxford,1962,8,19.4,11.6,0.0,96.1,154.5
Oxford,1962,9,17.0,9.5,0.0,115.0,142.3
Oxford,1962,10,14.8,6.8,1.0,29.6,108.8
Oxford,1962,11,8.3,2.8,7.0,55.1,32.7
Oxford,1962,12,4.2,-1.6,17.0,50.4,72.6
Oxford,1963,1,-0.2,-5.8,28.0,27.9,58.9
Oxford,1963,2,1.7,-3.1,25.0,10.4,66.4
Oxford,1963,3,9.8,3.1,5.0,75.9,85.8
Oxford,1963,4,13.2,5.7,0.0,50.4,119.1
Oxford,1963,5,15.6,6.9,0.0,43.6,193.4
Oxford,1963,6,19.9,11.0,0.0,65.9,199.4
Oxford,1963,7,20.4,11.4,0.0,48.0,188.2
Oxford,1963,8,18.7,11.2,0.0,81.4,142.6
Oxford,1963,9,17.6,9.7,0.0,58.0,129.7
Oxford,1963,10,14.8,8.4,0.0,44.4,78.8
Oxford,1963,11,11.4,6.3,0.0,115.4,60.4
Oxford,1963,12,4.9,0.0,16.0,18.6,49.8
Oxford,1964,1,5.6,1.1,9.0,13.0,37.2
Oxford,1964,2,7.4,2.5,7.0,22.2,57.3
Oxford,1964,3,7.2,2.1,7.0,92.6,65.9
Oxford,1964,4,12.7,5.6,1.0,59.5,128.5
Oxford,1964,5,18.6,9.3,0.0,44.4,190.8
Oxford,1964,6,18.6,10.7,0.0,49.3,156.1
Oxford,1964,7,22.0,12.7,0.0,21.2,214.7
Oxford,1964,8,21.7,11.8,0.0,14.6,217.7
Oxford,1964,9,20.6,9.6,0.0,15.5,210.4
Oxford,1964,10,13.3,4.9,2.0,17.5,134.5
Oxford,1964,11,10.5,5.0,1.0,25.0,55.0
Oxford,1964,12,6.8,0.7,13.0,43.7,51.1
Oxford,1965,1,6.4,1.2,14.0,56.0,83.7
Oxford,1965,2,5.6,0.5,13.0,5.8,31.1
Oxford,1965,3,10.1,1.8,10.0,44.2,137.7
Oxford,1965,4,13.1,4.5,2.0,49.4,141.6
Oxford,1965,5,16.3,8.4,0.0,63.8,179.6
Oxford,1965,6,19.1,10.8,0.0,53.4,188.7
Oxford,1965,7,18.5,11.0,0.0,90.0,122.8
Oxford,1965,8,20.1,11.0,0.0,61.7,181.2
Oxford,1965,9,16.9,9.1,0.0,75.4,122.9
Oxford,1965,10,15.2,7.0,0.0,12.0,109.9
Oxford,1965,11,8.0,1.9,11.0,51.2,77.4
Oxford,1965,12,8.1,2.4,5.0,95.5,71.9
Oxford,1966,1,5.0,0.8,15.0,30.8,42.5
Oxford,1966,2,9.0,4.6,1.0,74.9,41.5
Oxford,1966,3,10.7,3.2,3.0,9.9,121.5
Oxford,1966,4,11.1,5.0,3.0,81.7,81.5
Oxford,1966,5,16.3,7.2,0.0,54.0,234.9
Oxford,1966,6,20.8,11.3,0.0,56.6,199.0
Oxford,1966,7,19.8,11.7,0.0,80.9,149.7
Oxford,1966,8,19.9,11.1,0.0,78.8,188.6
Oxford,1966,9,18.5,10.3,0.0,52.5,168.0
Oxford,1966,10,14.2,7.9,0.0,122.7,90.4
Oxford,1966,11,8.3,2.9,4.0,28.0,61.0
Oxford,1966,12,9.1,3.0,2.0,80.4,41.7
Oxford,1967,1,7.2,2.6,8.0,35.5,64.2
Oxford,1967,2,8.9,2.9,5.0,64.3,88.2
Oxford,1967,3,11.1,4.2,1.0,30.7,174.6
Oxford,1967,4,12.0,4.7,1.0,40.4,130.8
Oxford,1967,5,15.6,7.5,0.0,85.6,184.2
Oxford,1967,6,19.5,9.9,0.0,49.3,232.0
Oxford,1967,7,22.7,13.1,0.0,76.6,234.4
Oxford,1967,8,20.7,12.3,0.0,44.0,167.1
Oxford,1967,9,17.7,10.9,0.0,59.4,116.5
Oxford,1967,10,14.2,8.8,0.0,121.7,95.1
Oxford,1967,11,8.9,3.0,5.0,29.2,69.2
Oxford,1967,12,7.1,2.0,12.0,63.3,70.6
Oxford,1968,1,7.3,2.0,8.0,57.9,50.0
Oxford,1968,2,4.7,-0.1,16.0,26.8,54.0
Oxford,1968,3,10.8,3.6,5.0,19.5,148.5
Oxford,1968,4,13.0,4.4,6.0,46.1,184.5
Oxford,1968,5,14.5,6.7,0.0,66.2,155.0
Oxford,1968,6,19.9,11.4,0.0,69.2,206.6
Oxford,1968,7,19.7,12.0,0.0,141.6,136.2
Oxford,1968,8,19.4,12.3,0.0,91.7,124.0
Oxford,1968,9,18.0,11.1,0.0,108.3,114.9
Oxford,1968,10,15.8,10.6,0.0,67.7,66.5
Oxford,1968,11,8.9,4.6,3.0,54.5,47.9
Oxford,1968,12,5.1,1.1,11.0,63.6,35.9
Oxford,1969,1,8.6,3.6,6.0,74.9,40.0
Oxford,1969,2,4.2,-0.9,16.0,39.9,78.1
Oxford,1969,3,7.3,1.1,8.0,48.3,70.5
Oxford,1969,4,13.1,3.7,5.0,37.0,221.3
Oxford,1969,5,16.4,8.3,0.0,88.8,161.9
Oxford,1969,6,19.9,9.5,0.0,20.7,276.9
Oxford,1969,7,23.2,13.1,0.0,49.0,243.8
Oxford,1969,8,21.3,13.2,0.0,87.9,157.5
Oxford,1969,9,17.7,10.8,0.0,32.8,97.4
Oxford,1969,10,16.7,9.9,0.0,5.0,112.0
Oxford,1969,11,9.0,3.2,5.0,52.0,84.6
Oxford,1969,12,6.0,1.2,9.0,72.9,35.6
Oxford,1970,1,6.6,1.9,10.0,66.6,34.5
Oxford,1970,2,6.6,0.6,11.0,49.2,115.9
Oxford,1970,3,7.6,0.6,12.0,45.8,120.8
Oxford,1970,4,11.3,3.8,3.0,75.9,132.7
Oxford,1970,5,18.8,8.7,0.0,22.9,224.8
Oxford,1970,6,22.4,11.6,0.0,43.0,270.9
Oxford,1970,7,20.4,11.9,0.0,42.3,192.4
Oxford,1970,8,21.0,12.2,0.0,51.9,185.6
Oxford,1970,9,19.4,11.2,0.0,40.3,157.3
Oxford,1970,10,15.0,7.4,0.0,19.5,106.2
Oxford,1970,11,11.4,5.6,1.0,150.3,64.7
Oxford,1970,12,6.7,1.8,13.0,33.9,43.8
Oxford,1971,1,7.2,2.5,7.0,105.3,42.1
Oxford,1971,2,7.9,1.5,8.0,22.1,69.5
Oxford,1971,3,8.7,2.2,8.0,42.9,106.0
Oxford,1971,4,12.0,4.3,1.0,44.8,122.9
Oxford,1971,5,17.3,7.4,0.0,46.3,228.9
Oxford,1971,6,16.7,9.4,0.0,135.8,143.5
Oxford,1971,7,23.2,13.1,0.0,37.3,259.3
Oxford,1971,8,20.3,12.7,0.0,133.2,134.2
Oxford,1971,9,19.5,9.8,0.0,13.4,166.5
Oxford,1971,10,15.8,7.4,0.0,74.2,135.2
Oxford,1971,11,9.8,3.0,7.0,61.3,102.0
Oxford,1971,12,8.7,4.6,3.0,24.0,29.8
Oxford,1972,1,6.4,2.0,6.0,60.5,41.8
Oxford,1972,2,7.0,2.5,1.0,50.8,27.3
Oxford,1972,3,11.8,2.8,4.0,63.2,144.0
Oxford,1972,4,12.2,5.4,0.0,45.8,117.6
Oxford,1972,5,15.1,7.4,0.0,49.8,141.9
Oxford,1972,6,16.6,8.8,0.0,55.8,150.4
Oxford,1972,7,21.0,11.8,0.0,23.3,168.7
Oxford,1972,8,20.7,11.6,0.0,29.8,160.9
Oxford,1972,9,16.5,8.3,0.0,31.0,129.1
Oxford,1972,10,14.8,7.4,0.0,25.9,91.6
Oxford,1972,11,9.5,3.8,7.0,65.8,80.6
Oxford,1972,12,8.7,3.5,2.0,74.0,47.6
Oxford,1973,1,6.8,2.1,10.0,24.4,38.8
Oxford,1973,2,7.7,1.3,11.0,15.0,74.1
Oxford,1973,3,11.0,2.1,4.0,10.8,150.7
Oxford,1973,4,12.1,4.2,2.0,42.4,167.7
Oxford,1973,5,16.2,8.1,0.0,71.2,168.0
Oxford,1973,6,20.9,10.9,0.0,109.3,249.5
Oxford,1973,7,20.8,12.2,0.0,60.0,171.1
Oxford,1973,8,22.5,12.8,0.0,28.8,192.0
Oxford,1973,9,19.7,11.0,0.0,32.7,153.9
Oxford,1973,10,12.8,5.5,1.0,40.8,95.1
Oxford,1973,11,9.8,3.2,10.0,28.3,89.1
Oxford,1973,12,8.3,2.3,8.0,30.9,62.9
Oxford,1974,1,9.3,3.6,3.0,65.0,56.3
Oxford,1974,2,8.7,3.1,4.0,77.7,58.3
Oxford,1974,3,9.3,2.4,6.0,36.7,101.7
Oxford,1974,4,13.0,3.8,0.0,4.2,142.1
Oxford,1974,5,16.1,6.8,0.0,31.6,191.4
Oxford,1974,6,19.1,10.1,0.0,78.7,206.2
Oxford,1974,7,20.1,12.2,0.0,41.7,187.8
Oxford,1974,8,20.6,11.3,0.0,97.2,198.7
Oxford,1974,9,16.5,9.1,0.0,156.1,146.5
Oxford,1974,10,11.0,4.9,1.0,66.4,105.4
Oxford,1974,11,10.1,5.0,0.0,95.1,52.9
Oxford,1974,12,10.6,5.9,0.0,33.4,58.8
Oxford,1975,1,9.8,4.6,1.0,69.4,44.7
Oxford,1975,2,7.9,1.8,4.0,29.7,57.8
Oxford,1975,3,7.8,2.5,6.0,95.2,72.7
Oxford,1975,4,12.8,5.3,4.0,46.9,131.4
Oxford,1975,5,14.3,6.4,0.0,49.0,159.1
Oxford,1975,6,21.5,9.4,0.0,18.0,301.0
Oxford,1975,7,23.8,13.4,0.0,34.1,242.4
Oxford,1975,8,25.1,14.1,0.0,30.2,218.6
Oxford,1975,9,18.7,9.9,0.0,95.3,147.0
Oxford,1975,10,14.2,6.5,1.0,11.0,120.7
Oxford,1975,11,9.8,2.5,7.0,37.9,85.1
Oxford,1975,12,7.5,1.7,10.0,21.7,34.4
Oxford,1976,1,8.5,3.4,8.0,18.9,70.3
Oxford,1976,2,7.5,2.3,8.0,18.8,42.6
Oxford,1976,3,9.0,1.7,11.0,16.0,107.8
Oxford,1976,4,12.9,4.1,4.0,8.1,148.7
Oxford,1976,5,17.8,8.3,0.0,44.2,172.0
Oxford,1976,6,24.4,12.6,0.0,17.1,261.4
Oxford,1976,7,25.9,13.2,0.0,14.3,254.2
Oxford,1976,8,24.4,11.4,0.0,23.9,257.4
Oxford,1976,9,18.1,10.5,0.0,90.7,118.2
Oxford,1976,10,14.1,8.3,0.0,99.5,43.6
Oxford,1976,11,9.2,3.4,5.0,55.9,54.1
Oxford,1976,12,4.6,-0.4,13.0,101.8,58.6
Oxford,1977,1,5.4,0.7,11.0,75.9,35.4
Oxford,1977,2,8.9,3.3,4.0,114.4,74.4
Oxford,1977,3,10.5,4.3,4.0,59.8,87.2
Oxford,1977,4,11.6,3.8,4.0,40.7,157.9
Oxford,1977,5,15.7,6.1,0.0,43.1,217.5
Oxford,1977,6,16.7,8.5,0.0,86.9,123.2
Oxford,1977,7,21.0,12.0,0.0,5.8,193.6
Oxford,1977,8,19.7,12.2,0.0,129.0,123.4
Oxford,1977,9,17.5,10.4,0.0,7.8,101.8
Oxford,1977,10,15.4,8.3,0.0,32.8,107.3
Oxford,1977,11,9.6,3.8,7.0,46.6,102.4
Oxford,1977,12,8.9,3.9,2.0,67.8,45.2
Oxford,1978,1,6.2,0.7,11.0,68.2,53.6
Oxford,1978,2,5.5,0.4,15.0,45.6,58.9
Oxford,1978,3,10.8,3.3,3.0,52.3,128.1
Oxford,1978,4,10.2,3.3,5.0,45.2,113.6
Oxford,1978,5,17.0,7.1,0.0,48.5,202.8
Oxford,1978,6,19.1,9.6,0.0,39.9,171.7
Oxford,1978,7,20.0,11.5,0.0,82.4,146.4
Oxford,1978,8,20.2,11.4,0.0,32.6,157.4
Oxford,1978,9,19.1,10.6,0.0,24.4,159.3
Oxford,1978,10,16.2,8.1,0.0,5.4,87.5
Oxford,1978,11,11.6,5.5,5.0,22.8,77.3
Oxford,1978,12,7.1,2.2,12.0,109.5,34.3
Oxford,1979,1,3.2,-3.1,23.0,56.8,72.0
Oxford,1979,2,3.8,-0.9,18.0,56.2,67.3
Oxford,1979,3,8.4,2.1,2.0,110.3,92.9
Oxford,1979,4,12.3,4.8,3.0,38.9,126.4
Oxford,1979,5,15.2,6.8,2.0,124.8,190.9
Oxford,1979,6,19.0,10.7,0.0,43.6,166.6
Oxford,1979,7,22.5,13.0,0.0,16.6,192.2
Oxford,1979,8,20.3,11.7,0.0,60.8,167.4
Oxford,1979,9,18.6,9.6,0.0,17.0,171.0
Oxford,1979,10,15.5,8.0,0.0,59.8,117.0
Oxford,1979,11,10.5,3.9,4.0,39.4,70.0
Oxford,1979,12,8.9,3.8,3.0,127.7,59.7
Oxford,1980,1,5.3,-0.3,15.0,36.7,84.0
Oxford,1980,2,9.5,3.2,5.0,39.8,58.8
Oxford,1980,3,8.5,2.3,7.0,69.8,86.7
Oxford,1980,4,13.7,4.9,0.0,14.1,165.4
Oxford,1980,5,16.6,6.3,1.0,35.5,228.7
Oxford,1980,6,19.0,10.7,0.0,89.4,186.7
Oxford,1980,7,19.7,11.2,0.0,59.5,168.9
Oxford,1980,8,21.2,12.8,0.0,63.6,169.0
Oxford,1980,9,19.2,12.2,0.0,65.6,136.4
Oxford,1980,10,13.0,6.0,0.0,84.9,111.8
Oxford,1980,11,9.1,4.4,3.0,42.5,61.4
Oxford,1980,12,8.5,2.9,7.0,32.9,64.4
Oxford,1981,1,7.3,2.4,8.0,39.2,50.9
Oxford,1981,2,6.2,0.2,15.0,20.9,75.3
Oxford,1981,3,11.1,6.4,0.0,129.7,57.8
Oxford,1981,4,12.0,4.4,2.0,43.9,110.4
Oxford,1981,5,15.7,8.2,0.0,87.7,98.3
Oxford,1981,6,18.1,10.4,0.0,26.1,122.8
Oxford,1981,7,21.3,12.3,0.0,34.0,129.0
Oxford,1981,8,22.2,12.7,0.0,38.8,199.8
Oxford,1981,9,19.8,11.0,0.0,92.5,157.3
Oxford,1981,10,12.3,5.7,1.0,64.7,101.9
Oxford,1981,11,10.8,4.9,2.0,31.4,43.7
Oxford,1981,12,3.6,-2.0,18.0,74.0,57.5
Oxford,1982,1,5.5,-0.1,13.0,57.2,55.0
Oxford,1982,2,7.9,2.7,5.0,32.0,33.8
Oxford,1982,3,10.3,2.9,2.0,96.2,144.7
Oxford,1982,4,13.8,4.9,0.0,27.4,164.4
Oxford,1982,5,17.5,7.2,1.0,35.9,187.2
Oxford,1982,6,21.3,12.7,0.0,69.4,148.4
Oxford,1982,7,22.0,12.8,0.0,23.5,151.4
Oxford,1982,8,21.2,12.9,0.0,37.9,159.8
Oxford,1982,9,20.1,10.6,0.0,51.9,141.0
Oxford,1982,10,13.6,7.8,0.0,83.4,66.3
Oxford,1982,11,10.8,6.1,4.0,77.3,68.5
Oxford,1982,12,7.7,1.9,9.0,62.4,60.4
Oxford,1983,1,9.8,4.7,2.0,45.7,54.9
Oxford,1983,2,4.8,-0.7,17.0,23.8,74.0
Oxford,1983,3,10.3,3.3,4.0,42.5,89.5
Oxford,1983,4,11.8,3.7,2.0,89.5,150.5
Oxford,1983,5,14.8,7.8,0.0,106.3,126.8
Oxford,1983,6,19.6,11.0,0.0,19.4,180.3
Oxford,1983,7,26.8,15.4,0.0,21.7,257.5
Oxford,1983,8,23.5,13.3,0.0,24.0,214.5
Oxford,1983,9,18.0,11.1,0.0,59.4,92.4
Oxford,1983,10,14.3,7.7,1.0,53.0,119.7
Oxford,1983,11,10.4,5.2,6.0,42.6,44.3
Oxford,1983,12,8.7,3.2,8.0,49.8,62.9
Oxford,1984,1,7.5,1.5,7.0,81.5,86.1
Oxford,1984,2,6.4,1.0,7.0,35.4,66.0
Oxford,1984,3,8.2,2.4,1.0,50.3,48.8
Oxford,1984,4,13.9,3.4,5.0,1.6,236.8
Oxford,1984,5,14.5,6.0,0.0,72.0,143.4
Oxford,1984,6,20.8,10.8,0.0,30.0,244.3
Oxford,1984,7,23.9,12.2,0.0,13.6,249.4
Oxford,1984,8,23.6,13.6,0.0,32.7,199.8
Oxford,1984,9,17.9,11.2,0.0,91.1,99.6
Oxford,1984,10,15.0,8.6,1.0,54.4,88.6
Oxford,1984,11,11.3,6.0,0.0,101.6,53.8
Oxford,1984,12,8.3,2.7,8.0,44.5,57.6
Oxford,1985,1,3.9,-1.9,22.0,44.4,51.1
Oxford,1985,2,5.5,-0.8,15.0,34.7,78.0
Oxford,1985,3,8.9,1.4,10.0,36.7,112.4
Oxford,1985,4,13.1,5.1,3.0,32.7,138.3
Oxford,1985,5,15.7,7.3,0.0,80.5,178.3
Oxford,1985,6,17.5,9.0,0.0,122.5,165.0
Oxford,1985,7,21.6,12.7,0.0,45.8,216.0
Oxford,1985,8,19.0,12.1,0.0,67.0,164.9
Oxford,1985,9,19.4,11.2,0.0,19.4,143.3
Oxford,1985,10,14.5,7.9,0.0,29.1,100.8
Oxford,1985,11,7.4,1.7,10.0,41.1,86.1
Oxford,1985,12,9.4,5.1,5.0,108.1,44.2
Oxford,1986,1,6.7,1.1,9.0,67.3,76.4
Oxford,1986,2,1.0,-4.1,24.0,7.3,71.2
Oxford,1986,3,9.2,2.1,4.0,58.0,127.3
Oxford,1986,4,10.2,3.1,2.0,70.4,139.6
Oxford,1986,5,15.7,8.0,0.0,70.7,205.6
Oxford,1986,6,20.6,10.5,0.0,22.3,222.7
Oxford,1986,7,21.5,12.8,0.0,37.1,201.2
Oxford,1986,8,18.4,11.0,0.0,114.3,147.0
Oxford,1986,9,16.6,7.5,0.0,39.0,171.6
Oxford,1986,10,15.3,7.8,0.0,75.1,119.7
Oxford,1986,11,11.4,5.4,0.0,78.4,77.9
Oxford,1986,12,9.2,3.8,1.0,64.2,64.8
Oxford,1987,1,3.0,-1.4,20.0,9.9,68.8
Oxford,1987,2,7.1,1.0,13.0,34.0,67.8
Oxford,1987,3,8.2,1.5,13.0,53.9,111.6
Oxford,1987,4,15.2,6.6,0.0,51.4,158.7
Oxford,1987,5,15.2,6.5,0.0,48.7,168.7
Oxford,1987,6,17.8,10.4,0.0,86.0,129.3
Oxford,1987,7,21.2,12.7,0.0,29.3,179.4
Oxford,1987,8,21.0,12.5,0.0,34.0,158.2
Oxford,1987,9,18.6,10.9,0.0,25.4,132.3
Oxford,1987,10,14.0,6.7,1.0,138.8,109.5
Oxford,1987,11,9.0,4.3,2.0,58.2,43.9
Oxford,1987,12,8.0,3.7,7.0,26.0,42.9
Oxford,1988,1,8.1,3.3,4.0,100.0,47.7
Oxford,1988,2,8.1,2.3,5.0,33.8,103.7
Oxford,1988,3,10.2,3.8,4.0,59.1,85.2
Oxford,1988,4,12.6,4.6,3.0,30.2,132.0
Oxford,1988,5,17.1,7.8,0.0,32.0,178.1
Oxford,1988,6,18.7,10.3,0.0,59.6,142.3
Oxford,1988,7,18.9,11.6,0.0,96.5,138.8
Oxford,1988,8,20.4,11.9,0.0,38.8,178.8
Oxford,1988,9,17.9,10.4,0.0,39.6,136.9
Oxford,1988,10,14.5,8.0,2.0,38.6,120.0
Oxford,1988,11,9.1,1.6,15.0,29.5,91.4
Oxford,1988,12,10.1,5.4,0.0,13.4,46.7
Oxford,1989,1,9.1,3.6,5.0,33.4,68.2
Oxford,1989,2,9.9,3.0,4.0,55.1,107.0
Oxford,1989,3,12.0,4.6,1.0,47.0,100.9
Oxford,1989,4,11.0,3.6,1.0,63.8,133.9
Oxford,1989,5,19.7,8.6,0.0,29.2,300.8
Oxford,1989,6,20.8,10.5,0.0,45.9,244.4
Oxford,1989,7,24.9,14.0,0.0,29.4,280.4
Oxford,1989,8,23.4,12.4,0.0,43.3,269.5
Oxford,1989,9,19.9,11.9,0.0,23.8,141.6
Oxford,1989,10,15.9,8.9,0.0,53.9,90.8
Oxford,1989,11,9.8,3.2,7.0,32.5,104.1
Oxford,1989,12,8.2,3.3,4.0,141.5,26.5
Oxford,1990,1,10.0,4.5,1.0,75.0,58.3
Oxford,1990,2,11.3,5.3,0.0,94.2,95.7
Oxford,1990,3,12.7,5.0,2.0,18.4,144.1
Oxford,1990,4,13.7,3.3,5.0,20.4,234.4
Oxford,1990,5,19.2,7.8,0.0,8.7,285.0
Oxford,1990,6,18.2,10.7,0.0,48.8,121.1
Oxford,1990,7,23.8,12.2,0.0,17.7,268.5
Oxford,1990,8,24.7,14.0,0.0,26.5,236.6
Oxford,1990,9,18.7,9.4,0.0,41.1,164.7
Oxford,1990,10,15.8,9.3,0.0,45.9,124.4
Oxford,1990,11,9.8,4.3,1.0,20.0,83.7
Oxford,1990,12,6.9,1.7,10.0,56.3,58.8
Oxford,1991,1,6.4,1.2,8.0,60.9,66.9
Oxford,1991,2,4.7,-1.6,18.0,20.5,60.0
Oxford,1991,3,11.5,5.1,2.0,46.1,87.2
Oxford,1991,4,12.2,4.6,1.0,56.3,156.6
Oxford,1991,5,15.3,7.4,0.0,8.6,142.9
Oxford,1991,6,16.8,9.0,0.0,74.8,150.0
Oxford,1991,7,22.2,13.7,0.0,92.8,217.3
Oxford,1991,8,23.2,13.3,0.0,11.6,241.4
Oxford,1991,9,20.2,10.6,0.0,42.9,165.4
Oxford,1991,10,13.4,7.3,0.0,34.2,79.4
Oxford,1991,11,9.9,4.5,2.0,62.2,57.4
Oxford,1991,12,7.0,1.6,11.0,15.9,58.4
Oxford,1992,1,5.9,1.5,12.0,30.4,46.8
Oxford,1992,2,8.9,2.1,8.0,22.0,67.3
Oxford,1992,3,11.0,4.8,1.0,47.7,73.3
Oxford,1992,4,13.2,5.6,2.0,57.7,139.2
Oxford,1992,5,19.7,9.1,0.0,62.2,262.7
Oxford,1992,6,21.4,11.7,0.0,43.4,212.2
Oxford,1992,7,21.1,13.5,0.0,70.1,164.0
Oxford,1992,8,20.3,12.8,0.0,108.9,173.6
Oxford,1992,9,17.6,10.8,0.0,106.9,120.2
Oxford,1992,10,11.2,5.2,2.0,75.7,101.3
Oxford,1992,11,10.9,4.7,0.0,119.9,61.5
Oxford,1992,12,6.4,1.3,11.0,50.7,47.2
Oxford,1993,1,9.6,3.5,5.0,82.4,38.0
Oxford,1993,2,7.1,2.4,4.0,7.1,54.7
Oxford,1993,3,11.0,3.9,3.0,32.7,135.0
Oxford,1993,4,13.2,6.6,0.0,69.2,111.9
Oxford,1993,5,16.6,8.0,0.0,56.6,196.7
Oxford,1993,6,20.7,11.5,0.0,40.1,231.4
Oxford,1993,7,20.8,12.3,0.0,51.3,190.0
Oxford,1993,8,20.5,11.1,0.0,26.7,238.3
Oxford,1993,9,16.7,9.3,0.0,96.1,107.7
Oxford,1993,10,11.9,6.0,3.0,112.4,120.0
Oxford,1993,11,8.0,2.6,8.0,51.0,76.3
Oxford,1993,12,8.7,3.4,4.0,98.0,55.0
Oxford,1994,1,8.5,3.3,2.0,82.2,87.0
Oxford,1994,2,6.7,1.3,8.0,62.4,77.6
Oxford,1994,3,11.7,5.3,0.0,41.9,127.6
Oxford,1994,4,12.5,5.1,0.0,52.0,177.7
Oxford,1994,5,15.3,7.6,0.0,84.5,162.1
Oxford,1994,6,20.6,11.0,0.0,13.5,254.9
Oxford,1994,7,24.8,13.8,0.0,54.2,248.3
Oxford,1994,8,21.1,13.0,0.0,52.5,191.8
Oxford,1994,9,16.6,10.4,0.0,62.6,113.1
Oxford,1994,10,14.1,6.9,0.0,67.4,137.5
Oxford,1994,11,12.7,8.4,0.0,55.7,46.7
Oxford,1994,12,9.6,3.9,5.0,74.6,68.2
Oxford,1995,1,8.5,2.2,7.0,116.3,61.8
Oxford,1995,2,10.4,4.4,1.0,66.0,74.9
Oxford,1995,3,10.5,2.0,6.0,49.3,198.7
Oxford,1995,4,14.3,5.4,3.0,18.9,190.1
Oxford,1995,5,17.8,7.8,0.0,54.1,233.5
Oxford,1995,6,20.0,10.4,0.0,6.6,194.4
Oxford,1995,7,25.1,13.9,0.0,37.8,247.6
Oxford,1995,8,26.4,13.9,0.0,4.4,285.1
Oxford,1995,9,18.3,10.3,0.0,98.8,135.3
Oxford,1995,10,17.3,10.3,0.0,33.2,139.9
Oxford,1995,11,11.3,5.2,5.0,98.2,78.1
Oxford,1995,12,4.6,0.2,15.0,99.8,40.9
Oxford,1996,1,6.6,3.1,7.0,35.5,29.3
Oxford,1996,2,6.2,-0.1,17.0,60.8,103.4
Oxford,1996,3,8.4,1.8,9.0,27.1,76.4
Oxford,1996,4,13.8,4.8,5.0,49.3,148.3
Oxford,1996,5,14.1,5.6,1.0,35.7,185.7
Oxford,1996,6,21.2,10.2,0.0,23.7,290.7
Oxford,1996,7,23.3,12.7,0.0,25.5,256.6
Oxford,1996,8,22.4,12.5,0.0,53.1,211.6
Oxford,1996,9,18.4,10.3,0.0,16.1,125.3
Oxford,1996,10,15.8,8.6,0.0,33.0,130.8
Oxford,1996,11,9.6,2.9,10.0,81.6,101.0
Oxford,1996,12,5.5,0.9,13.0,16.2,55.5
Oxford,1997,1,5.1,-0.2,16.0,11.9,51.4
Oxford,1997,2,10.4,4.2,3.0,76.5,64.2
Oxford,1997,3,13.3,5.5,0.0,7.2,150.2
Oxford,1997,4,14.5,4.9,2.0,17.5,189.9
Oxford,1997,5,17.4,7.4,1.0,61.2,261.4
Oxford,1997,6,18.9,11.3,0.0,66.7,137.1
Oxford,1997,7,22.8,12.9,0.0,25.4,231.7
Oxford,1997,8,24.9,15.7,0.0,104.2,172.0
Oxford,1997,9,19.7,10.7,0.0,18.5,169.7
Oxford,1997,10,14.9,6.6,6.0,57.2,153.8
Oxford,1997,11,11.7,6.1,1.0,94.6,47.1
Oxford,1997,12,9.0,3.6,6.0,58.7,55.7
Oxford,1998,1,8.3,2.9,9.0,60.0,64.0
Oxford,1998,2,11.5,4.1,4.0,8.7,113.0
Oxford,1998,3,11.8,5.4,1.0,57.4,77.5
Oxford,1998,4,11.9,5.1,1.0,107.7,105.8
Oxford,1998,5,18.7,9.1,0.0,20.9,199.8
Oxford,1998,6,19.1,11.5,0.0,75.9,114.0
Oxford,1998,7,21.0,12.4,0.0,29.5,157.0
Oxford,1998,8,22.4,11.9,0.0,26.8,225.0
Oxford,1998,9,19.6,11.8,0.0,119.4,133.8
Oxford,1998,10,14.4,8.2,0.0,116.4,94.5
Oxford,1998,11,9.3,2.2,7.0,69.9,66.3
Oxford,1998,12,9.4,3.2,8.0,72.7,38.1
Oxford,1999,1,9.0,3.4,4.0,91.9,51.1
Oxford,1999,2,8.6,2.9,5.0,32.9,81.3
Oxford,1999,3,11.6,4.8,1.0,28.8,97.4
Oxford,1999,4,14.3,6.1,2.0,57.6,147.6
Oxford,1999,5,18.2,9.7,0.0,50.9,153.6
Oxford,1999,6,19.7,10.1,0.0,65.3,202.1
Oxford,1999,7,24.2,13.3,0.0,7.2,235.4
Oxford,1999,8,21.6,12.9,0.0,98.3,159.2
Oxford,1999,9,20.8,12.4,0.0,102.1,155.2
Oxford,1999,10,15.1,7.1,0.0,70.8,144.8
Oxford,1999,11,10.8,5.3,0.0,41.1,81.1
Oxford,1999,12,8.3,1.7,9.0,89.8,60.9
Oxford,2000,1,8.1,2.0,9.0,19.8,82.1
Oxford,2000,2,10.2,3.8,3.0,78.3,104.9
Oxford,2000,3,11.7,4.2,2.0,11.9,112.6
Oxford,2000,4,12.4,4.8,2.0,137.2,143.4
Oxford,2000,5,17.2,8.6,0.0,67.7,189.8
Oxford,2000,6,20.5,12.2,0.0,19.4,164.6
Oxford,2000,7,20.8,12.3,0.0,28.5,161.2
Oxford,2000,8,22.7,13.3,0.0,58.3,209.4
Oxford,2000,9,19.2,12.1,0.0,87.2,126.1
Oxford,2000,10,14.3,8.2,0.0,119.5,83.9
Oxford,2000,11,10.6,4.8,0.0,99.1,69.2
Oxford,2000,12,8.6,4.2,7.0,99.8,51.9
Oxford,2001,1,6.4,1.2,13.0,57.4,83.3
Oxford,2001,2,8.8,2.0,10.0,68.6,85.0
Oxford,2001,3,9.0,3.1,5.0,75.1,74.1
Oxford,2001,4,12.9,4.8,0.0,72.7,148.2
Oxford,2001,5,18.5,7.9,0.0,35.5,198.3
Oxford,2001,6,20.7,10.6,0.0,23.1,226.8
Oxford,2001,7,23.4,13.4,0.0,57.2,206.1
Oxford,2001,8,22.7,12.9,0.0,92.0,184.1
Oxford,2001,9,17.9,10.5,0.0,35.0,123.0
Oxford,2001,10,17.0,11.1,0.0,92.4,100.9
Oxford,2001,11,11.2,3.9,5.0,38.5,86.9
Oxford,2001,12,6.8,0.2,17.0,29.5,79.2
Oxford,2002,1,9.2,3.4,5.0,57.4,44.4
Oxford,2002,2,11.1,4.4,3.0,70.9,80.5
Oxford,2002,3,12.4,4.6,3.0,33.0,101.1
Oxford,2002,4,15.2,5.2,0.0,43.0,210.0
Oxford,2002,5,16.8,8.4,0.0,58.3,177.5
Oxford,2002,6,20.0,10.3,0.0,42.4,163.3
Oxford,2002,7,22.1,12.0,0.0,89.6,178.8
Oxford,2002,8,22.8,12.9,0.0,53.2,166.2
Oxford,2002,9,19.7,10.0,0.0,24.8,167.1
Oxford,2002,10,14.8,7.1,1.0,109.4,104.8
Oxford,2002,11,11.8,6.4,0.0,133.4,52.3
Oxford,2002,12,8.9,4.1,4.0,98.1,41.3
Oxford,2003,1,7.6,1.8,11.0,81.4,87.7
Oxford,2003,2,8.4,0.6,15.0,17.3,94.4
Oxford,2003,3,13.3,2.7,8.0,25.2,154.8
Oxford,2003,4,15.3,4.6,5.0,36.8,169.8
Oxford,2003,5,17.5,8.1,0.0,48.1,191.2
Oxford,2003,6,22.4,11.8,0.0,55.5,213.6
Oxford,2003,7,23.7,13.4,0.0,53.8,192.0
Oxford,2003,8,25.5,13.5,0.0,3.0,228.4
Oxford,2003,9,21.3,8.1,0.0,17.4,175.3
Oxford,2003,10,14.0,3.9,5.0,31.7,134.8
Oxford,2003,11,12.0,5.7,1.0,89.6,78.9
Oxford,2003,12,8.7,1.8,10.0,70.7,53.6
Oxford,2004,1,8.8,2.7,9.0,66.1,62.7
Oxford,2004,2,8.7,2.9,11.0,25.5,79.1
Oxford,2004,3,10.9,3.4,2.0,51.8,101.5
Oxford,2004,4,14.7,6.2,0.0,68.8,150.3
Oxford,2004,5,18.0,8.6,0.0,41.1,195.5
Oxford,2004,6,21.8,12.0,0.0,23.8,223.6
Oxford,2004,7,22.0,12.2,0.0,83.1,169.5
Oxford,2004,8,23.4,14.2,0.0,135.0,194.1
Oxford,2004,9,20.1,11.7,0.0,28.9,174.4
Oxford,2004,10,14.7,8.6,0.0,131.4,102.4
Oxford,2004,11,10.9,5.8,1.0,34.2,52.4
Oxford,2004,12,8.6,2.8,6.0,37.7,58.3
Oxford,2005,1,9.4,3.8,2.0,18.2,65.4
Oxford,2005,2,7.3,2.1,10.0,20.0,66.3
Oxford,2005,3,11.2,4.7,6.0,44.5,79.3
Oxford,2005,4,14.3,5.7,1.0,50.2,136.3
Oxford,2005,5,17.2,7.6,0.0,31.5,226.4
Oxford,2005,6,21.6,12.0,0.0,93.4,177.6
Oxford,2005,7,22.3,13.4,0.0,34.9,192.0
Oxford,2005,8,23.1,12.2,0.0,31.3,235.7
Oxford,2005,9,20.9,11.9,0.0,38.5,155.4
Oxford,2005,10,17.1,10.9,0.0,53.4,92.0
Oxford,2005,11,9.9,3.1,11.0,38.6,88.0
Oxford,2005,12,7.7,1.8,11.0,50.2,55.7
Oxford,2006,1,7.2,2.2,8.0,16.6,54.9
Oxford,2006,2,6.6,0.8,12.0,33.0,73.1
Oxford,2006,3,9.2,2.0,10.0,59.3,95.5
Oxford,2006,4,13.9,5.4,2.0,36.3,152.5
Oxford,2006,5,17.6,9.0,0.0,104.7,165.7
Oxford,2006,6,23.1,11.7,0.0,5.3,246.2
Oxford,2006,7,27.1,14.9,0.0,87.3,303.7
Oxford,2006,8,21.8,13.1,0.0,58.7,167.2
Oxford,2006,9,22.1,13.5,0.0,90.8,156.5
Oxford,2006,10,17.2,10.6,0.0,118.0,109.0
Oxford,2006,11,12.1,5.1,4.0,86.4,101.2
Oxford,2006,12,9.4,4.3,6.0,68.7,42.7
Oxford,2007,1,10.4,4.8,4.0,73.3,79.8
Oxford,2007,2,9.7,3.7,7.0,81.0,67.6
Oxford,2007,3,12.0,3.7,2.0,36.9,165.4
Oxford,2007,4,17.8,5.6,0.0,1.8,210.7
Oxford,2007,5,17.5,7.1,0.0,135.2,165.5
Oxford,2007,6,20.5,11.3,0.0,78.8,149.0
Oxford,2007,7,20.6,12.2,0.0,105.5,195.1
Oxford,2007,8,21.7,12.0,0.0,38.2,209.2
Oxford,2007,9,19.2,10.3,0.0,17.7,142.6
Oxford,2007,10,15.1,7.9,0.0,68.9,102.5
Oxford,2007,11,11.3,4.3,4.0,56.0,86.9
Oxford,2007,12,8.3,2.4,11.0,60.6,57.2
Oxford,2008,1,10.3,4.7,0.0,81.6,62.4
Oxford,2008,2,10.5,1.7,11.0,16.9,124.1
Oxford,2008,3,10.6,3.5,2.0,90.3,115.2
Oxford,2008,4,13.1,4.7,3.0,46.9,161.2
Oxford,2008,5,18.7,9.5,0.0,106.6,173.2
Oxford,2008,6,20.1,11.1,0.0,67.3,223.8
Oxford,2008,7,22.0,12.8,0.0,90.0,198.5
Oxford,2008,8,20.8,13.9,0.0,77.0,141.8
Oxford,2008,9,17.8,10.2,0.0,73.5,113.5
Oxford,2008,10,14.6,5.7,1.0,39.3,132.2
Oxford,2008,11,10.1,4.8,3.0,94.2,67.0
Oxford,2008,12,6.9,1.3,11.0,37.3,73.5
Oxford,2009,1,6.3,0.2,16.0,47.8,69.3
Oxford,2009,2,7.9,2.0,10.0,54.5,64.5
Oxford,2009,3,12.4,3.2,3.0,20.2,161.4
Oxford,2009,4,15.6,6.1,0.0,36.0,168.4
Oxford,2009,5,18.2,8.3,0.0,44.8,226.1
Oxford,2009,6,22.0,10.7,0.0,49.3,203.3
Oxford,2009,7,22.4,13.1,0.0,72.8,212.3
Oxford,2009,8,22.7,13.3,0.0,46.6,190.6
Oxford,2009,9,20.2,10.6,0.0,9.0,163.7
Oxford,2009,10,16.2,8.4,0.0,44.4,109.7
Oxford,2009,11,12.5,7.0,0.0,105.2,73.5
Oxford,2009,12,6.8,0.8,12.0,89.9,61.5
Oxford,2010,1,4.7,-1.0,17.0,56.4,68.2
Oxford,2010,2,7.1,1.3,7.0,79.8,59.3
Oxford,2010,3,11.3,3.2,8.0,47.6,130.2
Oxford,2010,4,15.8,4.9,0.0,25.5,209.5
Oxford,2010,5,17.6,7.3,0.0,28.6,207.4
Oxford,2010,6,23.0,11.1,0.0,34.5,230.5
Oxford,2010,7,23.9,14.2,0.0,17.9,181.0
Oxford,2010,8,21.4,12.1,0.0,146.2,141.7
Oxford,2010,9,18.8,10.3,0.0,52.5,123.1
Oxford,2010,10,14.5,7.4,2.0,43.4,123.5
Oxford,2010,11,8.2,2.9,10.0,38.6,53.6
Oxford,2010,12,2.7,-2.2,25.0,32.7,25.8
Oxford,2011,1,7.0,1.9,12.0,58.8,49.3
Oxford,2011,2,10.4,4.4,1.0,49.3,34.2
Oxford,2011,3,12.4,3.2,5.0,9.3,141.5
Oxford,2011,4,19.4,7.3,0.0,0.5,211.4
Oxford,2011,5,18.9,8.4,0.0,42.5,208.7
Oxford,2011,6,19.3,10.2,0.0,54.1,188.5
Oxford,2011,7,21.4,10.2,0.0,43.1,179.4
Oxford,2011,8,20.7,11.4,0.0,65.6,157.8
Oxford,2011,9,20.7,10.7,0.0,31.8,151.7
Oxford,2011,10,17.2,9.5,0.0,26.3,130.6
Oxford,2011,11,13.5,6.3,1.0,28.4,64.8
Oxford,2011,12,9.3,3.1,4.0,71.2,62.6
Oxford,2012,1,9.8,3.6,6.0,34.6,85.7
Oxford,2012,2,7.3,1.2,12.0,21.3,71.7
Oxford,2012,3,14.0,3.6,2.0,24.3,164.3
Oxford,2012,4,12.6,4.6,2.0,143.0,135.1
Oxford,2012,5,17.7,9.7,0.0,55.5,185.6
Oxford,2012,6,18.9,11.6,0.0,151.7,128.3
Oxford,2012,7,20.5,12.6,0.0,100.0,178.2
Oxford,2012,8,21.8,13.6,0.0,85.6,168.4
Oxford,2012,9,18.4,9.2,0.0,57.6,173.2
Oxford,2012,10,13.4,7.1,0.0,124.2,85.5
Oxford,2012,11,10.1,4.2,1.0,83.3,74.0
Oxford,2012,12,8.6,2.6,9.0,103.3,61.7
Oxford,2013,1,6.4,1.9,14.0,58.5,47.8
Oxford,2013,2,6.2,0.9,5.0,47.4,72.3
Oxford,2013,3,6.3,0.2,16.0,76.6,60.7
Oxford,2013,4,12.9,3.9,6.0,24.8,177.0
Oxford,2013,5,15.9,6.7,0.0,66.2,193.6
Oxford,2013,6,19.3,10.2,0.0,17.3,181.3
Oxford,2013,7,25.5,13.9,0.0,45.7,297.3
Oxford,2013,8,23.1,13.1,0.0,19.3,205.9
Oxford,2013,9,19.0,9.9,0.0,40.6,123.1
Oxford,2013,10,16.3,9.9,0.0,86.5,101.8
Oxford,2013,11,9.9,3.8,2.0,55.2,85.7
Oxford,2013,12,10.0,3.6,0.0,97.7,63.6
Oxford,2014,1,9.3,3.5,3.0,146.9,77.7
Oxford,2014,2,9.7,4.2,0.0,90.1,97.4
Oxford,2014,3,12.8,3.5,2.0,39.2,135.6
Oxford,2014,4,15.0,6.4,0.0,50.2,149.5
Oxford,2014,5,17.1,8.9,0.0,90.3,185.7
Oxford,2014,6,21.5,11.8,0.0,36.9,236.3
Oxford,2014,7,24.9,13.5,0.0,45.5,264.6
Oxford,2014,8,20.8,11.7,0.0,85.6,190.5
Oxford,2014,9,21.1,11.4,0.0,4.1,143.7
Oxford,2014,10,16.8,9.9,0.0,65.6,116.9
Oxford,2014,11,11.5,5.7,2.0,98.6,60.9
Oxford,2014,12,8.7,2.4,9.0,44.0,96.9
Oxford,2015,1,8.4,1.6,10.0,53.6,81.0
Oxford,2015,2,7.5,1.0,10.0,46.2,80.8
Oxford,2015,3,11.4,3.3,1.0,25.6,122.9
Oxford,2015,4,15.9,4.5,0.0,22.5,214.1
Oxford,2015,5,16.8,7.7,0.0,55.6,183.3
Oxford,2015,6,21.1,10.2,0.0,28.9,242.9
Oxford,2015,7,22.6,12.5,0.0,47.8,201.0
Oxford,2015,8,21.3,13.0,0.0,57.2,135.3
Oxford,2015,9,18.4,8.9,0.0,36.8,164.3
Oxford,2015,10,15.1,7.9,0.0,45.0,84.1
Oxford,2015,11,13.1,7.3,2.0,65.3,33.8
Oxford,2015,12,13.4,8.3,0.0,62.9,38.3
Oxford,2016,1,9.4,3.0,5.0,83.9,59.1
Oxford,2016,2,9.1,2.7,6.0,47.6,112.9
Oxford,2016,3,10.2,2.2,4.0,74.2,123.8
Oxford,2016,4,12.9,4.0,1.0,53.1,163.7
Oxford,2016,5,18.4,8.7,0.0,86.1,202.9
Oxford,2016,6,20.0,11.9,0.0,95.7,100.4
Oxford,2016,7,23.3,13.8,0.0,3.4,227.6
Oxford,2016,8,23.5,13.6,0.0,41.2,204.5
Oxford,2016,9,20.9,13.0,0.0,44.6,113.2
Oxford,2016,10,15.1,7.3,0.0,26.5,112.2
Oxford,2016,11,9.4,3.3,3.0,76.1,88.3
Oxford,2016,12,9.6,3.0,10.0,25.8,62.3
Oxford,2017,1,7.3,0.8,16.0,62.8,64.6
Oxford,2017,2,9.5,4.0,1.0,42.8,58.4
Oxford,2017,3,13.7,5.8,0.0,43.1,115.6
Oxford,2017,4,15.1,4.7,0.0,5.4,174.6
Oxford,2017,5,19.0,9.4,0.0,63.6,169.4
Oxford,2017,6,22.7,12.9,0.0,29.7,213.3
Oxford,2017,7,23.3,13.9,0.0,62.3,179.2
Oxford,2017,8,21.4,12.6,0.0,62.8,176.1
Oxford,2017,9,18.5,10.4,0.0,64.6,119.4
Oxford,2017,10,16.1,9.7,0.0,17.1,97.7
Oxford,2017,11,10.7,3.8,3.0,48.4,99.6
Oxford,2017,12,8.3,2.6,10.0,74.2,55.5
Oxford,2018,1,8.9,3.0,4.0,59.1,67.7
Oxford,2018,2,6.4,0.3,14.0,24.1,117.6
Oxford,2018,3,9.1,2.5,6.0,87.4,79.0
Oxford,2018,4,14.2,7.5,0.0,52.8,121.5
Oxford,2018,5,19.9,8.6,0.0,80.8,234.1
Oxford,2018,6,22.8,11.6,0.0,2.5,252.2
Oxford,2018,7,27.4,14.2,0.0,23.2,280.9
Oxford,2018,8,23.4,13.2,0.0,43.2,198.6
Oxford,2018,9,20.4,10.0,0.0,30.3,169.8
Oxford,2018,10,15.6,7.3,2.0,50.1,117.3
Oxford,2018,11,11.7,5.5,2.0,61.9,82.7
Oxford,2018,12,10.2,4.7,3.0,71.8,53.8
Oxford,2019,1,7.2,1.0,16.0,28.6,50.0
Oxford,2019,2,11.8,2.3,8.0,36.0,127.8
Oxford,2019,3,12.7,5.1,0.0,37.7,128.3
Oxford,2019,4,15.1,4.3,5.0,21.7,158.2
Oxford,2019,5,18.0,7.2,0.0,21.3,203.6
Oxford,2019,6,20.4,10.7,0.0,99.5,165.4
Oxford,2019,7,24.5,13.7,0.0,42.9,212.4
Oxford,2019,8,23.9,13.2,0.0,46.9,215.4
Oxford,2019,9,20.6,10.4,0.0,77.9,176.5
Oxford,2019,10,14.5,7.3,0.0,119.9,83.7
Oxford,2019,11,9.6,4.1,3.0,105.6,55.3
Oxford,2019,12,9.4,3.6,5.0,88.1,72.7
Oxford,2020,1,9.6,4.5,3.0,50.0,71.5
Oxford,2020,2,10.5,3.6,3.0,94.6,88.8
Oxford,2020,3,11.4,3.0,4.0,39.9,158.7
Oxford,2020,4,17.8,5.4,1.0,42.9,232.2
Oxford,2020,5,20.4,7.6,1.0,3.5,322.8
Oxford,2020,6,21.6,11.6,0.0,67.1,206.1
Oxford,2020,7,22.5,12.7,0.0,55.2,201.7
Oxford,2020,8,23.5,14.5,0.0,113.7,172.1
Oxford,2020,9,20.0,10.2,0.0,26.6,174.7
Oxford,2020,10,14.2,8.3,0.0,185.3,72.4
Oxford,2020,11,11.9,6.0,5.0,35.4,62.4
Oxford,2020,12,8.0,3.1,7.0,99.4,60.7
Oxford,2021,1,6.6,1.3,13.0,114.6,41.8
Oxford,2021,2,8.9,2.6,8.0,55.2,73.7
Oxford,2021,3,11.6,3.9,1.0,29.5,105.8
Oxford,2021,4,12.5,1.6,8.0,27.1,213.3
Oxford,2021,5,15.7,6.6,0.0,94.5,159.4
Oxford,2021,6,21.4,12.2,0.0,68.4,181.8
Oxford,2021,7,23.7,14.2,0.0,67.7,210.4
Oxford,2021,8,21.0,13.0,0.0,34.8,143.3
Oxford,2021,9,21.6,12.1,0.0,43.6,148.8
Oxford,2021,10,16.2,9.7,0.0,92.2,104.5
Oxford,2021,11,10.9,4.3,4.0,18.2,73.0
Oxford,2021,12,9.8,4.9,2.0,67.1,33.4
Oxford,2022,1,8.4,1.4,12.0,19.9,86.5
Oxford,2022,2,11.1,4.1,0.0,62.7,99.1
Oxford,2022,3,12.7,4.0,2.0,40.9,154.3
Oxford,2022,4,15.3,4.7,3.0,13.8,182.7
Oxford,2022,5,19.0,9.7,0.0,41.9,202.0
Oxford,2022,6,21.7,11.0,0.0,50.2,256.8
Oxford,2022,7,25.9,13.8,0.0,7.1,228.9
Oxford,2022,8,26.4,14.3,0.0,4.3,247.4
Oxford,2022,9,20.3,11.2,0.0,55.2,128.8
Oxford,2022,10,17.9,9.7,0.0,78.7,160.0
Oxford,2022,11,12.8,7.6,0.0,106.6,84.4
Oxford,2022,12,7.2,0.8,12.0,66.8,61.3
Oxford,2023,1,8.5,2.6,8.0,57.2,91.6
Oxford,2023,2,10.4,3.0,9.0,7.6,91.2
Oxford,2023,3,10.9,4.7,3.0,133.9,71.9
Oxford,2023,4,13.7,5.0,1.0,65.9,157.1
Oxford,2023,5,18.2,8.4,0.0,51.2,228.2
Oxford,2023,6,23.6,12.2,0.0,41.6,242.2
Oxford,2023,7,21.3,13.0,0.0,100.3,183.8
Oxford,2023,8,21.9,13.1,0.0,65.1,195.9
Oxford,2023,9,22.6,13.2,0.0,72.9,154.0
Oxford,2023,10,17.0,9.7,0.0,137.8,107.5
Oxford,2023,11,11.1,4.9,3.0,78.5,88.5
Oxford,2023,12,10.2,5.2,5.0,117.2,21.9
Oxford,2024,1,8.0,2.6,6.0,77.0,70.7
Oxford,2024,2,11.4,5.7,2.0,122.3,49.6
Oxford,2024,3,12.5,5.7,2.0,79.8,103.4
Oxford,2024,4,14.1,6.3,0.0,57.2,156.4
Oxford,2024,5,18.7,9.9,0.0,69.9,179.3
Oxford,2024,6,20.7,10.3,0.0,14.2,255.4
Oxford,2024,7,22.4,12.7,0.0,69.7,202.6
Oxford,2024,8,22.8,13.2,0.0,36.0,202.2
Oxford,2024,9,18.4,10.9,0.0,197.1,97.8
Oxford,2024,10,15.3,8.6,0.0,72.7,100.5
Oxford,2024,11,10.5,5.3,5.0,74.7,54.3
Oxford,2024,12,9.2,5.0,0.0,45.2,19.7
Oxford,2025,1,6.8,0.8,12.0,71.8,50.9
Oxford,2025,2,8.4,2.6,4.0,48.2,66.1
Oxford,2025,3,13.2,2.9,8.0,1.6,161.9
Oxford,2025,4,17.3,4.9,0.0,18.9,258.9
Oxford,2025,5,19.6,8.2,0.0,26.0,266.8
Oxford,2025,6,24.0,13.6,0.0,22.1,268.0
Oxford,2025,7,25.3,14.6,0.0,40.7,217.8
Oxford,2025,8,24.2,13.4,0.0,23.5,205.2
Oxford,2025,9,19.2,10.4,0.0,74.4,178.3
Oxford,2025,10,14.6,9.3,0.0,52.7,60.3
Oxford,2025,11,12.0,6.3,6.0,124.2,81.4
Oxford,2025,12,9.6,4.6,2.0,76.8,68.0
Oxford,2026,1,7.9,2.1,11.0,34.1,71.3
Oxford,2026,2,10.4,6.1,0.0,52.9,47.1
Oxford,2026,3,13.0,4.8,1.0,22.9,145.1
Oxford,2026,4,16.8,5.7,0.0,5.5,238.3
Oxford,2026,5,20.7,9.6,0.0,12.0,239.1
Oxford,2026,6,23.8,14.4,0.0,58.7,231.9
Oxford,2026,7,28.2,14.9,0.0,0.0,353.0
Oxford,2026,8,26.5,14.3,0.0,28.4,267.9
Sheffield,1883,1,6.3,1.7,6.0,122.1,
Sheffield,1883,2,8.0,2.8,2.0,69.8,
Sheffield,1883,3,4.8,-1.6,23.0,29.6,
Sheffield,1883,4,12.2,3.8,2.0,74.0,
Sheffield,1883,5,14.7,6.2,0.0,31.2,
Sheffield,1883,6,17.7,9.3,0.0,66.2,
Sheffield,1883,7,18.8,10.5,0.0,77.6,
Sheffield,1883,8,19.8,10.9,0.0,32.5,
Sheffield,1883,9,16.8,10.0,0.0,137.4,
Sheffield,1883,10,12.7,6.4,0.0,102.9,
Sheffield,1883,11,8.6,3.5,1.0,83.6,
Sheffield,1883,12,7.3,2.4,4.0,48.6,
Sheffield,1884,1,8.4,3.5,3.0,127.7,
Sheffield,1884,2,8.0,2.1,3.0,49.4,
Sheffield,1884,3,9.5,2.5,4.0,50.4,
Sheffield,1884,4,10.6,3.3,4.0,48.0,
Sheffield,1884,5,15.7,6.4,0.0,33.1,
Sheffield,1884,6,18.2,8.7,0.0,39.7,
Sheffield,1884,7,20.8,11.8,0.0,80.1,
Sheffield,1884,8,22.6,11.8,0.0,36.8,
Sheffield,1884,9,18.4,10.5,0.0,34.0,
Sheffield,1884,10,12.3,6.3,0.0,36.5,
Sheffield,1884,11,9.0,3.4,4.0,30.9,
Sheffield,1884,12,6.6,1.7,7.0,81.6,
Sheffield,1885,1,4.7,0.4,15.0,56.9,
Sheffield,1885,2,8.5,2.4,5.0,76.4,
Sheffield,1885,3,7.8,0.8,10.0,41.6,
Sheffield,1885,4,11.6,3.4,3.0,49.5,
Sheffield,1885,5,12.9,4.4,0.0,58.1,
Sheffield,1885,6,18.6,9.2,0.0,76.4,
Sheffield,1885,7,21.0,11.4,0.0,17.8,
Sheffield,1885,8,17.1,9.4,0.0,59.5,
Sheffield,1885,9,16.4,7.8,0.0,85.3,
Sheffield,1885,10,10.5,4.5,0.0,172.5,
Sheffield,1885,11,8.0,3.3,4.0,62.2,
Sheffield,1885,12,7.0,0.9,11.0,31.9,
Sheffield,1886,1,4.5,-0.7,20.0,121.8,
Sheffield,1886,2,3.9,-1.0,20.0,14.2,
Sheffield,1886,3,6.1,0.2,18.0,84.8,
Sheffield,1886,4,10.9,2.8,2.0,47.5,
Sheffield,1886,5,13.9,5.7,0.0,181.0,
Sheffield,1886,6,17.3,8.5,0.0,26.5,
Sheffield,1886,7,20.8,11.5,0.0,94.2,
Sheffield,1886,8,20.8,11.7,0.0,49.7,
Sheffield,1886,9,17.7,9.8,0.0,30.8,
Sheffield,1886,10,13.8,8.1,0.0,125.1,
Sheffield,1886,11,9.7,3.8,0.0,37.0,
Sheffield,1886,12,4.9,-0.5,12.0,127.7,
Sheffield,1887,1,5.1,-0.6,16.0,61.2,
Sheffield,1887,2,7.5,0.6,12.0,13.6,
Sheffield,1887,3,7.1,0.1,16.0,42.5,
Sheffield,1887,4,11.0,5.1,0.0,26.3,
Sheffield,1887,5,12.3,5.3,0.0,46.6,
Sheffield,1887,6,21.0,10.2,0.0,11.2,
Sheffield,1887,7,23.7,12.6,0.0,25.2,
Sheffield,1887,8,20.7,10.6,0.0,40.7,
Sheffield,1887,9,15.3,8.0,0.0,57.2,
Sheffield,1887,10,10.6,4.4,4.0,58.8,
Sheffield,1887,11,7.6,2.6,7.0,41.0,
Sheffield,1887,12,6.2,0.4,15.0,66.8,
Sheffield,1888,1,6.4,1.0,14.0,22.1,
Sheffield,1888,2,4.0,0.0,21.0,49.5,
Sheffield,1888,3,5.3,-0.1,19.0,98.1,
Sheffield,1888,4,8.9,2.7,8.0,52.6,
Sheffield,1888,5,15.8,6.1,0.0,16.3,
Sheffield,1888,6,16.9,8.4,0.0,61.8,
Sheffield,1888,7,16.2,9.6,0.0,129.3,
Sheffield,1888,8,18.0,10.2,0.0,61.1,
Sheffield,1888,9,16.0,8.8,0.0,22.9,
Sheffield,1888,10,11.8,4.5,3.0,17.4,
Sheffield,1888,11,9.7,4.9,0.0,160.2,
Sheffield,1888,12,7.7,2.7,6.0,52.2,
Sheffield,1889,1,6.1,0.9,9.0,39.0,
Sheffield,1889,2,6.0,0.6,14.0,50.8,
Sheffield,1889,3,7.5,1.4,9.0,107.6,
Sheffield,1889,4,9.9,3.6,0.0,92.0,
Sheffield,1889,5,16.4,8.4,0.0,97.7,
Sheffield,1889,6,20.0,10.5,0.0,6.1,
Sheffield,1889,7,18.7,10.8,0.0,62.8,
Sheffield,1889,8,18.7,11.3,0.0,69.6,
Sheffield,1889,9,16.1,9.5,0.0,46.8,
Sheffield,1889,10,11.2,5.5,0.0,100.1,
Sheffield,1889,11,9.4,4.4,4.0,18.2,
Sheffield,1889,12,6.4,1.4,10.0,39.4,
Sheffield,1890,1,8.6,2.3,3.0,103.7,
Sheffield,1890,2,5.7,1.1,10.0,21.4,
Sheffield,1890,3,9.6,3.0,8.0,62.9,
Sheffield,1890,4,9.9,2.9,2.0,20.8,
Sheffield,1890,5,16.2,6.8,0.0,79.9,
Sheffield,1890,6,17.2,10.0,0.0,48.4,
Sheffield,1890,7,17.7,10.8,0.0,57.4,
Sheffield,1890,8,18.0,10.8,0.0,78.2,
Sheffield,1890,9,19.4,11.0,0.0,37.5,
Sheffield,1890,10,13.5,7.0,1.0,37.1,
Sheffield,1890,11,9.0,2.8,6.0,122.4,
Sheffield,1890,12,1.9,-2.3,25.0,16.8,
Sheffield,1891,1,4.4,-0.8,18.0,59.5,
Sheffield,1891,2,8.8,1.4,9.0,1.8,
Sheffield,1891,3,7.0,1.1,10.0,53.6,
Sheffield,1891,4,8.5,1.9,3.0,53.0,
Sheffield,1891,5,13.1,5.3,1.0,86.8,
Sheffield,1891,6,18.0,9.7,0.0,89.2,
Sheffield,1891,7,18.9,11.0,0.0,57.6,
Sheffield,1891,8,17.5,10.9,0.0,83.5,
Sheffield,1891,9,18.3,10.4,0.0,58.5,
Sheffield,1891,10,12.8,6.1,0.0,102.6,
Sheffield,1891,11,8.1,3.1,6.0,71.3,
Sheffield,1891,12,7.1,1.0,9.0,161.4,
Sheffield,1892,1,4.3,0.1,15.0,63.1,
Sheffield,1892,2,5.4,0.4,12.0,89.8,
Sheffield,1892,3,5.7,-0.7,20.0,33.7,
Sheffield,1892,4,12.0,2.4,7.0,24.0,
Sheffield,1892,5,15.2,6.8,0.0,102.4,
Sheffield,1892,6,17.1,8.8,0.0,104.0,
Sheffield,1892,7,16.8,9.8,0.0,80.2,
Sheffield,1892,8,19.1,11.1,0.0,69.1,
Sheffield,1892,9,15.8,8.7,0.0,88.6,
Sheffield,1892,10,10.3,4.1,2.0,143.7,
Sheffield,1892,11,9.0,3.9,4.0,44.2,
Sheffield,1892,12,4.8,-0.3,16.0,22.8,
Sheffield,1893,1,4.6,0.4,14.0,47.2,
Sheffield,1893,2,7.0,1.6,7.0,112.0,
Sheffield,1893,3,12.6,3.4,5.0,19.8,
Sheffield,1893,4,15.1,3.8,0.0,19.5,
Sheffield,1893,5,16.9,7.4,0.0,73.7,
Sheffield,1893,6,19.3,10.0,0.0,34.0,
Sheffield,1893,7,19.9,11.5,0.0,77.3,
Sheffield,1893,8,21.9,12.7,0.0,40.7,
Sheffield,1893,9,16.7,8.8,0.0,31.2,
Sheffield,1893,10,13.8,6.5,1.0,45.9,
Sheffield,1893,11,8.1,2.0,7.0,49.1,
Sheffield,1893,12,7.8,1.8,7.0,104.5,
Sheffield,1894,1,5.6,0.6,11.0,77.1,
Sheffield,1894,2,8.4,1.5,9.0,132.1,
Sheffield,1894,3,10.9,1.8,5.0,48.4,
Sheffield,1894,4,13.1,5.1,0.0,70.0,
Sheffield,1894,5,12.2,4.8,1.0,49.1,
Sheffield,1894,6,17.4,9.4,0.0,60.6,
Sheffield,1894,7,20.3,11.2,0.0,83.0,
Sheffield,1894,8,17.3,10.6,0.0,54.5,
Sheffield,1894,9,14.4,8.5,0.0,26.1,
Sheffield,1894,10,11.7,6.0,2.0,128.2,
Sheffield,1894,11,10.5,5.7,0.0,37.6,
Sheffield,1894,12,7.8,2.8,5.0,64.8,
Sheffield,1895,1,2.0,-2.5,23.0,115.5,
Sheffield,1895,2,1.6,-4.2,24.0,5.8,
Sheffield,1895,3,8.6,2.1,7.0,56.6,
Sheffield,1895,4,12.2,4.2,5.0,49.6,
Sheffield,1895,5,16.9,7.0,0.0,28.8,
Sheffield,1895,6,19.2,9.6,0.0,57.1,
Sheffield,1895,7,19.0,11.4,0.0,112.4,
Sheffield,1895,8,20.0,12.0,0.0,55.5,
Sheffield,1895,9,21.0,10.7,0.0,19.9,
Sheffield,1895,10,10.8,3.9,6.0,87.3,
Sheffield,1895,11,10.0,4.7,1.0,114.5,
Sheffield,1895,12,5.8,1.5,10.0,95.1,
Sheffield,1896,1,7.4,3.0,5.0,29.7,
Sheffield,1896,2,7.5,2.0,8.0,28.8,
Sheffield,1896,3,9.8,3.1,1.0,89.5,
Sheffield,1896,4,12.6,5.3,0.0,46.0,
Sheffield,1896,5,16.4,6.6,0.0,10.4,
Sheffield,1896,6,20.4,11.2,0.0,79.1,
Sheffield,1896,7,20.6,11.7,0.0,23.6,
Sheffield,1896,8,17.3,10.6,0.0,43.6,
Sheffield,1896,9,15.8,9.6,0.0,126.8,
Sheffield,1896,10,9.8,4.0,0.0,76.9,
Sheffield,1896,11,7.4,2.5,4.0,28.8,
Sheffield,1896,12,6.2,1.9,9.0,98.6,
Sheffield,1897,1,3.2,-0.8,17.0,65.8,
Sheffield,1897,2,7.5,3.1,9.0,96.5,
Sheffield,1897,3,9.5,3.3,2.0,92.7,
Sheffield,1897,4,10.0,2.9,5.0,51.4,
Sheffield,1897,5,14.3,5.1,0.0,26.3,
Sheffield,1897,6,19.1,10.2,0.0,90.9,
Sheffield,1897,7,20.3,11.3,0.0,14.0,
Sheffield,1897,8,20.7,11.5,0.0,55.7,
Sheffield,1897,9,15.6,8.5,0.0,60.1,
Sheffield,1897,10,13.0,6.5,0.0,26.1,
Sheffield,1897,11,9.9,5.2,0.0,82.5,
Sheffield,1897,12,7.9,2.3,4.0,81.8,
Sheffield,1898,1,9.3,4.5,1.0,28.4,
Sheffield,1898,2,7.5,1.8,8.0,58.5,
Sheffield,1898,3,7.4,1.0,10.0,40.8,
Sheffield,1898,4,11.9,4.2,1.0,82.9,
Sheffield,1898,5,13.0,5.9,0.0,66.9,
Sheffield,1898,6,17.6,9.2,0.0,32.3,
Sheffield,1898,7,19.4,10.9,0.0,41.7,
Sheffield,1898,8,20.5,11.9,0.0,86.2,
Sheffield,1898,9,19.7,10.9,0.0,13.8,
Sheffield,1898,10,14.2,8.6,0.0,84.0,
Sheffield,1898,11,9.6,4.8,2.0,71.9,
Sheffield,1898,12,9.6,4.5,3.0,81.7,
Sheffield,1899,1,7.3,2.2,7.0,112.3,
Sheffield,1899,2,8.1,1.8,11.0,51.2,
Sheffield,1899,3,9.3,1.6,11.0,31.9,
Sheffield,1899,4,11.0,4.4,1.0,60.1,
Sheffield,1899,5,13.4,5.1,0.0,63.7,
Sheffield,1899,6,20.1,10.2,0.0,63.8,
Sheffield,1899,7,21.2,13.0,0.0,51.4,
Sheffield,1899,8,22.0,12.4,0.0,23.0,
Sheffield,1899,9,16.6,9.6,0.0,97.7,
Sheffield,1899,10,13.5,5.9,1.0,73.3,
Sheffield,1899,11,11.2,6.2,2.0,50.7,
Sheffield,1899,12,4.5,-0.1,15.0,73.0,
Sheffield,1900,1,6.2,2.1,1.0,101.0,
Sheffield,1900,2,5.0,-0.2,14.0,113.0,
Sheffield,1900,3,6.0,0.7,10.0,20.4,
Sheffield,1900,4,12.7,3.9,4.0,36.0,
Sheffield,1900,5,13.6,6.0,0.0,43.7,
Sheffield,1900,6,18.9,10.5,0.0,78.2,
Sheffield,1900,7,22.5,13.3,0.0,71.5,
Sheffield,1900,8,18.7,11.3,0.0,109.5,
Sheffield,1900,9,17.7,9.6,0.0,12.9,
Sheffield,1900,10,13.0,6.5,0.0,66.6,
Sheffield,1900,11,9.1,5.1,0.0,67.7,
Sheffield,1900,12,9.4,4.8,0.0,116.7,
Sheffield,1901,1,5.5,0.7,12.0,64.6,
Sheffield,1901,2,4.7,0.4,14.0,29.2,
Sheffield,1901,3,7.0,1.0,11.0,60.4,
Sheffield,1901,4,13.1,3.9,1.0,43.8,
Sheffield,1901,5,15.9,6.3,0.0,23.9,
Sheffield,1901,6,18.3,9.2,0.0,27.5,
Sheffield,1901,7,22.6,13.5,0.0,82.1,
Sheffield,1901,8,20.6,11.9,0.0,30.7,
Sheffield,1901,9,17.3,10.0,0.0,22.0,
Sheffield,1901,10,12.7,5.9,1.0,50.2,
Sheffield,1901,11,8.2,2.9,10.0,112.0,
Sheffield,1901,12,5.5,1.2,11.0,164.2,
Sheffield,1902,1,7.3,2.5,11.0,37.6,
Sheffield,1902,2,3.7,-0.8,17.0,44.5,
Sheffield,1902,3,10.5,3.6,1.0,38.4,
Sheffield,1902,4,11.2,3.1,1.0,74.4,
Sheffield,1902,5,11.9,5.1,0.0,75.0,
Sheffield,1902,6,17.8,9.3,0.0,43.4,
Sheffield,1902,7,18.4,10.4,0.0,51.4,
Sheffield,1902,8,17.2,9.9,0.0,120.4,
Sheffield,1902,9,16.5,9.2,0.0,50.9,
Sheffield,1902,10,12.1,6.9,0.0,81.4,
Sheffield,1902,11,9.1,4.6,2.0,63.6,
Sheffield,1902,12,7.0,2.7,8.0,68.2,
Sheffield,1903,1,6.3,1.8,8.0,90.3,
Sheffield,1903,2,9.6,4.1,1.0,66.4,
Sheffield,1903,3,10.4,3.4,0.0,97.2,
Sheffield,1903,4,10.0,2.7,7.0,48.4,
Sheffield,1903,5,14.0,6.5,0.0,97.4,
Sheffield,1903,6,17.0,8.7,0.0,30.1,
Sheffield,1903,7,19.2,11.5,0.0,58.9,
Sheffield,1903,8,17.6,10.7,0.0,107.8,
Sheffield,1903,9,16.6,9.1,0.0,100.5,
Sheffield,1903,10,12.8,7.3,0.0,182.6,
Sheffield,1903,11,9.3,4.1,2.0,42.8,
Sheffield,1903,12,5.2,1.2,8.0,44.7,
Sheffield,1904,1,6.6,1.7,7.0,80.6,
Sheffield,1904,2,4.9,0.8,7.0,131.7,
Sheffield,1904,3,7.3,1.3,7.0,52.1,
Sheffield,1904,4,12.1,5.2,0.0,60.4,
Sheffield,1904,5,14.5,6.8,0.0,63.1,
Sheffield,1904,6,17.3,9.1,0.0,17.3,
Sheffield,1904,7,21.3,12.3,0.0,50.5,
Sheffield,1904,8,19.2,11.1,0.0,96.1,
Sheffield,1904,9,16.9,8.7,0.0,28.1,
Sheffield,1904,10,13.4,6.8,0.0,17.3,
Sheffield,1904,11,8.7,3.7,6.0,57.2,
Sheffield,1904,12,6.5,1.6,11.0,46.8,
Sheffield,1905,1,6.5,1.6,13.0,35.9,
Sheffield,1905,2,7.5,2.5,4.0,32.4,
Sheffield,1905,3,10.4,3.5,0.0,72.0,
Sheffield,1905,4,10.1,3.8,3.0,59.5,
Sheffield,1905,5,14.9,6.5,0.0,10.5,
Sheffield,1905,6,19.0,10.0,0.0,77.5,
Sheffield,1905,7,21.8,13.3,0.0,40.6,
Sheffield,1905,8,18.5,11.0,0.0,103.0,
Sheffield,1905,9,15.7,9.3,0.0,28.9,
Sheffield,1905,10,10.4,4.5,0.0,44.7,
Sheffield,1905,11,7.5,2.9,3.0,99.1,
Sheffield,1905,12,7.5,3.0,3.0,14.9,
Sheffield,1906,1,7.2,2.9,4.0,97.8,
Sheffield,1906,2,5.6,0.4,14.0,76.4,
Sheffield,1906,3,8.6,1.5,13.0,59.5,
Sheffield,1906,4,12.0,2.2,4.0,16.0,
Sheffield,1906,5,13.9,6.9,0.0,48.9,
Sheffield,1906,6,18.6,9.9,0.0,44.9,
Sheffield,1906,7,20.4,11.6,0.0,36.9,
Sheffield,1906,8,21.3,12.8,0.0,44.1,
Sheffield,1906,9,18.7,10.0,0.0,17.9,
Sheffield,1906,10,13.8,7.8,0.0,141.4,
Sheffield,1906,11,10.2,5.0,1.0,86.4,
Sheffield,1906,12,5.9,0.8,12.0,77.4,
Sheffield,1907,1,6.4,1.3,10.0,35.2,
Sheffield,1907,2,6.0,0.4,13.0,57.6,
Sheffield,1907,3,11.1,2.8,5.0,65.5,
Sheffield,1907,4,11.0,3.8,2.0,56.7,
Sheffield,1907,5,13.7,6.5,0.0,97.3,
Sheffield,1907,6,15.9,9.0,0.0,92.2,
Sheffield,1907,7,17.1,10.0,0.0,53.2,
Sheffield,1907,8,18.2,10.6,0.0,55.9,
Sheffield,1907,9,18.3,9.3,0.0,11.6,
Sheffield,1907,10,13.0,6.7,0.0,136.8,
Sheffield,1907,11,9.5,4.5,3.0,84.4,
Sheffield,1907,12,6.6,2.2,7.0,57.0,
Sheffield,1908,1,5.8,0.5,16.0,46.3,
Sheffield,1908,2,7.9,2.8,3.0,58.7,
Sheffield,1908,3,6.9,1.0,13.0,80.2,
Sheffield,1908,4,9.0,2.3,5.0,60.2,
Sheffield,1908,5,16.8,8.3,0.0,59.4,
Sheffield,1908,6,18.2,9.4,0.0,39.6,
Sheffield,1908,7,19.5,11.6,0.0,64.8,
Sheffield,1908,8,18.1,10.6,0.0,78.4,
Sheffield,1908,9,16.7,9.4,0.0,39.4,
Sheffield,1908,10,15.3,9.0,0.0,28.9,
Sheffield,1908,11,10.2,4.6,3.0,38.1,
Sheffield,1908,12,6.1,1.5,7.0,51.6,
Sheffield,1909,1,6.2,1.2,9.0,51.8,
Sheffield,1909,2,5.9,0.5,17.0,16.7,
Sheffield,1909,3,6.4,0.7,16.0,108.0,
Sheffield,1909,4,13.9,4.1,2.0,43.2,
Sheffield,1909,5,15.6,5.8,0.0,50.4,
Sheffield,1909,6,15.1,8.2,0.0,79.4,
Sheffield,1909,7,18.1,11.2,0.0,84.4,
Sheffield,1909,8,20.3,11.5,0.0,55.1,
Sheffield,1909,9,14.7,9.0,0.0,57.3,
Sheffield,1909,10,13.7,6.9,1.0,72.6,
Sheffield,1909,11,8.1,3.2,4.0,17.7,
Sheffield,1909,12,6.1,1.6,8.0,167.5,
Sheffield,1910,1,6.0,1.0,11.0,75.0,
Sheffield,1910,2,7.5,2.1,3.0,89.5,
Sheffield,1910,3,10.0,2.9,2.0,22.7,
Sheffield,1910,4,10.8,3.2,2.0,61.4,
Sheffield,1910,5,14.8,6.9,0.0,60.8,
Sheffield,1910,6,18.8,10.4,0.0,66.1,
Sheffield,1910,7,17.7,10.3,0.0,45.9,
Sheffield,1910,8,18.7,11.6,0.0,87.9,
Sheffield,1910,9,15.6,9.5,0.0,7.6,
Sheffield,1910,10,13.3,8.2,0.0,58.8,
Sheffield,1910,11,5.9,0.9,8.0,102.2,
Sheffield,1910,12,8.2,4.0,2.0,109.5,
Sheffield,1911,1,6.2,1.7,7.0,31.8,
Sheffield,1911,2,7.6,2.5,2.0,74.3,
Sheffield,1911,3,7.0,2.2,1.0,30.9,
Sheffield,1911,4,10.7,4.1,4.0,35.3,
Sheffield,1911,5,17.3,8.5,0.0,25.1,
Sheffield,1911,6,18.8,9.6,0.0,53.5,
Sheffield,1911,7,23.4,12.4,0.0,3.8,
Sheffield,1911,8,23.0,13.4,0.0,43.8,
Sheffield,1911,9,18.6,9.4,0.0,54.1,
Sheffield,1911,10,11.8,6.5,1.0,55.7,
Sheffield,1911,11,8.5,3.7,1.0,101.3,
Sheffield,1911,12,8.1,3.8,0.0,137.2,
Sheffield,1912,1,5.4,1.2,9.0,128.3,
Sheffield,1912,2,7.3,2.5,6.0,40.7,
Sheffield,1912,3,9.7,4.2,1.0,87.4,
Sheffield,1912,4,12.9,4.3,1.0,12.9,
Sheffield,1912,5,15.3,7.8,0.0,93.0,
Sheffield,1912,6,17.5,10.0,0.0,98.5,
Sheffield,1912,7,18.8,11.9,0.0,131.0,
Sheffield,1912,8,16.0,9.6,0.0,144.5,
Sheffield,1912,9,14.3,8.0,0.0,30.0,
Sheffield,1912,10,12.5,5.2,0.0,72.3,
Sheffield,1912,11,8.8,4.5,3.0,58.0,
Sheffield,1912,12,9.3,4.1,1.0,100.5,
Sheffield,1913,1,6.0,1.5,9.0,95.5,
Sheffield,1913,2,8.3,2.2,4.0,30.4,
Sheffield,1913,3,8.8,2.6,1.0,110.8,
Sheffield,1913,4,11.3,4.0,2.0,77.7,
Sheffield,1913,5,15.5,7.3,0.0,55.3,
Sheffield,1913,6,18.2,9.8,0.0,20.8,
Sheffield,1913,7,17.7,10.8,0.0,39.7,
Sheffield,1913,8,19.1,11.1,0.0,31.2,
Sheffield,1913,9,17.4,10.5,0.0,76.1,
Sheffield,1913,10,13.6,8.2,0.0,105.2,
Sheffield,1913,11,11.1,5.7,1.0,82.0,
Sheffield,1913,12,7.3,3.4,5.0,49.3,
Sheffield,1914,1,6.1,2.0,10.0,41.0,
Sheffield,1914,2,9.5,4.2,0.0,50.2,
Sheffield,1914,3,9.1,3.1,1.0,66.3,
Sheffield,1914,4,14.8,5.2,0.0,33.7,
Sheffield,1914,5,14.6,6.6,1.0,37.6,
Sheffield,1914,6,19.1,10.0,0.0,55.5,
Sheffield,1914,7,20.2,12.3,0.0,63.5,
Sheffield,1914,8,20.7,12.0,0.0,32.5,
Sheffield,1914,9,17.6,9.1,0.0,40.7,
Sheffield,1914,10,13.1,7.9,0.0,57.5,
Sheffield,1914,11,9.2,4.4,0.0,101.4,
Sheffield,1914,12,6.6,2.4,2.0,154.6,
Sheffield,1915,1,6.2,2.1,1.0,90.9,
Sheffield,1915,2,6.6,1.3,8.0,106.4,
Sheffield,1915,3,8.7,2.0,10.0,27.0,
Sheffield,1915,4,11.5,4.0,0.0,31.2,
Sheffield,1915,5,15.0,5.8,0.0,37.7,
Sheffield,1915,6,19.0,9.5,0.0,39.6,
Sheffield,1915,7,18.3,11.2,0.0,108.2,
Sheffield,1915,8,19.3,11.6,0.0,56.5,
Sheffield,1915,9,17.5,9.5,0.0,16.7,
Sheffield,1915,10,11.8,6.5,0.0,41.4,
Sheffield,1915,11,6.1,1.5,6.0,81.4,
Sheffield,1915,12,7.2,2.8,1.0,198.0,
Sheffield,1916,1,10.4,5.0,0.0,44.5,
Sheffield,1916,2,5.9,1.0,5.0,136.3,
Sheffield,1916,3,5.0,0.4,14.0,126.3,
Sheffield,1916,4,12.4,4.4,0.0,35.4,
Sheffield,1916,5,15.5,7.4,0.0,67.3,
Sheffield,1916,6,15.1,8.0,0.0,56.0,
Sheffield,1916,7,18.9,11.6,0.0,30.6,
Sheffield,1916,8,20.8,12.6,0.0,37.0,
Sheffield,1916,9,16.2,9.4,0.0,38.2,
Sheffield,1916,10,13.6,7.5,0.0,90.7,
Sheffield,1916,11,9.5,4.5,1.0,100.1,
Sheffield,1916,12,4.9,0.5,9.0,78.3,
Sheffield,1917,1,3.1,0.3,16.0,54.2,
Sheffield,1917,2,4.0,-0.8,15.0,16.2,
Sheffield,1917,3,5.9,-0.1,15.0,64.0,
Sheffield,1917,4,8.7,1.4,11.0,45.9,
Sheffield,1917,5,17.2,7.7,1.0,43.0,
Sheffield,1917,6,19.4,10.3,0.0,65.1,
Sheffield,1917,7,20.4,11.7,0.0,26.2,
Sheffield,1917,8,19.0,12.2,0.0,128.6,
Sheffield,1917,9,18.1,10.8,0.0,21.6,
Sheffield,1917,10,11.2,4.4,0.0,101.9,
Sheffield,1917,11,10.9,6.2,1.0,54.6,
Sheffield,1917,12,5.2,0.7,10.0,38.3,
Sheffield,1918,1,6.4,1.3,10.0,66.8,
Sheffield,1918,2,8.9,3.7,4.0,73.1,
Sheffield,1918,3,9.1,2.4,6.0,36.7,
Sheffield,1918,4,10.0,3.4,1.0,34.8,
Sheffield,1918,5,17.9,8.3,0.0,69.0,
Sheffield,1918,6,17.3,9.0,0.0,14.8,
Sheffield,1918,7,,,,103.7,
Sheffield,1918,8,,,,44.7,
Sheffield,1918,9,,,,178.5,
Sheffield,1918,10,,,,50.2,
Sheffield,1918,11,,,,39.6,
Sheffield,1918,12,,,,116.4,
Sheffield,1919,1,,,,112.3,
Sheffield,1919,2,,,,56.6,
Sheffield,1919,3,,,,114.8,
Sheffield,1919,4,,,,43.6,
Sheffield,1919,5,,,,41.1,
Sheffield,1919,6,,,,13.2,
Sheffield,1919,7,,,,116.4,
Sheffield,1919,8,,,,76.4,
Sheffield,1919,9,,,,63.1,
Sheffield,1919,10,,,,78.1,
Sheffield,1919,11,,,,57.5,
Sheffield,1919,12,,,,136.6,
Sheffield,1920,1,7.9,2.2,4.0,104.9,
Sheffield,1920,2,8.8,3.0,1.0,81.0,
Sheffield,1920,3,10.7,3.7,3.0,56.8,
Sheffield,1920,4,10.4,4.8,0.0,122.6,
Sheffield,1920,5,15.7,7.5,0.0,79.1,
Sheffield,1920,6,18.4,9.6,0.0,88.1,
Sheffield,1920,7,17.5,10.8,0.0,110.8,
Sheffield,1920,8,17.1,10.3,0.0,22.6,
Sheffield,1920,9,16.6,9.4,0.0,28.6,
Sheffield,1920,10,13.4,7.5,0.0,50.5,
Sheffield,1920,11,9.5,4.9,1.0,29.2,
Sheffield,1920,12,6.6,2.5,5.0,82.7,
Sheffield,1921,1,9.5,4.5,2.0,85.3,
Sheffield,1921,2,7.1,2.7,2.0,8.6,
Sheffield,1921,3,10.6,4.1,1.0,48.6,
Sheffield,1921,4,12.4,4.2,2.0,23.4,
Sheffield,1921,5,16.1,6.7,0.0,31.8,
Sheffield,1921,6,19.3,9.6,0.0,8.4,
Sheffield,1921,7,23.8,12.7,0.0,11.5,
Sheffield,1921,8,19.2,11.7,0.0,121.5,
Sheffield,1921,9,18.5,10.3,0.0,28.4,
Sheffield,1921,10,16.7,9.6,0.0,56.3,
Sheffield,1921,11,7.2,2.4,6.0,48.8,
Sheffield,1921,12,9.2,4.1,2.0,105.7,
Sheffield,1922,1,5.3,0.9,9.0,111.5,
Sheffield,1922,2,6.8,0.9,11.0,81.1,
Sheffield,1922,3,6.7,1.6,4.0,50.9,
Sheffield,1922,4,8.9,1.7,3.0,96.6,
Sheffield,1922,5,17.9,8.3,0.0,20.7,
Sheffield,1922,6,18.2,9.1,0.0,32.1,
Sheffield,1922,7,17.2,9.9,0.0,83.3,
Sheffield,1922,8,16.8,10.2,0.0,197.7,
Sheffield,1922,9,15.3,8.9,0.0,72.6,
Sheffield,1922,10,11.4,5.5,0.0,26.0,
Sheffield,1922,11,9.1,3.7,1.0,37.3,
Sheffield,1922,12,7.8,3.5,1.0,94.4,
Sheffield,1923,1,8.5,4.1,0.0,36.2,
Sheffield,1923,2,7.0,2.3,4.0,153.0,
Sheffield,1923,3,9.5,3.3,1.0,46.8,
Sheffield,1923,4,10.5,3.8,0.0,59.2,
Sheffield,1923,5,12.5,5.4,0.0,80.8,
Sheffield,1923,6,15.3,8.9,0.0,19.6,
Sheffield,1923,7,,,,119.6,
Sheffield,1923,8,,,,73.3,
Sheffield,1923,9,,,,59.1,
Sheffield,1923,10,,,,51.8,
Sheffield,1923,11,,,,115.4,
Sheffield,1923,12,,,,69.1,
Sheffield,1924,1,6.6,2.3,8.0,54.2,
Sheffield,1924,2,5.6,1.2,11.0,31.3,
Sheffield,1924,3,7.5,-0.3,18.0,21.8,
Sheffield,1924,4,10.8,2.9,3.0,49.1,
Sheffield,1924,5,15.2,7.6,0.0,93.8,
Sheffield,1924,6,17.9,10.1,0.0,40.4,
Sheffield,1924,7,19.2,11.5,0.0,65.6,
Sheffield,1924,8,17.5,10.7,0.0,63.2,
Sheffield,1924,9,16.2,10.3,0.0,89.3,
Sheffield,1924,10,12.9,7.2,0.0,102.3,
Sheffield,1924,11,9.4,5.1,0.0,55.6,
Sheffield,1924,12,9.0,5.1,0.0,73.5,
Sheffield,1925,1,7.5,2.7,1.0,84.8,
Sheffield,1925,2,7.6,1.9,3.0,98.2,
Sheffield,1925,3,7.6,2.4,7.0,24.3,
Sheffield,1925,4,11.1,3.6,1.0,75.0,
Sheffield,1925,5,15.8,7.7,0.0,94.6,
Sheffield,1925,6,19.3,10.2,0.0,2.2,
Sheffield,1925,7,21.8,12.6,0.0,23.2,
Sheffield,1925,8,19.5,12.1,0.0,79.4,
Sheffield,1925,9,14.9,8.2,0.0,60.8,
Sheffield,1925,10,13.7,7.2,0.0,91.2,
Sheffield,1925,11,6.5,1.6,12.0,62.0,
Sheffield,1925,12,5.3,0.8,14.0,78.2,
Sheffield,1926,1,6.8,2.2,9.0,83.8,
Sheffield,1926,2,9.0,4.0,4.0,55.6,
Sheffield,1926,3,9.1,3.2,3.0,35.2,
Sheffield,1926,4,13.2,5.7,0.0,45.1,
Sheffield,1926,5,13.5,6.0,0.0,74.1,
Sheffield,1926,6,17.6,9.6,0.0,77.5,
Sheffield,1926,7,20.9,13.0,0.0,62.1,
Sheffield,1926,8,20.6,11.9,0.0,70.2,
Sheffield,1926,9,17.8,10.4,0.0,34.1,
Sheffield,1926,10,11.2,5.0,3.0,78.0,
Sheffield,1926,11,8.6,3.3,1.0,95.0,
Sheffield,1926,12,6.7,2.4,4.0,30.7,
Sheffield,1927,1,7.2,2.7,4.0,47.9,
Sheffield,1927,2,7.4,1.8,8.0,38.2,
Sheffield,1927,3,10.3,3.9,0.0,74.6,
Sheffield,1927,4,11.7,4.5,0.0,56.7,
Sheffield,1927,5,14.4,6.3,0.0,33.8,
Sheffield,1927,6,15.8,8.3,0.0,105.4,
Sheffield,1927,7,19.0,11.9,0.0,67.5,
Sheffield,1927,8,19.4,12.1,0.0,127.5,
Sheffield,1927,9,15.5,9.6,0.0,99.8,
Sheffield,1927,10,13.4,7.2,0.0,64.5,
Sheffield,1927,11,8.5,3.7,2.0,84.2,
Sheffield,1927,12,3.0,0.0,11.0,66.7,
Sheffield,1928,1,8.0,2.5,1.0,167.7,
Sheffield,1928,2,8.9,2.8,1.0,104.9,
Sheffield,1928,3,8.7,2.9,4.0,72.2,
Sheffield,1928,4,11.8,4.0,2.0,31.9,
Sheffield,1928,5,13.8,6.3,0.0,31.9,
Sheffield,1928,6,16.6,8.6,0.0,77.2,
Sheffield,1928,7,20.3,12.2,0.0,17.7,
Sheffield,1928,8,19.5,11.4,0.0,64.3,
Sheffield,1928,9,17.0,8.8,0.0,6.0,
Sheffield,1928,10,12.9,7.1,0.0,122.0,
Sheffield,1928,11,10.4,5.3,1.0,118.1,
Sheffield,1928,12,6.0,1.4,9.0,57.2,
Sheffield,1929,1,3.8,0.3,12.0,40.5,23.7
Sheffield,1929,2,2.6,-2.5,17.0,17.1,16.9
Sheffield,1929,3,12.1,2.4,6.0,3.3,
Sheffield,1929,4,10.1,2.9,3.0,25.9,108.0
Sheffield,1929,5,15.9,6.7,0.0,52.1,188.3
Sheffield,1929,6,17.3,9.3,0.0,38.0,192.0
Sheffield,1929,7,20.9,11.9,0.0,25.3,193.8
Sheffield,1929,8,19.1,11.2,0.0,47.7,154.2
Sheffield,1929,9,20.1,10.9,0.0,37.3,178.9
Sheffield,1929,10,12.7,6.4,0.0,85.9,106.8
Sheffield,1929,11,9.4,3.9,4.0,153.2,57.5
Sheffield,1929,12,7.8,3.1,2.0,186.2,56.0
Sheffield,1930,1,8.1,2.4,6.0,120.5,54.2
Sheffield,1930,2,4.4,0.6,12.0,22.2,29.1
Sheffield,1930,3,8.1,2.1,9.0,76.2,88.2
Sheffield,1930,4,11.0,4.8,0.0,64.5,75.1
Sheffield,1930,5,14.1,6.6,0.0,38.3,119.9
Sheffield,1930,6,19.7,10.5,0.0,27.1,187.7
Sheffield,1930,7,18.6,11.4,0.0,149.4,162.1
Sheffield,1930,8,19.9,11.9,0.0,62.3,179.2
Sheffield,1930,9,16.7,10.5,0.0,127.9,111.5
Sheffield,1930,10,13.4,7.6,0.0,79.1,123.7
Sheffield,1930,11,9.3,3.5,4.0,83.4,67.9
Sheffield,1930,12,6.5,1.8,7.0,68.3,16.5
Sheffield,1931,1,6.1,1.2,7.0,61.0,48.0
Sheffield,1931,2,5.8,1.6,5.0,83.4,44.8
Sheffield,1931,3,7.3,-0.3,17.0,5.4,114.1
Sheffield,1931,4,10.8,4.7,1.0,83.8,101.2
Sheffield,1931,5,15.3,7.2,0.0,78.3,147.9
Sheffield,1931,6,17.8,10.5,0.0,111.8,133.9
Sheffield,1931,7,19.2,12.3,0.0,104.1,128.6
Sheffield,1931,8,17.8,10.5,0.0,145.2,145.7
Sheffield,1931,9,15.0,9.1,0.0,94.3,80.4
Sheffield,1931,10,12.8,5.5,5.0,20.0,122.8
Sheffield,1931,11,10.1,5.1,0.0,104.7,31.8
Sheffield,1931,12,8.1,3.2,9.0,35.9,39.1
Sheffield,1932,1,9.2,3.3,8.0,68.6,49.8
Sheffield,1932,2,6.3,1.6,8.0,10.1,26.8
Sheffield,1932,3,8.0,2.0,8.0,41.1,45.3
Sheffield,1932,4,9.8,3.2,1.0,82.2,117.6
Sheffield,1932,5,13.0,6.8,1.0,170.7,86.4
Sheffield,1932,6,18.0,9.4,0.0,17.2,158.7
Sheffield,1932,7,19.6,12.7,0.0,122.1,135.9
Sheffield,1932,8,21.0,13.5,0.0,61.0,151.2
Sheffield,1932,9,17.0,9.4,0.0,46.3,143.2
Sheffield,1932,10,11.8,5.9,0.0,101.1,85.7
Sheffield,1932,11,8.8,4.5,0.0,59.0,26.1
Sheffield,1932,12,7.8,3.8,3.0,30.0,33.5
Sheffield,1933,1,5.2,0.2,13.0,53.1,34.2
Sheffield,1933,2,6.7,1.7,8.0,113.2,73.3
Sheffield,1933,3,11.5,3.0,2.0,64.2,126.8
Sheffield,1933,4,13.0,5.5,1.0,33.8,112.1
Sheffield,1933,5,15.7,8.3,0.0,48.0,121.2
Sheffield,1933,6,20.4,10.8,0.0,26.7,211.0
Sheffield,1933,7,23.0,13.6,0.0,53.0,207.8
Sheffield,1933,8,22.7,13.4,0.0,11.5,218.7
Sheffield,1933,9,19.7,11.1,0.0,41.1,141.7
Sheffield,1933,10,12.9,7.7,0.0,128.0,70.0
Sheffield,1933,11,8.3,4.5,0.0,46.4,40.7
Sheffield,1933,12,4.6,0.7,9.0,14.8,10.9
Sheffield,1934,1,7.5,1.8,7.0,68.7,47.4
Sheffield,1934,2,7.7,2.0,6.0,7.5,76.4
Sheffield,1934,3,7.9,1.8,2.0,77.0,75.3
Sheffield,1934,4,11.3,4.1,2.0,65.3,109.5
Sheffield,1934,5,16.0,7.4,0.0,33.1,169.1
Sheffield,1934,6,19.3,10.2,0.0,23.3,161.0
Sheffield,1934,7,23.8,13.4,0.0,39.6,225.8
Sheffield,1934,8,19.6,11.2,0.0,27.5,159.5
Sheffield,1934,9,19.1,10.2,0.0,45.1,142.4
Sheffield,1934,10,13.1,7.7,0.0,66.1,84.0
Sheffield,1934,11,8.6,4.7,2.0,50.0,31.8
Sheffield,1934,12,9.5,6.0,0.0,123.6,14.3
Sheffield,1935,1,6.9,3.0,3.0,38.0,46.0
Sheffield,1935,2,8.0,3.2,2.0,101.5,43.1
Sheffield,1935,3,9.6,3.6,4.0,39.0,96.9
Sheffield,1935,4,11.5,4.2,0.0,63.3,128.6
Sheffield,1935,5,14.0,5.3,0.0,9.7,185.2
Sheffield,1935,6,19.7,10.8,0.0,77.2,189.9
Sheffield,1935,7,22.2,12.7,0.0,17.0,238.8
Sheffield,1935,8,22.4,12.4,0.0,50.7,192.1
Sheffield,1935,9,17.4,9.5,0.0,104.2,140.3
Sheffield,1935,10,12.5,6.0,1.0,128.6,73.7
Sheffield,1935,11,9.1,4.2,0.0,147.6,51.1
Sheffield,1935,12,5.1,0.9,11.0,94.5,32.5
Sheffield,1936,1,5.5,1.3,10.0,81.9,32.9
Sheffield,1936,2,4.2,-0.8,17.0,69.5,38.1
Sheffield,1936,3,9.4,3.5,2.0,52.7,41.9
Sheffield,1936,4,9.7,3.0,2.0,39.9,146.5
Sheffield,1936,5,14.6,6.9,0.0,34.5,137.0
Sheffield,1936,6,18.8,10.2,0.0,87.2,151.6
Sheffield,1936,7,18.9,12.0,0.0,93.0,146.3
Sheffield,1936,8,20.3,12.5,0.0,32.6,165.6
Sheffield,1936,9,17.5,11.7,0.0,64.5,75.0
Sheffield,1936,10,12.9,6.9,0.0,74.3,91.5
Sheffield,1936,11,8.5,3.1,5.0,76.8,39.3
Sheffield,1936,12,8.1,2.7,6.0,67.4,42.2
Sheffield,1937,1,7.2,2.2,8.0,139.3,25.6
Sheffield,1937,2,7.3,2.7,1.0,131.9,57.4
Sheffield,1937,3,5.5,0.2,13.0,84.9,78.3
Sheffield,1937,4,11.7,5.2,1.0,56.5,80.5
Sheffield,1937,5,16.0,7.8,0.0,77.7,166.1
Sheffield,1937,6,17.9,10.4,0.0,27.7,156.2
Sheffield,1937,7,19.7,12.5,0.0,75.3,135.0
Sheffield,1937,8,21.3,12.5,0.0,14.9,153.8
Sheffield,1937,9,17.5,9.5,0.0,50.1,140.0
Sheffield,1937,10,13.5,7.9,0.0,85.5,59.9
Sheffield,1937,11,8.0,3.2,4.0,59.9,34.4
Sheffield,1937,12,5.1,1.2,10.0,95.1,17.1
Sheffield,1938,1,8.3,3.4,0.0,93.9,41.1
Sheffield,1938,2,7.2,2.7,0.0,27.1,38.0
Sheffield,1938,3,13.8,6.1,0.0,7.2,128.4
Sheffield,1938,4,11.6,4.3,0.0,4.8,112.7
Sheffield,1938,5,14.9,6.6,0.0,67.1,150.0
Sheffield,1938,6,18.5,10.6,0.0,50.6,183.8
Sheffield,1938,7,18.7,11.3,0.0,96.1,128.7
Sheffield,1938,8,19.7,12.1,0.0,78.4,131.0
Sheffield,1938,9,17.1,10.4,0.0,58.7,107.3
Sheffield,1938,10,13.4,7.4,0.0,119.8,88.1
Sheffield,1938,11,11.7,6.4,0.0,101.8,74.4
Sheffield,1938,12,6.3,1.7,7.0,84.1,30.1
Sheffield,1939,1,6.0,1.9,7.0,148.9,20.7
Sheffield,1939,2,8.2,2.6,3.0,45.0,71.6
Sheffield,1939,3,8.3,3.1,0.0,55.4,88.6
Sheffield,1939,4,12.2,4.7,1.0,48.4,150.7
Sheffield,1939,5,15.6,7.2,0.0,49.2,163.1
Sheffield,1939,6,18.4,9.2,0.0,60.3,188.4
Sheffield,1939,7,19.1,12.0,0.0,129.3,133.0
Sheffield,1939,8,19.9,12.6,0.0,61.4,90.2
Sheffield,1939,9,17.2,11.0,0.0,49.3,80.9
Sheffield,1939,10,11.0,5.3,0.0,94.8,74.4
Sheffield,1939,11,10.7,5.8,0.0,136.6,41.9
Sheffield,1939,12,5.8,2.6,2.0,57.7,31.9
Sheffield,1940,1,1.8,-3.5,27.0,83.3,32.8
Sheffield,1940,2,3.5,-0.8,15.0,63.1,14.3
Sheffield,1940,3,9.5,2.6,7.0,53.4,104.3
Sheffield,1940,4,11.8,4.4,1.0,69.1,105.1
Sheffield,1940,5,17.4,7.9,0.0,28.8,193.9
Sheffield,1940,6,22.4,11.6,0.0,15.1,278.9
Sheffield,1940,7,19.5,11.4,0.0,69.5,169.8
Sheffield,1940,8,19.7,11.7,0.0,7.7,172.0
Sheffield,1940,9,16.8,9.0,0.0,34.2,154.6
Sheffield,1940,10,12.2,6.9,1.0,106.9,52.2
Sheffield,1940,11,9.2,4.6,1.0,173.0,43.5
Sheffield,1940,12,6.5,2.3,1.0,61.3,28.3
Sheffield,1941,1,1.7,-1.4,22.0,125.5,19.8
Sheffield,1941,2,5.4,0.5,13.0,87.7,65.6
Sheffield,1941,3,7.9,1.1,5.0,125.1,96.9
Sheffield,1941,4,8.9,3.2,1.0,46.4,70.6
Sheffield,1941,5,13.0,5.2,1.0,77.6,115.9
Sheffield,1941,6,19.8,10.3,0.0,6.0,203.4
Sheffield,1941,7,22.4,13.5,0.0,106.2,208.3
Sheffield,1941,8,18.6,11.3,0.0,69.6,175.7
Sheffield,1941,9,18.2,11.4,0.0,8.5,62.7
Sheffield,1941,10,13.0,7.9,0.0,108.8,58.6
Sheffield,1941,11,8.5,3.8,1.0,92.5,25.3
Sheffield,1941,12,8.6,4.1,3.0,28.2,39.3
Sheffield,1942,1,3.2,-0.8,18.0,84.0,19.6
Sheffield,1942,2,2.5,-2.4,25.0,31.1,24.3
Sheffield,1942,3,7.4,1.5,7.0,57.1,36.1
Sheffield,1942,4,13.1,4.4,0.0,36.0,182.1
Sheffield,1942,5,15.2,6.8,0.0,114.3,190.1
Sheffield,1942,6,19.3,10.2,0.0,29.4,190.4
Sheffield,1942,7,19.7,11.5,0.0,52.3,183.5
Sheffield,1942,8,19.9,12.9,0.0,84.8,103.6
Sheffield,1942,9,17.2,10.2,0.0,29.4,120.4
Sheffield,1942,10,13.7,7.8,0.0,67.6,78.8
Sheffield,1942,11,8.5,4.1,0.0,37.0,39.9
Sheffield,1942,12,8.9,4.3,4.0,58.1,25.3
Sheffield,1943,1,6.4,2.2,7.0,117.6,29.8
Sheffield,1943,2,8.9,3.4,1.0,41.1,101.8
Sheffield,1943,3,10.6,3.4,2.0,33.4,112.7
Sheffield,1943,4,14.5,6.8,0.0,48.0,163.3
Sheffield,1943,5,16.8,7.2,0.0,69.6,222.8
Sheffield,1943,6,18.5,10.7,0.0,39.3,188.4
Sheffield,1943,7,21.0,11.6,0.0,32.6,211.3
Sheffield,1943,8,19.5,12.0,0.0,61.9,111.7
Sheffield,1943,9,16.6,10.0,0.0,83.2,121.0
Sheffield,1943,10,14.0,7.7,0.0,48.3,86.5
Sheffield,1943,11,8.6,4.3,0.0,59.8,47.8
Sheffield,1943,12,6.5,2.3,6.0,26.5,30.0
Sheffield,1944,1,8.8,3.4,4.0,96.2,41.2
Sheffield,1944,2,5.9,1.1,8.0,50.6,41.3
Sheffield,1944,3,8.7,2.5,7.0,11.0,95.8
Sheffield,1944,4,13.8,6.2,1.0,58.5,125.6
Sheffield,1944,5,15.3,7.0,0.0,60.0,163.3
Sheffield,1944,6,16.8,9.4,0.0,56.3,146.3
Sheffield,1944,7,19.5,12.8,0.0,58.2,99.7
Sheffield,1944,8,20.8,12.5,0.0,64.1,142.0
Sheffield,1944,9,15.9,9.1,0.0,111.7,101.7
Sheffield,1944,10,11.7,6.8,0.0,77.3,61.9
Sheffield,1944,11,8.8,3.7,0.0,142.1,31.1
Sheffield,1944,12,6.5,1.8,6.0,61.9,38.8
Sheffield,1945,1,3.4,-1.0,17.0,75.2,49.1
Sheffield,1945,2,10.1,4.2,1.0,69.1,59.4
Sheffield,1945,3,12.2,5.1,0.0,13.7,114.5
Sheffield,1945,4,14.3,6.0,1.0,44.5,163.6
Sheffield,1945,5,16.1,8.0,0.0,78.8,142.6
Sheffield,1945,6,18.5,10.9,0.0,80.4,162.8
Sheffield,1945,7,20.9,13.2,0.0,45.3,192.0
Sheffield,1945,8,20.1,11.9,0.0,66.8,150.5
Sheffield,1945,9,17.5,11.0,0.0,20.9,77.5
Sheffield,1945,10,15.2,8.9,0.0,136.8,75.5
Sheffield,1945,11,9.3,5.7,0.0,9.9,22.8
Sheffield,1945,12,7.6,3.0,4.0,42.5,33.6
Sheffield,1946,1,5.7,0.6,16.0,108.1,31.5
Sheffield,1946,2,8.2,3.5,6.0,111.8,71.0
Sheffield,1946,3,8.8,2.0,9.0,32.9,102.9
Sheffield,1946,4,14.1,6.3,0.0,29.2,150.5
Sheffield,1946,5,13.9,6.0,0.0,60.7,143.6
Sheffield,1946,6,17.1,9.5,0.0,85.3,178.9
Sheffield,1946,7,20.3,12.8,0.0,63.9,170.7
Sheffield,1946,8,18.2,11.1,0.0,110.2,130.1
Sheffield,1946,9,17.0,10.7,0.0,113.0,98.0
Sheffield,1946,10,11.7,7.5,0.0,32.0,47.5
Sheffield,1946,11,10.2,5.8,0.0,158.2,22.5
Sheffield,1946,12,5.8,1.3,6.0,80.4,45.3
Sheffield,1947,1,3.7,0.0,16.0,85.4,34.8
Sheffield,1947,2,-0.6,-3.5,28.0,69.0,18.5
Sheffield,1947,3,5.3,0.2,14.0,141.4,58.5
Sheffield,1947,4,11.9,5.0,0.0,88.5,142.0
Sheffield,1947,5,18.2,8.5,0.0,56.8,151.3
Sheffield,1947,6,19.8,11.7,0.0,68.4,168.6
Sheffield,1947,7,20.6,13.6,0.0,32.8,116.7
Sheffield,1947,8,23.9,13.3,0.0,12.7,239.0
Sheffield,1947,9,18.8,11.1,0.0,35.5,145.5
Sheffield,1947,10,14.6,8.2,0.0,14.0,83.1
Sheffield,1947,11,9.8,4.7,5.0,72.6,89.2
Sheffield,1947,12,7.6,3.4,6.0,94.0,22.8
Sheffield,1948,1,7.2,2.6,1.0,165.3,32.4
Sheffield,1948,2,6.5,2.3,8.0,59.0,34.8
Sheffield,1948,3,12.4,4.0,2.0,26.1,131.2
Sheffield,1948,4,12.9,4.9,0.0,42.1,154.7
Sheffield,1948,5,15.9,6.5,0.0,38.4,216.8
Sheffield,1948,6,16.9,9.7,0.0,72.5,151.8
Sheffield,1948,7,19.7,11.7,0.0,24.2,171.6
Sheffield,1948,8,18.5,11.5,0.0,118.9,108.0
Sheffield,1948,9,16.7,10.8,0.0,37.4,101.0
Sheffield,1948,10,13.4,7.2,0.0,37.1,78.3
Sheffield,1948,11,10.6,4.9,3.0,28.0,62.9
Sheffield,1948,12,7.9,3.0,5.0,87.6,33.0
Sheffield,1949,1,7.8,3.0,3.0,34.4,48.0
Sheffield,1949,2,8.9,2.8,5.0,38.4,96.0
Sheffield,1949,3,7.2,1.9,8.0,32.5,90.3
Sheffield,1949,4,13.7,6.0,0.0,66.4,148.3
Sheffield,1949,5,15.6,6.7,0.0,41.0,225.2
Sheffield,1949,6,20.2,9.9,0.0,13.3,227.1
Sheffield,1949,7,21.6,12.7,0.0,114.8,170.4
Sheffield,1949,8,21.1,12.5,0.0,41.6,181.0
Sheffield,1949,9,19.9,12.3,0.0,28.0,126.9
Sheffield,1949,10,14.5,8.1,1.0,84.2,92.7
Sheffield,1949,11,8.9,4.0,1.0,112.9,46.8
Sheffield,1949,12,8.0,3.3,0.0,105.7,35.0
Sheffield,1950,1,6.4,2.3,9.0,35.7,15.8
Sheffield,1950,2,8.0,1.8,5.0,147.9,65.6
Sheffield,1950,3,11.4,4.0,1.0,25.5,114.2
Sheffield,1950,4,10.7,3.4,1.0,78.0,141.4
Sheffield,1950,5,13.9,6.8,0.0,38.9,112.7
Sheffield,1950,6,21.1,11.4,0.0,28.4,248.8
Sheffield,1950,7,19.9,12.2,0.0,43.1,184.2
Sheffield,1950,8,19.8,11.8,0.0,84.6,160.9
Sheffield,1950,9,16.1,9.6,0.0,87.1,106.4
Sheffield,1950,10,12.6,7.0,0.0,35.4,90.5
Sheffield,1950,11,8.1,3.3,2.0,119.3,34.5
Sheffield,1950,12,3.2,-0.3,16.0,50.6,36.1
Sheffield,1951,1,5.9,1.6,8.0,68.8,41.7
Sheffield,1951,2,5.7,1.0,2.0,92.4,41.1
Sheffield,1951,3,6.5,0.9,7.0,102.5,75.7
Sheffield,1951,4,10.3,3.4,0.0,31.8,146.1
Sheffield,1951,5,13.0,5.8,0.0,100.6,118.2
Sheffield,1951,6,17.9,9.4,0.0,14.7,206.8
Sheffield,1951,7,20.6,12.3,0.0,32.9,184.9
Sheffield,1951,8,18.4,11.2,0.0,133.1,143.7
Sheffield,1951,9,17.7,10.7,0.0,45.1,113.5
Sheffield,1951,10,13.5,6.5,0.0,23.7,96.3
Sheffield,1951,11,10.6,6.0,0.0,199.2,50.9
Sheffield,1951,12,8.2,2.6,4.0,92.9,38.8
Sheffield,1952,1,5.0,0.7,7.0,89.9,52.9
Sheffield,1952,2,6.4,0.9,11.0,19.7,60.5
Sheffield,1952,3,9.0,3.5,5.0,57.0,61.8
Sheffield,1952,4,13.7,5.4,0.0,40.8,140.7
Sheffield,1952,5,17.6,9.0,0.0,74.4,173.9
Sheffield,1952,6,18.4,10.3,0.0,37.4,192.8
Sheffield,1952,7,19.9,12.9,0.0,32.6,137.4
Sheffield,1952,8,19.9,12.0,0.0,37.0,160.3
Sheffield,1952,9,13.7,8.1,0.0,70.0,77.3
Sheffield,1952,10,11.8,6.2,0.0,124.6,94.2
Sheffield,1952,11,6.6,2.3,5.0,50.7,55.5
Sheffield,1952,12,5.9,1.5,7.0,60.4,39.5
Sheffield,1953,1,6.4,2.4,3.0,21.2,26.3
Sheffield,1953,2,7.3,2.6,6.0,54.8,40.2
Sheffield,1953,3,10.6,2.0,8.0,47.8,82.4
Sheffield,1953,4,11.0,3.4,0.0,59.9,128.9
Sheffield,1953,5,17.4,8.5,0.0,61.4,180.0
Sheffield,1953,6,17.8,10.7,0.0,49.5,108.7
Sheffield,1953,7,19.4,12.0,0.0,66.1,184.4
Sheffield,1953,8,20.2,12.4,0.0,79.6,180.9
Sheffield,1953,9,18.0,10.3,0.0,34.8,142.8
Sheffield,1953,10,13.3,6.5,0.0,50.3,68.2
Sheffield,1953,11,11.2,6.3,0.0,44.0,39.7
Sheffield,1953,12,8.8,5.0,0.0,28.8,24.2
Sheffield,1954,1,5.3,1.0,11.0,70.2,27.5
Sheffield,1954,2,4.3,-0.2,11.0,74.5,40.5
Sheffield,1954,3,8.6,2.4,3.0,61.4,90.4
Sheffield,1954,4,11.7,4.1,0.0,7.6,120.4
Sheffield,1954,5,14.9,7.4,0.0,93.8,104.4
Sheffield,1954,6,16.4,9.9,0.0,57.2,117.5
Sheffield,1954,7,17.4,10.9,0.0,49.2,126.9
Sheffield,1954,8,17.7,11.0,0.0,166.7,98.8
Sheffield,1954,9,16.4,9.0,0.0,58.0,161.4
Sheffield,1954,10,14.9,9.2,0.0,78.7,80.5
Sheffield,1954,11,9.6,4.1,0.0,170.7,48.0
Sheffield,1954,12,8.8,4.3,2.0,95.8,31.5
Sheffield,1955,1,4.8,0.5,12.0,60.0,31.7
Sheffield,1955,2,3.5,-0.9,17.0,69.2,55.0
Sheffield,1955,3,6.5,-0.1,17.0,88.1,106.5
Sheffield,1955,4,13.5,5.9,0.0,19.0,137.0
Sheffield,1955,5,12.9,5.7,0.0,85.5,181.5
Sheffield,1955,6,17.2,9.3,0.0,85.9,121.8
Sheffield,1955,7,22.9,12.8,0.0,30.8,231.4
Sheffield,1955,8,22.0,13.5,0.0,19.3,139.2
Sheffield,1955,9,18.4,11.0,0.0,18.4,150.6
Sheffield,1955,10,13.3,6.5,2.0,60.4,130.3
Sheffield,1955,11,9.7,5.2,0.0,67.2,30.8
Sheffield,1955,12,8.1,2.9,6.0,96.4,32.7
Sheffield,1956,1,6.2,1.5,7.0,154.0,38.8
Sheffield,1956,2,3.1,-1.8,21.0,30.5,37.2
Sheffield,1956,3,9.1,2.3,6.0,26.4,85.2
Sheffield,1956,4,10.3,2.7,1.0,63.5,110.7
Sheffield,1956,5,16.8,7.7,0.0,11.2,231.6
Sheffield,1956,6,16.5,9.4,0.0,82.1,148.1
Sheffield,1956,7,18.7,12.4,0.0,141.7,121.8
Sheffield,1956,8,16.6,10.2,0.0,146.1,112.1
Sheffield,1956,9,17.6,10.7,0.0,83.4,98.4
Sheffield,1956,10,12.9,6.9,0.0,33.1,98.4
Sheffield,1956,11,8.8,4.4,2.0,21.4,34.7
Sheffield,1956,12,7.7,3.7,6.0,107.9,17.9
Sheffield,1957,1,8.1,2.9,5.0,44.8,28.9
Sheffield,1957,2,8.0,2.0,4.0,78.8,75.1
Sheffield,1957,3,12.2,5.8,0.0,58.2,68.8
Sheffield,1957,4,12.3,4.8,0.0,2.2,106.9
Sheffield,1957,5,14.6,6.3,0.0,27.3,160.7
Sheffield,1957,6,20.5,10.1,0.0,31.8,275.7
Sheffield,1957,7,19.5,12.9,0.0,83.2,112.3
Sheffield,1957,8,18.2,12.0,0.0,117.2,106.3
Sheffield,1957,9,15.3,9.6,0.0,98.8,111.4
Sheffield,1957,10,14.1,7.7,0.0,41.6,80.9
Sheffield,1957,11,8.7,4.9,1.0,61.3,41.4
Sheffield,1957,12,7.2,2.2,9.0,88.3,26.0
Sheffield,1958,1,6.2,1.1,13.0,86.4,45.2
Sheffield,1958,2,7.2,1.6,10.0,121.7,62.6
Sheffield,1958,3,6.1,0.8,16.0,49.9,82.9
Sheffield,1958,4,11.4,3.8,2.0,19.7,126.3
Sheffield,1958,5,15.5,7.4,0.0,71.4,151.9
Sheffield,1958,6,17.2,9.7,0.0,126.6,95.0
Sheffield,1958,7,19.5,12.2,0.0,144.6,161.0
Sheffield,1958,8,19.6,12.2,0.0,65.9,119.8
Sheffield,1958,9,18.5,11.7,0.0,85.8,93.1
Sheffield,1958,10,13.9,7.7,0.0,66.8,91.2
Sheffield,1958,11,9.2,4.4,1.0,15.6,44.9
Sheffield,1958,12,6.8,2.7,3.0,110.0,14.3
Sheffield,1959,1,4.7,-0.2,18.0,89.7,68.2
Sheffield,1959,2,7.6,2.7,5.0,2.2,49.7
Sheffield,1959,3,10.0,4.3,0.0,38.4,72.7
Sheffield,1959,4,13.2,5.9,0.0,88.5,139.2
Sheffield,1959,5,17.5,8.0,0.0,26.7,194.6
Sheffield,1959,6,20.0,10.9,0.0,30.7,227.8
Sheffield,1959,7,22.2,13.1,0.0,33.5,215.8
Sheffield,1959,8,22.4,13.2,0.0,18.8,201.4
Sheffield,1959,9,20.0,10.6,0.0,0.6,146.2
Sheffield,1959,10,16.4,8.3,0.0,57.4,108.2
Sheffield,1959,11,9.3,4.5,2.0,106.0,36.6
Sheffield,1959,12,8.0,3.4,0.0,116.8,18.1
Sheffield,1960,1,6.2,1.9,6.0,137.7,23.7
Sheffield,1960,2,6.5,1.2,11.0,77.9,55.4
Sheffield,1960,3,8.0,3.1,1.0,52.1,44.9
Sheffield,1960,4,13.4,5.5,0.0,38.9,147.8
Sheffield,1960,5,17.6,8.8,0.0,46.4,166.2
Sheffield,1960,6,21.7,11.5,0.0,41.4,261.8
Sheffield,1960,7,19.1,11.4,0.0,64.8,131.3
Sheffield,1960,8,19.1,11.4,0.0,80.6,143.2
Sheffield,1960,9,16.8,9.9,0.0,108.7,111.4
Sheffield,1960,10,12.4,7.5,0.0,179.0,48.1
Sheffield,1960,11,9.6,4.7,0.0,116.2,44.3
Sheffield,1960,12,6.5,2.3,4.0,91.5,47.1
Sheffield,1961,1,5.4,1.1,6.0,96.1,27.4
Sheffield,1961,2,9.6,4.2,0.0,63.1,67.9
Sheffield,1961,3,13.1,5.4,0.0,14.3,142.5
Sheffield,1961,4,13.0,6.0,0.0,84.1,85.5
Sheffield,1961,5,14.5,6.9,0.0,42.9,170.1
Sheffield,1961,6,19.2,10.4,0.0,33.9,199.7
Sheffield,1961,7,18.8,11.3,0.0,55.7,161.4
Sheffield,1961,8,19.3,11.8,0.0,62.2,187.2
Sheffield,1961,9,19.3,11.3,0.0,53.0,133.5
Sheffield,1961,10,13.9,7.7,0.0,94.9,118.7
Sheffield,1961,11,8.7,4.1,1.0,42.3,53.5
Sheffield,1961,12,5.0,-0.2,15.0,75.5,42.1
Sheffield,1962,1,7.3,2.1,6.0,91.2,67.1
Sheffield,1962,2,7.0,1.9,6.0,57.8,68.6
Sheffield,1962,3,6.0,-0.6,17.0,27.8,116.7
Sheffield,1962,4,11.1,3.9,0.0,76.3,138.1
Sheffield,1962,5,13.6,6.2,0.0,78.4,149.9
Sheffield,1962,6,18.3,9.3,0.0,13.5,206.6
Sheffield,1962,7,17.8,10.8,0.0,39.7,99.5
Sheffield,1962,8,17.8,10.8,0.0,94.9,145.6
Sheffield,1962,9,16.0,9.3,0.0,84.4,87.4
Sheffield,1962,10,13.9,7.4,1.0,32.0,85.8
Sheffield,1962,11,7.8,2.9,6.0,38.5,31.3
Sheffield,1962,12,5.3,-0.6,15.0,54.1,46.5
Sheffield,1963,1,1.3,-2.9,28.0,46.8,39.4
Sheffield,1963,2,1.4,-3.5,28.0,28.3,41.9
Sheffield,1963,3,8.9,1.6,6.0,72.0,93.8
Sheffield,1963,4,11.7,4.4,0.0,60.3,79.5
Sheffield,1963,5,14.6,6.4,0.0,31.5,155.1
Sheffield,1963,6,19.3,10.3,0.0,99.1,179.9
Sheffield,1963,7,19.7,11.0,0.0,68.6,173.3
Sheffield,1963,8,17.6,10.6,0.0,60.1,88.5
Sheffield,1963,9,16.9,9.2,0.0,79.5,136.6
Sheffield,1963,10,13.6,7.4,0.0,39.4,73.4
Sheffield,1963,11,9.7,5.4,1.0,132.5,33.3
Sheffield,1963,12,5.2,1.0,11.0,18.7,35.1
Sheffield,1964,1,5.8,1.0,8.0,23.1,54.8
Sheffield,1964,2,6.6,1.7,11.0,28.7,50.5
Sheffield,1964,3,5.5,1.2,8.0,122.4,46.6
Sheffield,1964,4,12.7,5.4,0.0,46.1,91.3
Sheffield,1964,5,18.2,8.7,0.0,55.5,203.0
Sheffield,1964,6,17.0,10.1,0.0,70.2,105.8
Sheffield,1964,7,19.8,11.9,0.0,50.8,184.9
Sheffield,1964,8,19.5,11.5,0.0,49.4,179.3
Sheffield,1964,9,18.7,9.3,0.0,20.8,165.1
Sheffield,1964,10,12.5,5.7,0.0,41.8,106.7
Sheffield,1964,11,9.8,4.7,2.0,40.8,40.9
Sheffield,1964,12,6.3,0.4,16.0,93.7,61.3
Sheffield,1965,1,5.7,1.4,12.0,90.1,57.4
Sheffield,1965,2,5.5,1.5,8.0,22.4,21.3
Sheffield,1965,3,8.8,1.0,10.0,74.0,112.0
Sheffield,1965,4,12.0,4.3,0.0,50.0,134.8
Sheffield,1965,5,15.5,7.6,0.0,68.2,137.1
Sheffield,1965,6,19.0,10.4,0.0,91.8,163.7
Sheffield,1965,7,17.0,10.5,0.0,58.9,91.3
Sheffield,1965,8,19.0,11.1,0.0,49.2,133.7
Sheffield,1965,9,15.6,9.3,0.0,167.4,82.8
Sheffield,1965,10,14.2,7.6,0.0,27.5,73.1
Sheffield,1965,11,6.5,1.9,8.0,147.5,63.1
Sheffield,1965,12,7.0,2.0,5.0,191.5,52.1
Sheffield,1966,1,4.3,0.6,14.0,41.5,22.9
Sheffield,1966,2,7.2,2.5,11.0,154.2,25.2
Sheffield,1966,3,9.6,3.5,4.0,46.9,110.3
Sheffield,1966,4,8.7,3.5,6.0,140.6,74.1
Sheffield,1966,5,15.7,7.2,0.0,58.8,209.2
Sheffield,1966,6,19.4,11.4,0.0,61.3,142.8
Sheffield,1966,7,18.4,11.5,0.0,44.5,130.8
Sheffield,1966,8,18.8,10.8,0.0,92.9,124.6
Sheffield,1966,9,17.6,10.2,0.0,55.7,107.8
Sheffield,1966,10,12.8,6.7,0.0,101.4,66.1
Sheffield,1966,11,7.8,3.5,0.0,93.9,41.1
Sheffield,1966,12,7.5,2.7,3.0,77.3,36.1
Sheffield,1967,1,6.3,1.8,11.0,49.7,66.3
Sheffield,1967,2,7.7,3.1,3.0,70.9,52.2
Sheffield,1967,3,10.2,4.2,1.0,57.8,165.4
Sheffield,1967,4,11.2,4.5,1.0,32.7,85.8
Sheffield,1967,5,13.9,6.4,1.0,172.6,142.1
Sheffield,1967,6,19.5,10.2,0.0,13.7,212.8
Sheffield,1967,7,21.5,12.8,0.0,40.9,178.0
Sheffield,1967,8,20.0,12.0,0.0,70.3,117.8
Sheffield,1967,9,17.0,9.5,0.0,62.5,88.4
Sheffield,1967,10,13.9,7.7,0.0,115.5,110.4
Sheffield,1967,11,8.1,2.3,6.0,71.4,50.4
Sheffield,1967,12,6.7,2.0,11.0,44.7,52.8
Sheffield,1968,1,6.7,1.9,11.0,67.4,36.1
Sheffield,1968,2,4.4,-0.4,17.0,42.8,60.5
Sheffield,1968,3,9.7,3.2,5.0,61.3,98.2
Sheffield,1968,4,12.9,3.9,9.0,54.2,152.3
Sheffield,1968,5,13.7,5.9,0.0,82.8,100.9
Sheffield,1968,6,19.5,10.3,0.0,54.9,174.1
Sheffield,1968,7,18.2,11.5,0.0,112.5,69.9
Sheffield,1968,8,19.4,11.8,0.0,41.8,99.9
Sheffield,1968,9,17.2,10.6,0.0,155.2,74.1
Sheffield,1968,10,15.0,9.8,0.0,63.5,63.8
Sheffield,1968,11,8.0,4.2,1.0,87.3,29.6
Sheffield,1968,12,5.0,1.2,9.0,52.9,28.3
Sheffield,1969,1,7.8,3.0,7.0,85.0,28.8
Sheffield,1969,2,2.5,-1.5,20.0,101.0,63.5
Sheffield,1969,3,4.7,0.0,19.0,119.9,48.1
Sheffield,1969,4,11.2,3.4,1.0,76.1,147.5
Sheffield,1969,5,14.6,7.4,0.0,99.1,99.2
Sheffield,1969,6,18.8,9.3,0.0,62.5,253.4
Sheffield,1969,7,21.5,12.9,0.0,52.6,227.3
Sheffield,1969,8,19.9,12.6,0.0,48.5,129.0
Sheffield,1969,9,17.3,10.5,0.0,38.9,75.4
Sheffield,1969,10,15.9,9.6,0.0,24.7,76.9
Sheffield,1969,11,7.5,2.2,5.0,163.7,61.5
Sheffield,1969,12,5.8,1.6,13.0,72.7,30.5
Sheffield,1970,1,5.7,1.5,8.0,94.7,36.8
Sheffield,1970,2,5.5,0.1,11.0,104.0,88.5
Sheffield,1970,3,6.6,0.8,13.0,55.4,114.6
Sheffield,1970,4,10.4,3.4,4.0,106.6,137.2
Sheffield,1970,5,17.4,8.5,0.0,16.9,160.2
Sheffield,1970,6,21.8,11.2,0.0,24.2,238.9
Sheffield,1970,7,19.0,11.9,0.0,39.2,153.3
Sheffield,1970,8,20.4,12.2,0.0,72.9,137.6
Sheffield,1970,9,18.3,11.2,0.0,42.8,122.6
Sheffield,1970,10,14.1,7.5,0.0,47.9,101.0
Sheffield,1970,11,9.6,5.1,1.0,141.4,48.4
Sheffield,1970,12,6.2,2.6,6.0,40.6,45.7
Sheffield,1971,1,6.6,2.3,8.0,69.3,39.9
Sheffield,1971,2,7.6,2.6,3.0,26.7,63.3
Sheffield,1971,3,8.1,2.8,5.0,47.2,79.8
Sheffield,1971,4,11.1,4.3,0.0,84.1,70.0
Sheffield,1971,5,16.4,7.0,0.0,63.5,207.3
Sheffield,1971,6,15.6,8.8,0.0,69.4,131.5
Sheffield,1971,7,22.1,12.8,0.0,86.3,207.2
Sheffield,1971,8,19.4,11.8,0.0,102.2,121.1
Sheffield,1971,9,18.8,10.1,0.0,31.2,148.0
Sheffield,1971,10,15.3,8.1,0.0,92.8,139.3
Sheffield,1971,11,9.1,3.7,4.0,62.6,78.5
Sheffield,1971,12,8.8,4.8,0.0,35.1,48.2
Sheffield,1972,1,5.7,1.6,8.0,92.7,38.7
Sheffield,1972,2,5.8,1.8,5.0,65.9,28.9
Sheffield,1972,3,9.9,2.5,4.0,106.2,118.6
Sheffield,1972,4,11.5,5.3,0.0,56.9,94.6
Sheffield,1972,5,14.4,6.8,0.0,56.6,135.4
Sheffield,1972,6,15.8,8.7,0.0,83.1,127.8
Sheffield,1972,7,19.5,11.6,0.0,55.7,148.4
Sheffield,1972,8,19.3,11.5,0.0,61.2,180.8
Sheffield,1972,9,15.1,8.5,0.0,50.6,80.4
Sheffield,1972,10,13.5,7.0,0.0,14.5,61.7
Sheffield,1972,11,9.2,4.5,1.0,84.9,68.6
Sheffield,1972,12,7.6,2.9,0.0,80.3,22.7
Sheffield,1973,1,6.7,2.8,5.0,39.8,26.7
Sheffield,1973,2,7.4,2.1,9.0,65.0,91.7
Sheffield,1973,3,10.6,3.6,0.0,15.1,127.3
Sheffield,1973,4,10.6,3.5,2.0,77.5,142.1
Sheffield,1973,5,15.5,7.4,0.0,59.5,150.6
Sheffield,1973,6,20.0,10.8,0.0,44.0,204.2
Sheffield,1973,7,19.7,12.1,0.0,200.6,115.6
Sheffield,1973,8,20.7,12.1,0.0,58.0,161.9
Sheffield,1973,9,18.0,10.5,0.0,58.1,108.8
Sheffield,1973,10,12.2,6.0,1.0,63.3,82.2
Sheffield,1973,11,8.6,3.6,7.0,28.8,89.7
Sheffield,1973,12,7.3,2.4,7.0,51.6,41.8
Sheffield,1974,1,8.1,2.9,3.0,79.3,49.4
Sheffield,1974,2,8.0,3.1,0.0,67.3,55.5
Sheffield,1974,3,8.5,2.2,1.0,39.8,95.0
Sheffield,1974,4,11.6,3.6,0.0,12.3,120.5
Sheffield,1974,5,15.7,6.9,0.0,39.5,195.1
Sheffield,1974,6,17.7,9.8,0.0,48.5,184.3
Sheffield,1974,7,18.7,11.7,0.0,67.6,164.0
Sheffield,1974,8,19.5,11.5,0.0,81.0,180.1
Sheffield,1974,9,15.7,8.8,0.0,90.8,138.7
Sheffield,1974,10,10.0,5.3,0.0,55.9,89.6
Sheffield,1974,11,8.7,3.7,1.0,121.1,47.5
Sheffield,1974,12,9.9,5.1,2.0,71.1,43.2
Sheffield,1975,1,8.9,3.8,1.0,73.2,32.2
Sheffield,1975,2,6.5,1.6,8.0,15.8,25.0
Sheffield,1975,3,7.0,1.7,7.0,58.8,89.4
Sheffield,1975,4,12.2,5.1,4.0,46.9,132.8
Sheffield,1975,5,13.8,5.6,0.0,86.2,187.9
Sheffield,1975,6,20.1,9.7,0.0,11.9,253.2
Sheffield,1975,7,21.7,13.2,0.0,81.9,170.9
Sheffield,1975,8,24.6,14.1,0.0,51.2,236.1
Sheffield,1975,9,17.3,9.5,0.0,34.6,138.5
Sheffield,1975,10,13.4,6.5,0.0,27.2,91.2
Sheffield,1975,11,8.8,3.3,3.0,28.6,70.6
Sheffield,1975,12,8.2,3.4,4.0,43.0,49.8
Sheffield,1976,1,7.6,3.2,8.0,93.8,41.4
Sheffield,1976,2,6.7,2.1,8.0,33.7,45.0
Sheffield,1976,3,7.8,1.4,8.0,29.5,108.8
Sheffield,1976,4,11.7,4.4,2.0,16.2,116.1
Sheffield,1976,5,15.8,7.9,0.0,79.9,148.6
Sheffield,1976,6,22.3,12.0,0.0,16.6,250.2
Sheffield,1976,7,24.0,13.2,0.0,16.9,285.2
Sheffield,1976,8,23.0,11.9,0.0,17.3,215.6
Sheffield,1976,9,16.4,9.6,0.0,134.9,85.5
Sheffield,1976,10,13.0,7.5,0.0,127.7,58.7
Sheffield,1976,11,8.6,3.2,1.0,32.4,58.7
Sheffield,1976,12,3.7,0.3,10.0,75.3,55.2
Sheffield,1977,1,4.6,0.4,12.0,113.8,45.9
Sheffield,1977,2,6.3,1.5,6.0,201.4,53.5
Sheffield,1977,3,9.5,3.4,3.0,59.7,79.0
Sheffield,1977,4,10.6,3.6,2.0,45.0,179.3
Sheffield,1977,5,14.6,6.1,0.0,43.5,207.6
Sheffield,1977,6,16.4,8.3,0.0,66.4,182.0
Sheffield,1977,7,19.6,11.9,0.0,9.5,178.3
Sheffield,1977,8,19.4,11.7,0.0,69.2,137.7
Sheffield,1977,9,16.6,9.7,0.0,35.2,108.8
Sheffield,1977,10,14.0,8.4,0.0,45.4,87.4
Sheffield,1977,11,8.4,3.4,5.0,112.0,80.9
Sheffield,1977,12,7.5,3.6,1.0,82.5,30.7
Sheffield,1978,1,5.3,0.7,9.0,99.4,52.4
Sheffield,1978,2,4.4,-0.5,14.0,55.4,33.5
Sheffield,1978,3,10.1,3.3,1.0,73.2,142.5
Sheffield,1978,4,9.4,3.0,6.0,47.3,89.9
Sheffield,1978,5,16.1,7.1,0.0,34.7,180.7
Sheffield,1978,6,17.4,10.0,0.0,90.0,174.4
Sheffield,1978,7,18.3,10.9,0.0,58.8,150.7
Sheffield,1978,8,18.6,11.7,0.0,48.5,126.9
Sheffield,1978,9,17.2,11.0,0.0,48.8,126.2
Sheffield,1978,10,15.3,9.2,0.0,9.9,88.4
Sheffield,1978,11,11.3,6.0,4.0,50.0,71.4
Sheffield,1978,12,5.0,0.8,14.0,207.9,24.9
Sheffield,1979,1,2.5,-2.4,24.0,82.3,55.7
Sheffield,1979,2,2.6,-1.2,22.0,78.6,50.5
Sheffield,1979,3,6.9,1.7,6.0,148.0,88.9
Sheffield,1979,4,11.0,4.4,1.0,83.1,106.0
Sheffield,1979,5,14.4,6.0,1.0,115.5,158.8
Sheffield,1979,6,19.1,10.4,0.0,34.9,190.0
Sheffield,1979,7,20.4,12.2,0.0,13.0,169.8
Sheffield,1979,8,19.1,11.4,0.0,79.0,171.2
Sheffield,1979,9,17.6,9.6,0.0,25.0,166.9
Sheffield,1979,10,14.2,7.8,0.0,66.4,82.5
Sheffield,1979,11,9.6,3.9,2.0,96.9,54.9
Sheffield,1979,12,7.4,3.6,4.0,137.7,42.5
Sheffield,1980,1,4.4,0.4,13.0,70.9,47.4
Sheffield,1980,2,7.8,2.9,2.0,117.1,28.4
Sheffield,1980,3,7.4,1.9,6.0,100.1,87.8
Sheffield,1980,4,13.4,5.1,1.0,10.6,149.3
Sheffield,1980,5,16.0,6.1,0.0,20.5,214.2
Sheffield,1980,6,17.9,10.3,0.0,132.8,114.8
Sheffield,1980,7,18.5,11.0,0.0,66.9,130.0
Sheffield,1980,8,19.8,12.0,0.0,79.0,155.9
Sheffield,1980,9,18.6,11.4,0.0,33.2,151.5
Sheffield,1980,10,11.9,5.6,0.0,113.2,93.7
Sheffield,1980,11,8.7,4.4,5.0,81.8,41.5
Sheffield,1980,12,8.4,3.2,4.0,51.7,48.9
Sheffield,1981,1,7.5,2.1,7.0,56.4,47.8
Sheffield,1981,2,5.3,0.5,12.0,89.4,55.6
Sheffield,1981,3,10.1,4.8,0.0,149.9,51.3
Sheffield,1981,4,10.6,4.2,1.0,110.5,112.6
Sheffield,1981,5,15.6,7.6,0.0,65.3,149.0
Sheffield,1981,6,17.3,9.9,0.0,33.4,163.7
Sheffield,1981,7,19.6,12.2,0.0,18.8,172.6
Sheffield,1981,8,20.5,12.4,0.0,57.2,174.7
Sheffield,1981,9,19.2,10.7,0.0,107.8,162.2
Sheffield,1981,10,11.4,5.2,0.0,87.9,112.0
Sheffield,1981,11,10.4,4.9,0.0,70.4,41.1
Sheffield,1981,12,2.6,-2.3,21.0,93.6,37.4
Sheffield,1982,1,5.9,-0.3,14.0,39.9,48.2
Sheffield,1982,2,7.4,2.1,7.0,20.4,33.0
Sheffield,1982,3,9.7,2.8,1.0,100.1,131.7
Sheffield,1982,4,13.5,4.8,2.0,17.3,167.1
Sheffield,1982,5,17.1,6.7,0.0,23.6,238.9
Sheffield,1982,6,18.9,11.2,0.0,225.0,120.7
Sheffield,1982,7,20.9,12.5,0.0,14.7,173.0
Sheffield,1982,8,19.6,12.0,0.0,83.5,172.7
Sheffield,1982,9,18.7,10.5,0.0,56.4,148.5
Sheffield,1982,10,13.1,7.2,0.0,54.7,55.1
Sheffield,1982,11,10.0,5.4,1.0,117.5,38.6
Sheffield,1982,12,6.9,1.8,9.0,78.7,22.6
Sheffield,1983,1,9.0,4.0,3.0,98.7,42.8
Sheffield,1983,2,3.5,-0.8,17.0,39.9,35.3
Sheffield,1983,3,9.3,4.0,0.0,65.7,85.4
Sheffield,1983,4,10.1,3.2,1.0,121.2,115.3
Sheffield,1983,5,13.6,6.4,0.0,127.0,101.6
Sheffield,1983,6,18.0,9.9,0.0,7.6,171.0
Sheffield,1983,7,24.5,14.3,0.0,44.4,187.1
Sheffield,1983,8,22.1,12.6,0.0,31.3,207.7
Sheffield,1983,9,16.8,10.2,0.0,120.1,116.9
Sheffield,1983,10,13.6,7.3,2.0,66.9,84.1
Sheffield,1983,11,9.9,5.5,5.0,41.2,29.0
Sheffield,1983,12,8.2,3.4,4.0,142.2,37.9
Sheffield,1984,1,5.6,0.8,10.0,160.2,37.6
Sheffield,1984,2,5.8,0.6,12.0,79.7,42.3
Sheffield,1984,3,7.3,2.2,3.0,52.3,44.9
Sheffield,1984,4,13.3,3.5,5.0,10.0,205.7
Sheffield,1984,5,14.9,5.9,1.0,55.4,158.4
Sheffield,1984,6,19.1,10.5,0.0,40.9,219.3
Sheffield,1984,7,22.4,12.0,0.0,13.3,258.2
Sheffield,1984,8,22.5,12.6,0.0,81.9,183.0
Sheffield,1984,9,16.7,10.4,0.0,117.6,86.1
Sheffield,1984,10,14.3,7.7,0.0,82.7,75.6
Sheffield,1984,11,9.8,5.7,0.0,124.9,33.7
Sheffield,1984,12,7.3,2.4,8.0,47.6,39.1
Sheffield,1985,1,3.7,-0.8,19.0,73.0,26.3
Sheffield,1985,2,5.7,-0.3,14.0,4.6,58.2
Sheffield,1985,3,8.2,1.7,8.0,48.8,105.1
Sheffield,1985,4,11.6,4.8,2.0,69.5,111.7
Sheffield,1985,5,14.4,6.8,0.0,63.4,139.2
Sheffield,1985,6,16.8,8.6,0.0,76.5,179.8
Sheffield,1985,7,20.4,12.7,0.0,46.4,182.2
Sheffield,1985,8,18.4,11.3,0.0,87.9,158.0
Sheffield,1985,9,18.8,11.0,0.0,14.2,125.5
Sheffield,1985,10,14.4,8.7,0.0,33.6,64.3
Sheffield,1985,11,6.6,1.4,10.0,78.2,50.2
Sheffield,1985,12,8.2,4.0,6.0,78.0,22.9
Sheffield,1986,1,5.4,0.6,12.0,174.1,39.2
Sheffield,1986,2,1.0,-3.0,25.0,37.2,43.3
Sheffield,1986,3,8.2,1.8,5.0,67.4,101.8
Sheffield,1986,4,9.0,2.3,3.0,111.0,81.7
Sheffield,1986,5,16.0,7.5,0.0,94.7,184.7
Sheffield,1986,6,19.3,9.8,0.0,48.0,202.2
Sheffield,1986,7,20.0,11.9,0.0,25.3,175.2
Sheffield,1986,8,17.1,9.7,0.0,109.9,132.3
Sheffield,1986,9,16.1,7.6,0.0,9.5,182.1
Sheffield,1986,10,14.3,7.3,0.0,85.7,111.2
Sheffield,1986,11,10.6,4.7,0.0,93.0,57.9
Sheffield,1986,12,8.5,3.2,1.0,142.3,32.1
Sheffield,1987,1,3.4,-1.1,18.0,52.9,37.6
Sheffield,1987,2,6.7,1.0,11.0,35.1,52.3
Sheffield,1987,3,7.3,1.2,14.0,89.2,110.5
Sheffield,1987,4,14.6,6.1,0.0,64.6,156.6
Sheffield,1987,5,14.6,5.9,0.0,32.6,199.2
Sheffield,1987,6,16.5,9.0,0.0,140.0,123.1
Sheffield,1987,7,19.8,12.2,0.0,51.4,168.0
Sheffield,1987,8,19.7,12.2,0.0,45.1,149.3
Sheffield,1987,9,17.4,9.3,0.0,67.2,152.3
Sheffield,1987,10,12.5,6.0,0.0,119.5,77.6
Sheffield,1987,11,8.5,4.1,3.0,53.5,43.4
Sheffield,1987,12,7.9,3.8,5.0,38.2,15.5
Sheffield,1988,1,7.2,2.5,3.0,173.9,37.7
Sheffield,1988,2,7.3,2.2,4.0,81.0,94.7
Sheffield,1988,3,9.3,2.8,6.0,97.3,104.6
Sheffield,1988,4,11.6,5.0,1.0,44.1,90.6
Sheffield,1988,5,16.2,7.1,0.0,50.4,194.0
Sheffield,1988,6,18.9,10.8,0.0,55.9,146.2
Sheffield,1988,7,18.6,11.6,0.0,106.7,154.0
Sheffield,1988,8,19.5,11.7,0.0,78.6,180.9
Sheffield,1988,9,16.5,9.7,0.0,51.7,163.7
Sheffield,1988,10,13.0,7.1,2.0,88.9,75.6
Sheffield,1988,11,9.0,2.6,8.0,50.5,68.6
Sheffield,1988,12,9.8,5.4,0.0,36.0,35.7
Sheffield,1989,1,9.0,3.9,2.0,20.6,54.3
Sheffield,1989,2,9.1,2.9,3.0,75.3,93.1
Sheffield,1989,3,11.0,3.9,2.0,77.7,126.6
Sheffield,1989,4,9.6,2.7,3.0,115.5,107.8
Sheffield,1989,5,18.4,8.2,0.0,26.0,283.8
Sheffield,1989,6,20.2,10.0,0.0,54.1,255.5
Sheffield,1989,7,22.9,13.1,0.0,41.4,284.9
Sheffield,1989,8,21.1,12.0,0.0,36.2,240.5
Sheffield,1989,9,18.5,10.6,0.0,23.3,135.1
Sheffield,1989,10,14.9,8.5,0.0,65.3,85.1
Sheffield,1989,11,9.0,4.0,3.0,42.6,45.3
Sheffield,1989,12,6.7,2.8,4.0,159.1,12.9
Sheffield,1990,1,8.9,3.9,0.0,128.7,46.4
Sheffield,1990,2,9.7,4.4,1.0,115.2,58.5
Sheffield,1990,3,12.4,5.3,3.0,21.6,137.6
Sheffield,1990,4,13.1,3.9,3.0,25.9,201.6
Sheffield,1990,5,18.1,7.7,0.0,18.9,219.2
Sheffield,1990,6,17.6,10.4,0.0,46.4,112.1
Sheffield,1990,7,22.1,11.9,0.0,21.5,273.8
Sheffield,1990,8,23.1,13.8,0.0,40.8,233.4
Sheffield,1990,9,16.7,9.6,0.0,30.4,127.5
Sheffield,1990,10,14.4,8.6,0.0,129.7,75.9
Sheffield,1990,11,8.8,4.9,0.0,47.9,32.3
Sheffield,1990,12,6.7,2.6,5.0,136.0,24.3
Sheffield,1991,1,5.5,0.1,14.0,86.8,53.3
Sheffield,1991,2,4.8,-0.3,16.0,68.5,45.1
Sheffield,1991,3,10.7,5.2,1.0,58.7,61.0
Sheffield,1991,4,11.4,4.5,2.0,67.2,129.3
Sheffield,1991,5,14.6,7.7,0.0,14.4,131.5
Sheffield,1991,6,15.8,8.5,0.0,68.6,153.8
Sheffield,1991,7,22.2,13.2,0.0,51.2,221.6
Sheffield,1991,8,21.9,12.8,0.0,8.5,221.1
Sheffield,1991,9,19.4,9.8,0.0,37.0,185.9
Sheffield,1991,10,12.9,7.7,0.0,54.3,68.2
Sheffield,1991,11,9.2,3.8,2.0,73.1,42.7
Sheffield,1991,12,7.9,2.6,7.0,78.4,28.5
Sheffield,1992,1,6.5,1.0,13.0,43.6,37.1
Sheffield,1992,2,8.9,2.9,5.0,25.9,52.7
Sheffield,1992,3,10.3,4.0,0.0,73.6,73.9
Sheffield,1992,4,12.3,5.3,0.0,41.8,125.0
Sheffield,1992,5,18.7,8.6,0.0,57.6,239.1
Sheffield,1992,6,20.5,11.7,0.0,52.2,192.7
Sheffield,1992,7,19.8,12.5,0.0,77.7,183.0
Sheffield,1992,8,19.2,11.3,0.0,117.7,196.3
Sheffield,1992,9,16.3,9.7,0.0,71.9,123.4
Sheffield,1992,10,10.2,4.8,1.0,66.0,60.3
Sheffield,1992,11,10.2,3.8,3.0,129.1,40.6
Sheffield,1992,12,6.3,1.2,11.0,67.4,19.7
Sheffield,1993,1,8.4,2.3,5.0,88.1,24.4
Sheffield,1993,2,7.5,3.0,2.0,10.7,42.3
Sheffield,1993,3,10.3,2.3,8.0,16.7,128.5
Sheffield,1993,4,13.0,5.7,0.0,91.8,116.3
Sheffield,1993,5,15.5,7.1,0.0,70.7,183.5
Sheffield,1993,6,19.4,10.2,0.0,108.3,193.6
Sheffield,1993,7,19.0,11.5,0.0,85.3,197.9
Sheffield,1993,8,18.4,10.3,0.0,29.7,182.5
Sheffield,1993,9,15.2,9.0,0.0,121.4,84.3
Sheffield,1993,10,10.7,5.4,5.0,62.8,75.4
Sheffield,1993,11,6.3,2.2,10.0,56.9,25.8
Sheffield,1993,12,7.1,2.2,5.0,171.4,29.4
Sheffield,1994,1,7.2,1.5,8.0,124.4,44.3
Sheffield,1994,2,4.9,-0.6,17.0,75.7,33.3
Sheffield,1994,3,10.6,4.2,0.0,78.1,141.0
Sheffield,1994,4,12.0,4.9,1.0,55.3,172.9
Sheffield,1994,5,13.9,6.5,0.0,65.6,141.1
Sheffield,1994,6,19.2,10.6,0.0,14.6,198.8
Sheffield,1994,7,23.3,12.9,0.0,33.1,206.4
Sheffield,1994,8,19.7,11.8,0.0,45.0,182.1
Sheffield,1994,9,15.4,9.1,0.0,148.2,104.8
Sheffield,1994,10,12.7,6.2,0.0,57.9,72.9
Sheffield,1994,11,11.7,7.0,0.0,103.3,35.3
Sheffield,1994,12,9.0,3.6,6.0,103.9,31.7
Sheffield,1995,1,6.4,1.5,10.0,157.7,35.8
Sheffield,1995,2,9.0,3.4,0.0,99.2,63.0
Sheffield,1995,3,8.9,2.0,7.0,63.9,172.7
Sheffield,1995,4,13.2,5.1,1.0,24.6,170.7
Sheffield,1995,5,16.7,7.4,0.0,48.1,203.7
Sheffield,1995,6,18.4,9.6,0.0,11.3,182.9
Sheffield,1995,7,23.8,14.1,0.0,22.5,229.1
Sheffield,1995,8,24.4,13.2,0.0,12.1,256.1
Sheffield,1995,9,17.1,10.3,0.0,75.6,115.7
Sheffield,1995,10,16.1,9.3,0.0,21.9,100.1
Sheffield,1995,11,9.9,5.2,3.0,60.5,36.0
Sheffield,1995,12,3.8,0.1,15.0,70.4,20.5
Sheffield,1996,1,5.0,2.1,9.0,57.0,5.8
Sheffield,1996,2,5.0,0.0,16.0,75.1,54.3
Sheffield,1996,3,5.9,1.7,5.0,52.9,38.6
Sheffield,1996,4,12.8,4.7,4.0,37.7,114.3
Sheffield,1996,5,13.0,5.3,0.0,39.1,169.6
Sheffield,1996,6,19.3,9.6,0.0,29.8,244.5
Sheffield,1996,7,21.5,11.9,0.0,24.5,254.6
Sheffield,1996,8,21.5,12.3,0.0,101.1,199.5
Sheffield,1996,9,16.8,9.9,0.0,27.1,111.4
Sheffield,1996,10,14.4,7.9,0.0,70.6,119.7
Sheffield,1996,11,8.2,3.2,8.0,134.3,89.8
Sheffield,1996,12,5.0,0.6,11.0,98.2,39.1
Sheffield,1997,1,5.2,0.2,15.0,8.5,51.4
Sheffield,1997,2,9.5,3.9,1.0,106.5,81.6
Sheffield,1997,3,12.1,5.0,1.0,22.0,152.1
Sheffield,1997,4,13.2,5.1,0.0,28.2,137.0
Sheffield,1997,5,16.3,6.7,0.0,77.5,252.3
Sheffield,1997,6,17.6,10.2,0.0,130.9,136.5
Sheffield,1997,7,21.7,12.7,0.0,56.7,244.4
Sheffield,1997,8,23.3,14.1,0.0,108.6,201.5
Sheffield,1997,9,17.3,10.2,0.0,17.5,148.4
Sheffield,1997,10,13.0,6.4,3.0,55.8,117.4
Sheffield,1997,11,10.4,6.1,0.0,93.1,24.6
Sheffield,1997,12,8.2,3.9,3.0,79.4,36.2
Sheffield,1998,1,7.1,2.5,5.0,88.5,46.3
Sheffield,1998,2,11.2,5.1,4.0,9.3,102.2
Sheffield,1998,3,11.2,4.8,2.0,93.5,91.9
Sheffield,1998,4,10.9,4.4,2.0,117.9,125.7
Sheffield,1998,5,17.0,8.5,0.0,26.6,199.3
Sheffield,1998,6,17.5,10.5,0.0,152.4,141.7
Sheffield,1998,7,19.2,12.1,0.0,36.5,172.0
Sheffield,1998,8,20.1,11.9,0.0,46.2,210.6
Sheffield,1998,9,17.7,11.1,0.0,49.2,96.6
Sheffield,1998,10,13.0,7.2,1.0,197.9,99.1
Sheffield,1998,11,8.4,3.6,2.0,49.5,68.9
Sheffield,1998,12,8.3,2.4,6.0,57.9,42.4
Sheffield,1999,1,8.1,2.7,5.0,90.8,66.9
Sheffield,1999,2,8.0,2.4,7.0,44.7,92.0
Sheffield,1999,3,10.7,4.2,1.0,82.8,140.8
Sheffield,1999,4,13.4,5.8,3.0,91.6,152.9
Sheffield,1999,5,17.5,9.0,0.0,51.0,181.9
Sheffield,1999,6,18.3,10.2,0.0,61.0,188.5
Sheffield,1999,7,22.5,13.4,0.0,30.1,227.9
Sheffield,1999,8,19.9,12.1,0.0,75.4,129.7
Sheffield,1999,9,20.2,11.5,0.0,113.7,190.7
Sheffield,1999,10,13.8,7.8,0.0,55.3,123.1
Sheffield,1999,11,10.1,5.2,1.0,48.2,70.7
Sheffield,1999,12,7.1,1.9,8.0,135.6,60.6
Sheffield,2000,1,7.8,2.7,2.0,49.8,75.9
Sheffield,2000,2,8.9,3.3,4.0,72.0,93.5
Sheffield,2000,3,10.9,4.2,3.0,43.3,133.0
Sheffield,2000,4,11.7,4.2,1.0,153.3,124.6
Sheffield,2000,5,16.4,7.6,0.0,63.9,189.6
Sheffield,2000,6,19.0,11.2,0.0,46.6,151.9
Sheffield,2000,7,18.8,11.4,0.0,68.5,142.5
Sheffield,2000,8,21.2,12.4,0.0,46.3,195.9
Sheffield,2000,9,18.1,10.8,0.0,117.8,116.7
Sheffield,2000,10,13.1,7.1,0.0,139.5,87.6
Sheffield,2000,11,9.1,4.0,2.0,167.9,51.9
Sheffield,2000,12,7.0,3.3,9.0,118.0,42.0
Sheffield,2001,1,5.3,0.3,15.0,42.1,59.1
Sheffield,2001,2,7.7,0.8,11.0,79.4,96.4
Sheffield,2001,3,8.0,1.6,8.0,56.2,100.5
Sheffield,2001,4,11.3,4.0,0.0,80.1,106.2
Sheffield,2001,5,17.8,7.7,0.0,58.0,208.7
Sheffield,2001,6,18.4,10.1,0.0,43.9,160.0
Sheffield,2001,7,21.4,13.2,0.0,57.5,185.1
Sheffield,2001,8,20.9,12.8,0.0,111.9,181.1
Sheffield,2001,9,15.8,10.1,0.0,67.3,84.9
Sheffield,2001,10,15.9,10.2,0.0,113.0,115.0
Sheffield,2001,11,10.5,4.7,2.0,27.0,54.0
Sheffield,2001,12,6.3,0.9,14.0,28.0,71.5
Sheffield,2002,1,8.2,2.5,8.0,55.9,38.2
Sheffield,2002,2,9.8,3.8,1.0,173.9,95.2
Sheffield,2002,3,11.1,4.1,1.0,34.7,122.4
Sheffield,2002,4,13.9,5.0,1.0,40.7,176.2
Sheffield,2002,5,16.3,8.4,0.0,60.9,183.8
Sheffield,2002,6,19.1,10.9,0.0,30.9,197.3
Sheffield,2002,7,20.1,12.0,0.0,133.8,165.3
Sheffield,2002,8,21.2,13.4,0.0,83.4,141.0
Sheffield,2002,9,17.8,10.6,0.0,49.7,132.7
Sheffield,2002,10,12.6,6.8,0.0,145.3,79.7
Sheffield,2002,11,10.0,5.5,0.0,111.1,36.6
Sheffield,2002,12,6.4,3.2,5.0,129.8,28.6
Sheffield,2003,1,6.9,2.5,8.0,60.7,54.3
Sheffield,2003,2,6.6,0.0,15.0,30.8,87.8
Sheffield,2003,3,12.0,3.1,3.0,38.4,157.7
Sheffield,2003,4,14.7,5.1,3.0,44.6,193.9
Sheffield,2003,5,16.8,8.5,0.0,42.6,203.7
Sheffield,2003,6,21.0,12.1,0.0,111.1,215.1
Sheffield,2003,7,21.9,13.5,0.0,44.9,171.0
Sheffield,2003,8,22.4,13.4,0.0,14.0,187.6
Sheffield,2003,9,19.2,9.6,0.0,22.7,164.6
Sheffield,2003,10,12.6,6.0,0.0,48.2,115.0
Sheffield,2003,11,10.7,5.1,3.0,55.4,57.0
Sheffield,2003,12,7.5,1.9,9.0,81.8,54.1
Sheffield,2004,1,7.4,3.0,4.0,106.5,46.2
Sheffield,2004,2,8.1,3.0,9.0,50.8,92.6
Sheffield,2004,3,9.9,3.6,2.0,41.3,98.1
Sheffield,2004,4,13.5,6.4,0.0,107.0,132.5
Sheffield,2004,5,16.9,8.3,0.0,49.0,210.7
Sheffield,2004,6,20.0,11.8,0.0,68.5,194.5
Sheffield,2004,7,19.9,12.4,0.0,45.8,167.9
Sheffield,2004,8,21.3,13.6,0.0,181.0,179.4
Sheffield,2004,9,18.1,11.3,0.0,34.6,168.0
Sheffield,2004,10,13.1,7.4,0.0,88.2,94.3
Sheffield,2004,11,10.2,5.5,3.0,36.2,52.1
Sheffield,2004,12,8.3,3.2,6.0,46.3,69.1
Sheffield,2005,1,8.5,3.4,2.0,48.0,48.1
Sheffield,2005,2,6.7,2.1,5.0,64.6,77.3
Sheffield,2005,3,9.7,4.6,3.0,31.7,64.6
Sheffield,2005,4,12.9,4.8,1.0,82.6,154.4
Sheffield,2005,5,15.8,7.3,0.0,17.5,243.8
Sheffield,2005,6,20.3,11.4,0.0,42.2,194.9
Sheffield,2005,7,20.6,13.1,0.0,84.0,178.0
Sheffield,2005,8,20.7,12.2,0.0,39.9,206.7
Sheffield,2005,9,18.9,11.3,0.0,89.2,157.9
Sheffield,2005,10,15.3,10.4,0.0,113.1,62.6
Sheffield,2005,11,9.5,3.4,9.0,57.4,98.7
Sheffield,2005,12,7.3,2.2,9.0,56.7,64.6
Sheffield,2006,1,6.4,2.4,1.0,18.6,36.4
Sheffield,2006,2,6.3,1.4,9.0,48.5,68.0
Sheffield,2006,3,7.7,1.5,13.0,100.2,95.0
Sheffield,2006,4,11.8,4.8,1.0,49.4,167.3
Sheffield,2006,5,15.8,7.4,0.0,85.0,188.1
Sheffield,2006,6,21.6,11.8,0.0,9.8,171.7
Sheffield,2006,7,25.6,14.5,0.0,40.9,290.8
Sheffield,2006,8,19.6,12.8,0.0,90.5,157.4
Sheffield,2006,9,20.5,12.6,0.0,62.4,165.6
Sheffield,2006,10,15.5,9.7,0.0,99.1,102.3
Sheffield,2006,11,11.2,5.3,1.0,66.8,107.3
Sheffield,2006,12,8.8,4.2,2.0,114.0,55.9
Sheffield,2007,1,9.6,4.3,4.0,146.9,68.4
Sheffield,2007,2,8.6,3.6,6.0,57.5,84.4
Sheffield,2007,3,10.2,4.1,1.0,44.5,149.4
Sheffield,2007,4,15.8,7.4,0.0,5.8,206.1
Sheffield,2007,5,15.6,8.2,0.0,83.8,142.6
Sheffield,2007,6,18.6,11.2,0.0,285.6,154.5
Sheffield,2007,7,18.8,12.2,0.0,113.0,178.5
Sheffield,2007,8,19.7,12.2,0.0,27.1,221.8
Sheffield,2007,9,17.6,10.5,0.0,28.1,158.5
Sheffield,2007,10,14.0,8.1,0.0,23.3,109.4
Sheffield,2007,11,10.3,5.0,2.0,58.3,75.6
Sheffield,2007,12,7.2,2.4,8.0,74.9,39.4
Sheffield,2008,1,9.0,3.9,2.0,154.0,43.6
Sheffield,2008,2,9.1,1.4,9.0,48.7,121.2
Sheffield,2008,3,9.1,2.7,3.0,98.8,137.8
Sheffield,2008,4,11.4,4.4,2.0,79.2,126.8
Sheffield,2008,5,17.5,8.6,0.0,43.5,186.7
Sheffield,2008,6,18.7,10.7,0.0,56.7,198.1
Sheffield,2008,7,20.8,13.0,0.0,108.7,202.6
Sheffield,2008,8,20.1,13.4,0.0,82.6,141.1
Sheffield,2008,9,17.0,10.8,0.0,92.4,111.7
Sheffield,2008,10,12.8,7.2,0.0,93.2,129.5
Sheffield,2008,11,9.0,4.9,3.0,60.0,53.1
Sheffield,2008,12,6.1,2.2,4.0,52.8,60.3
Sheffield,2009,1,5.7,1.3,8.0,47.0,59.8
Sheffield,2009,2,6.7,2.3,11.0,39.6,60.5
Sheffield,2009,3,10.9,4.0,2.0,44.2,161.7
Sheffield,2009,4,14.6,6.0,0.0,51.0,142.3
Sheffield,2009,5,16.4,8.0,0.0,81.7,216.0
Sheffield,2009,6,19.2,10.9,0.0,168.2,183.4
Sheffield,2009,7,20.4,12.6,0.0,113.4,199.7
Sheffield,2009,8,21.0,13.3,0.0,46.4,194.5
Sheffield,2009,9,18.0,10.9,0.0,26.8,151.1
Sheffield,2009,10,14.4,8.5,0.0,50.0,99.9
Sheffield,2009,11,10.4,5.8,0.0,161.6,73.8
Sheffield,2009,12,5.2,1.3,13.0,66.1,53.1
Sheffield,2010,1,3.4,0.1,14.0,48.6,59.7
Sheffield,2010,2,4.4,0.2,11.0,53.6,42.4
Sheffield,2010,3,9.9,3.0,8.0,56.4,130.6
Sheffield,2010,4,13.8,5.1,0.0,24.8,171.8
Sheffield,2010,5,15.2,7.1,0.0,21.2,187.9
Sheffield,2010,6,20.4,11.0,0.0,41.2,214.2
Sheffield,2010,7,21.0,13.5,0.0,68.3,142.1
Sheffield,2010,8,19.5,11.7,0.0,39.6,172.9
Sheffield,2010,9,17.8,10.8,0.0,67.8,131.5
Sheffield,2010,10,13.3,7.3,0.0,65.4,116.8
Sheffield,2010,11,7.4,3.0,6.0,112.7,70.2
Sheffield,2010,12,2.7,-1.9,20.0,18.8,51.4
Sheffield,2011,1,6.4,1.9,11.0,49.6,56.6
Sheffield,2011,2,8.8,4.2,1.0,104.2,49.4
Sheffield,2011,3,10.9,3.4,2.0,12.4,135.7
Sheffield,2011,4,17.1,7.5,0.0,11.2,188.1
Sheffield,2011,5,16.7,8.4,0.0,40.2,210.2
Sheffield,2011,6,19.4,10.0,0.0,47.8,222.9
Sheffield,2011,7,20.3,11.5,0.0,18.0,178.9
Sheffield,2011,8,20.1,12.2,0.0,42.0,171.4
Sheffield,2011,9,19.5,11.6,0.0,27.8,163.4
Sheffield,2011,10,15.9,9.2,0.0,57.2,115.3
Sheffield,2011,11,11.7,7.1,0.0,37.4,62.4
Sheffield,2011,12,8.1,3.6,0.0,124.6,44.6
Sheffield,2012,1,7.9,2.9,6.0,87.6,58.4
Sheffield,2012,2,7.6,2.3,11.0,26.2,73.3
Sheffield,2012,3,13.6,4.7,0.0,32.6,179.5
Sheffield,2012,4,10.7,3.9,1.0,180.6,102.6
Sheffield,2012,5,16.4,7.6,1.0,48.0,203.0
Sheffield,2012,6,17.3,10.3,0.0,166.6,107.3
Sheffield,2012,7,19.5,12.3,0.0,107.2,151.5
Sheffield,2012,8,20.9,12.5,0.0,99.2,141.3
Sheffield,2012,9,17.1,9.7,0.0,90.6,149.4
Sheffield,2012,10,12.2,6.1,0.0,61.2,111.4
Sheffield,2012,11,9.2,3.8,1.0,110.6,68.7
Sheffield,2012,12,7.0,2.3,5.0,136.0,57.7
Sheffield,2013,1,5.7,1.7,14.0,70.4,41.4
Sheffield,2013,2,5.2,0.6,10.0,63.4,77.6
Sheffield,2013,3,4.5,-0.2,18.0,63.4,73.0
Sheffield,2013,4,11.9,4.0,4.0,9.2,152.6
Sheffield,2013,5,15.5,6.9,0.0,84.2,176.9
Sheffield,2013,6,18.8,10.1,0.0,37.8,177.6
Sheffield,2013,7,24.0,13.7,0.0,56.6,243.5
Sheffield,2013,8,21.6,13.1,0.0,33.4,144.4
Sheffield,2013,9,17.5,10.2,0.0,47.2,119.8
Sheffield,2013,10,14.9,9.6,0.0,136.2,73.5
Sheffield,2013,11,9.1,3.9,1.0,56.6,82.3
Sheffield,2013,12,9.1,3.9,0.0,69.8,58.2
Sheffield,2014,1,7.8,3.0,4.0,124.2,48.9
Sheffield,2014,2,8.5,3.5,1.0,106.2,82.4
Sheffield,2014,3,11.6,4.2,2.0,48.6,137.2
Sheffield,2014,4,14.2,6.7,0.0,60.4,119.3
Sheffield,2014,5,16.6,8.5,0.0,123.8,143.9
Sheffield,2014,6,19.4,11.4,0.0,45.4,142.0
Sheffield,2014,7,23.2,13.3,0.0,20.0,236.6
Sheffield,2014,8,19.3,11.5,0.0,67.4,177.3
Sheffield,2014,9,18.4,10.9,0.0,9.6,107.4
Sheffield,2014,10,14.9,9.0,0.0,60.8,83.6
Sheffield,2014,11,10.5,6.0,0.0,95.8,48.0
Sheffield,2014,12,7.7,3.3,3.0,102.0,75.8
Sheffield,2015,1,6.9,2.2,8.0,84.2,68.1
Sheffield,2015,2,6.9,2.0,5.0,35.4,80.8
Sheffield,2015,3,9.8,3.2,1.0,71.4,114.8
Sheffield,2015,4,14.3,5.0,0.0,21.4,223.5
Sheffield,2015,5,14.8,7.7,0.0,83.6,164.4
Sheffield,2015,6,19.1,10.0,0.0,43.2,195.9
Sheffield,2015,7,20.8,12.0,0.0,30.0,187.8
Sheffield,2015,8,20.6,12.5,0.0,66.2,146.3
Sheffield,2015,9,16.9,8.7,0.0,29.2,141.1
Sheffield,2015,10,13.9,7.7,0.0,80.4,81.3
Sheffield,2015,11,12.2,6.5,1.0,126.8,51.7
Sheffield,2015,12,12.0,6.2,0.0,121.2,33.1
Sheffield,2016,1,8.0,3.0,3.0,84.8,40.3
Sheffield,2016,2,7.8,2.0,5.0,68.6,96.1
Sheffield,2016,3,9.1,2.9,2.0,87.2,98.6
Sheffield,2016,4,11.6,3.8,1.0,65.8,154.9
Sheffield,2016,5,16.9,7.9,0.0,58.2,164.5
Sheffield,2016,6,18.8,11.1,0.0,130.4,106.5
Sheffield,2016,7,21.3,13.5,0.0,30.0,178.0
Sheffield,2016,8,21.0,13.2,0.0,62.0,194.5
Sheffield,2016,9,19.9,12.5,0.0,44.2,113.5
Sheffield,2016,10,13.7,8.1,0.0,29.2,84.0
Sheffield,2016,11,8.4,3.7,2.0,95.6,71.9
Sheffield,2016,12,9.3,4.1,3.0,31.8,57.9
Sheffield,2017,1,6.7,2.2,8.0,41.6,53.8
Sheffield,2017,2,8.1,3.5,2.0,58.2,50.4
Sheffield,2017,3,12.3,5.5,1.0,62.6,143.0
Sheffield,2017,4,13.4,5.6,0.0,15.8,150.3
Sheffield,2017,5,17.9,9.0,0.0,53.2,180.1
Sheffield,2017,6,20.3,12.6,0.0,89.0,155.2
Sheffield,2017,7,21.2,12.6,0.0,78.2,152.2
Sheffield,2017,8,19.9,12.1,0.0,68.6,171.5
Sheffield,2017,9,17.3,10.3,0.0,70.4,103.6
Sheffield,2017,10,15.2,10.0,0.0,46.0,86.7
Sheffield,2017,11,9.7,4.7,0.0,43.2,72.8
Sheffield,2017,12,7.4,2.8,6.0,70.2,64.0
Sheffield,2018,1,7.2,3.0,3.0,124.2,39.1
Sheffield,2018,2,5.3,0.6,10.0,41.2,68.7
Sheffield,2018,3,7.5,1.7,7.0,113.2,61.4
Sheffield,2018,4,13.2,6.0,0.0,97.0,96.7
Sheffield,2018,5,19.4,8.7,0.0,36.8,251.4
Sheffield,2018,6,21.5,11.7,0.0,23.2,225.2
Sheffield,2018,7,25.4,13.9,0.0,23.2,252.3
Sheffield,2018,8,21.8,13.3,0.0,27.4,136.7
Sheffield,2018,9,18.0,10.2,0.0,88.6,146.6
Sheffield,2018,10,14.3,7.5,1.0,49.0,129.3
Sheffield,2018,11,10.3,5.7,1.0,73.6,56.2
Sheffield,2018,12,8.8,4.4,2.0,100.8,43.5
Sheffield,2019,1,6.6,2.8,5.0,27.4,50.0
Sheffield,2019,2,11.2,3.2,4.0,32.2,122.6
Sheffield,2019,3,11.5,4.7,0.0,118.2,132.9
Sheffield,2019,4,14.1,4.4,3.0,16.2,155.0
Sheffield,2019,5,16.1,7.8,0.0,43.8,181.4
Sheffield,2019,6,18.6,10.5,0.0,130.2,113.3
Sheffield,2019,7,22.7,14.1,0.0,126.0,157.6
Sheffield,2019,8,22.0,13.7,0.0,64.8,184.1
Sheffield,2019,9,18.1,10.5,0.0,139.2,152.0
Sheffield,2019,10,12.6,6.7,0.0,135.6,81.0
Sheffield,2019,11,7.9,3.9,4.0,200.0,29.0
Sheffield,2019,12,8.2,3.5,3.0,73.0,52.8
Sheffield,2020,1,9.2,4.2,2.0,53.8,54.8
Sheffield,2020,2,8.9,3.0,1.0,224.6,74.5
Sheffield,2020,3,10.6,2.8,4.0,43.6,135.6
Sheffield,2020,4,15.6,5.7,1.0,12.4,199.8
Sheffield,2020,5,18.4,7.7,1.0,5.4,251.9
Sheffield,2020,6,19.4,11.0,0.0,91.0,138.2
Sheffield,2020,7,19.7,12.3,0.0,79.4,123.7
Sheffield,2020,8,21.2,13.5,0.0,115.2,131.0
Sheffield,2020,9,18.5,10.3,0.0,25.4,143.5
Sheffield,2020,10,13.0,7.5,0.0,96.2,52.9
Sheffield,2020,11,11.0,5.7,1.0,38.6,48.8
Sheffield,2020,12,7.0,2.9,3.0,126.6,38.9
Sheffield,2021,1,5.2,0.9,12.0,145.2,42.2
Sheffield,2021,2,7.5,1.9,9.0,84.8,66.2
Sheffield,2021,3,11.1,4.4,2.0,68.2,94.5
Sheffield,2021,4,11.5,1.9,8.0,5.6,196.8
Sheffield,2021,5,14.9,6.2,0.0,130.2,125.9
Sheffield,2021,6,20.6,11.6,0.0,21.6,173.6
Sheffield,2021,7,22.8,14.1,0.0,69.4,171.0
Sheffield,2021,8,19.8,13.0,0.0,30.8,99.2
Sheffield,2021,9,20.2,12.6,0.0,46.4,129.6
Sheffield,2021,10,14.9,9.2,0.0,83.0,99.1
Sheffield,2021,11,10.4,5.7,2.0,52.0,53.3
Sheffield,2021,12,8.1,3.5,3.0,102.4,31.5
Sheffield,2022,1,8.0,2.6,3.0,25.8,85.7
Sheffield,2022,2,9.6,3.5,1.0,182.6,80.4
Sheffield,2022,3,11.9,3.7,3.0,46.4,150.0
Sheffield,2022,4,13.7,5.1,2.0,27.6,165.3
Sheffield,2022,5,17.8,9.6,0.0,28.4,138.3
Sheffield,2022,6,20.4,10.8,0.0,55.0,203.3
Sheffield,2022,7,23.2,14.5,0.0,23.8,187.8
Sheffield,2022,8,23.9,13.6,0.0,56.4,234.5
Sheffield,2022,9,18.4,11.1,0.0,50.0,124.8
Sheffield,2022,10,15.6,9.6,0.0,124.0,113.4
Sheffield,2022,11,10.9,6.6,0.0,122.8,37.7
Sheffield,2022,12,6.2,1.2,11.0,79.6,54.6
Sheffield,2023,1,7.9,2.9,7.0,82.8,78.4
Sheffield,2023,2,9.9,4.5,2.0,9.4,77.3
Sheffield,2023,3,10.1,3.9,6.0,110.2,79.1
Sheffield,2023,4,12.8,5.0,2.0,63.8,127.0
Sheffield,2023,5,17.9,8.9,0.0,18.6,186.4
Sheffield,2023,6,22.2,12.1,0.0,35.6,206.6
Sheffield,2023,7,20.1,12.6,0.0,162.0,112.2
Sheffield,2023,8,20.6,13.1,0.0,54.8,151.4
Sheffield,2023,9,20.9,12.8,0.0,76.6,127.8
Sheffield,2023,10,14.9,8.9,0.0,203.2,77.5
Sheffield,2023,11,9.4,5.0,2.0,108.2,68.1
Sheffield,2023,12,8.8,4.6,5.0,163.4,31.5
Sheffield,2024,1,7.0,2.6,6.0,72.0,54.9
Sheffield,2024,2,10.2,4.8,2.0,91.8,42.0
Sheffield,2024,3,11.1,4.4,1.0,94.4,75.6
Sheffield,2024,4,13.0,5.8,0.0,86.2,100.7
Sheffield,2024,5,18.5,10.5,0.0,58.4,117.5
Sheffield,2024,6,19.1,10.7,0.0,28.4,149.3
Sheffield,2024,7,21.1,12.4,0.0,86.4,159.4
Sheffield,2024,8,21.3,12.7,0.0,19.0,139.2
Sheffield,2024,9,16.7,10.4,0.0,143.2,92.0
Sheffield,2024,10,14.2,8.1,0.0,75.8,83.6
Sheffield,2024,11,9.6,4.5,7.0,62.8,58.8
Sheffield,2024,12,9.3,4.6,0.0,118.0,42.4
Sheffield,2025,1,5.7,1.0,9.0,100.6,81.6
Sheffield,2025,2,7.5,2.6,4.0,35.4,59.7
Sheffield,2025,3,12.6,3.6,3.0,28.8,173.0
Sheffield,2025,4,16.4,5.7,0.0,10.2,220.5
Sheffield,2025,5,18.6,8.2,0.0,31.8,210.7
Sheffield,2025,6,22.6,12.8,0.0,22.8,193.2
Sheffield,2025,7,22.9,14.2,0.0,48.8,165.3
Sheffield,2025,8,22.5,13.6,0.0,27.4,159.2
Sheffield,2025,9,18.4,9.9,0.0,111.5,139.8
Sheffield,2025,10,14.1,9.0,0.0,67.2,73.5
Sheffield,2025,11,10.8,5.5,4.0,153.4,59.3
Sheffield,2025,12,9.1,4.5,1.0,91.0,36.9
Sheffield,2026,1,6.4,1.8,6.0,118.8,44.2
Sheffield,2026,2,8.2,4.0,2.0,111.0,35.1
Sheffield,2026,3,12.0,4.8,0.0,51.6,140.1
Sheffield,2026,4,15.3,5.6,0.0,16.6,223.7
Sheffield,2026,5,18.7,8.8,0.0,50.4,200.3
Sheffield,2026,6,22.4,13.4,0.0,39.2,191.7
Sheffield,2026,7,24.8,14.7,0.0,8.0,254.8
Sheffield,2026,8,23.6,13.3,0.0,99.4,195.0
